# https://github.com/mikedh/trimesh
v -0.33224691 0.53758680 0.00000000
v 0.29266996 0.47354995 0.00000000
v -0.31685976 -0.51268986 0.00000000
v 0.29141390 -0.47151760 0.00000000
v 0.00000000 -0.27235527 0.44068008
v 0.00000000 0.31349199 0.50724070
v 0.00000000 -0.27830800 -0.45031180
v 0.00000000 0.30486604 -0.49328361
v 0.42890544 0.00000000 -0.26507814
v 0.53541086 0.00000000 0.33090211
v -0.43864786 0.00000000 -0.27109929
v -0.51851518 0.00000000 0.32046001
v 0.00000000 0.47014063 0.00000000
v 0.00000000 -0.47058458 0.00000000
v -0.16808893 -0.44006253 0.27197360
v 0.17953522 -0.47002930 0.29049409
v -0.16654188 0.43601229 0.26947041
v 0.18745557 0.49076506 0.30330949
v 0.00000000 0.00000000 0.48444481
v -0.17134991 -0.44859989 -0.27724998
v 0.16284017 -0.42632109 -0.26348092
v -0.17250007 0.45161104 -0.27911097
v 0.15695178 0.41090509 -0.25395331
v 0.00000000 0.00000000 -0.45989017
v 0.47713896 0.29488809 -0.18225086
v 0.41227401 -0.25479935 -0.15747466
v 0.27415239 -0.16943550 -0.44358789
v 0.27479814 0.16983459 -0.44463274
v 0.44162900 0.27294174 0.16868727
v 0.44834203 -0.27709061 0.17125142
v 0.27331181 -0.16891599 0.44222779
v 0.27459796 0.16971087 0.44430883
v 0.46778427 0.00000000 0.00000000
v -0.47381452 0.29283348 -0.18098104
v -0.41565069 -0.25688626 -0.15876444
v -0.29459409 -0.18206916 -0.47666325
v -0.27966633 0.17284329 -0.45250962
v -0.44197306 0.27315437 0.16881869
v -0.44799257 -0.27687463 0.17111793
v -0.31402594 -0.19407871 0.50810465
v -0.28429401 0.17570336 0.45999738
v -0.52992430 0.00000000 0.00000000
v -0.15022424 0.52881140 0.00000000
v 0.12961917 0.45627853 0.00000000
v -0.15023159 -0.52883728 0.00000000
v 0.13172002 -0.46367385 0.00000000
v -0.24009181 -0.47735675 0.14381093
v -0.09003906 -0.38890894 0.39354255
v -0.08892644 -0.52058444 0.14388600
v 0.23792273 -0.47304412 0.14251169
v 0.09214436 -0.39800241 0.40274437
v 0.08838396 -0.51740872 0.14300825
v 0.00000000 -0.51059236 0.31556343
v -0.24080731 0.47877934 0.14423951
v -0.09540252 0.41207550 0.41698512
v -0.08886397 0.52021872 0.14378492
v 0.23757017 0.47234317 0.14230052
v 0.10416192 0.44991031 0.45527071
v 0.08824203 0.51657782 0.14277860
v 0.00000000 0.53432446 0.33023068
v 0.00000000 -0.13048944 0.45934202
v 0.00000000 0.14347807 0.50506390
v -0.25890479 -0.51476120 -0.15507959
v -0.08860798 -0.38272760 -0.38728756
v -0.08242954 -0.48255094 -0.13337380
v 0.22865299 -0.45461379 -0.13695927
v 0.08893781 -0.38415226 -0.38872920
v 0.07362308 -0.43099704 -0.11912465
v 0.00000000 -0.44321634 -0.27392276
v -0.26888382 0.53460178 -0.16105686
v -0.08944827 0.38635708 -0.39096028
v -0.08141538 0.47661396 -0.13173286
v 0.22373601 0.44483772 -0.13401409
v 0.09082059 0.39228462 -0.39695845
v 0.07131893 0.41750827 -0.11539645
v 0.00000000 0.42953188 -0.26546530
v 0.00000000 -0.12784662 -0.45003888
v 0.00000000 0.14256829 -0.50186134
v 0.42971893 0.43483877 -0.09948728
v 0.45029285 0.13565752 -0.22647972
v 0.33614313 0.39356323 -0.24323545
v 0.39438642 -0.39908530 -0.09130720
v 0.41099210 -0.12381758 -0.20671298
v 0.32614336 -0.38185530 -0.23599955
v 0.13332574 -0.22258682 -0.44255287
v 0.39360485 -0.09005332 -0.38897050
v 0.23369678 -0.32296100 -0.37812933
v 0.12270400 -0.07583524 -0.44394723
v 0.37116846 -0.22939472 -0.31701571
v 0.14609863 0.24391110 -0.48495037
v 0.39077885 0.08940675 -0.38617778
v 0.23506047 0.32484557 -0.38033582
v 0.13105962 0.08099930 -0.47417814
v 0.38050074 0.23516239 -0.32498643
v 0.29159684 0.00000000 -0.47181360
v 0.40052284 0.40529483 0.09272788
v 0.49201567 0.14822715 0.24746467
v 0.31468932 0.36844467 0.22771133
v 0.50504228 0.31213329 0.00000000
v 0.38661905 -0.39122537 0.08950892
v 0.52054329 -0.15682153 0.26181295
v 0.32137014 -0.37626672 0.23254562
v 0.44219720 -0.27329290 0.00000000
v 0.12899539 -0.21535731 0.42817898
v 0.44388477 -0.10155692 0.43865842
v 0.23183629 -0.32038988 0.37511900
v 0.12421766 -0.07677073 0.44942370
v 0.40634109 -0.25113260 0.34705672
v 0.14752097 0.24628570 0.48967161
v 0.42206089 0.09656381 0.41709151
v 0.24412671 0.33737482 0.39500531
v 0.13199502 0.08157741 0.47756248
v 0.37093298 0.22924919 0.31681459
v 0.29293885 0.00000000 0.47398501
v 0.43027694 0.00000000 -0.12223266
v 0.52651315 0.00000000 0.14957135
v 0.48525498 0.13412118 -0.08289145
v 0.42162580 -0.11653450 -0.07202228
v 0.50841966 0.14052374 0.08684845
v 0.48375696 -0.13370713 0.08263555
v -0.45219936 0.45758704 -0.10469188
v -0.45731127 0.13777193 -0.23000971
v -0.36240118 0.42430669 -0.26223596
v -0.40036716 -0.40513728 -0.09269184
v -0.42942029 -0.12936935 -0.21598164
v -0.33198547 -0.38869536 -0.24022694
v -0.14229415 -0.23755954 -0.47232204
v -0.39667502 -0.09075575 -0.39200452
v -0.23433348 -0.32384091 -0.37915954
v -0.14340682 -0.08863029 -0.51885076
v -0.36744481 -0.22709338 -0.31383534
v -0.14315287 0.23899317 -0.47517242
v -0.39268898 0.08984378 -0.38806542
v -0.23195777 0.32055775 -0.37531555
v -0.14385350 0.08890635 -0.52046684
v -0.38151366 0.23578841 -0.32585157
v -0.31910085 0.00000000 -0.51631602
v -0.40936918 0.41424657 0.09477596
v -0.48692114 0.14669235 0.24490232
v -0.29714637 0.34790503 0.21501713
v -0.49574209 0.30638546 0.00000000
v -0.38897254 -0.39360691 0.09005379
v -0.50716664 -0.15279161 0.25508502
v -0.31746704 -0.37169689 0.22972131
v -0.44861522 -0.27725945 0.00000000
v -0.14200302 -0.23707350 0.47135568
v -0.46759429 -0.10698145 0.46208879
v -0.23757468 -0.32832013 0.38440391
v -0.14348774 -0.08868030 0.51914352
v -0.42046914 -0.25986422 0.35912352
v -0.14324849 0.23915282 0.47548982
v -0.43681196 0.09993872 0.43166889
v -0.21616323 0.29873023 0.34975945
v -0.14390350 0.08893725 0.52064776
v -0.36708983 0.22687399 0.31353214
v -0.33554081 0.00000000 0.54291643
v -0.49130533 0.00000000 -0.13956955
v -0.52809027 0.00000000 0.15001938
v -0.50721427 0.14019058 -0.08664254
v -0.48052390 -0.13281354 -0.08208328
v -0.51693110 0.14287624 0.08830237
v -0.50658589 -0.14001690 0.08653520
v -0.24111546 0.54698945 0.00000000
v -0.06937641 0.49809333 0.00000000
v 0.20594192 0.46719548 0.00000000
v 0.06340704 0.45523578 0.00000000
v -0.23703704 -0.53773722 0.00000000
v -0.06957434 -0.49951437 0.00000000
v 0.20930784 -0.47483134 0.00000000
v 0.06378681 -0.45796239 0.00000000
v -0.28054780 -0.50089423 0.07598021
v -0.20251293 -0.45569442 0.20714334
v -0.20249483 -0.52247867 0.07442041
v -0.04432210 -0.33651246 0.42845183
v -0.13187618 -0.42199046 0.33753859
v -0.04228774 -0.50785336 0.06842301
v -0.13230017 -0.49389070 0.21406618
v -0.11871279 -0.52119167 0.07161720
v -0.16586465 -0.50445822 0.14539652
v 0.26462491 -0.47246526 0.07166784
v 0.21113208 -0.47508922 0.21595956
v 0.18767611 -0.48424330 0.06897427
v 0.04420785 -0.33564502 0.42734739
v 0.13928109 -0.44568544 0.35649155
v 0.00000000 -0.40380502 0.40861611
v 0.04104285 -0.49290283 0.06640873
v 0.13770206 -0.51405651 0.22280661
v 0.11102526 -0.48744065 0.06697946
v 0.00000000 -0.52584867 0.14534100
v 0.16452756 -0.50039161 0.14422443
v -0.08980944 -0.48234835 0.29810767
v 0.09423076 -0.50609437 0.31278352
v -0.04745687 -0.45631273 0.36275523
v -0.04735573 -0.52518310 0.22986954
v 0.04863165 -0.46760862 0.37173513
v 0.04823498 -0.53493411 0.23413750
v -0.28733436 0.51301106 0.07781820
v -0.20028362 0.45067804 0.20486306
v -0.20378097 0.52579716 0.07489308
v -0.04924930 0.37392184 0.47608191
v -0.13388454 0.42841702 0.34267901
v -0.04217292 0.50647432 0.06823721
v -0.13267298 0.49528243 0.21466939
v -0.11847809 0.52016125 0.07147561
v -0.16591014 0.50459657 0.14543640
v 0.26375018 0.47090352 0.07143094
v 0.21401540 0.48157728 0.21890881
v 0.18547735 0.47857004 0.06816618
v 0.05117942 0.38857615 0.49473997
v 0.15134677 0.48429437 0.38737377
v 0.00000000 0.45064072 0.45600982
v 0.04087949 0.49094097 0.06614440
v 0.14003413 0.52276241 0.22657999
v 0.11002329 0.48304165 0.06637499
v 0.00000000 0.52538983 0.14521418
v 0.16421997 0.49945612 0.14395480
v -0.09212829 0.49480244 0.30580472
v 0.09926873 0.53315229 0.32950624
v -0.05054346 0.48599121 0.38634875
v -0.04792937 0.53154483 0.23265404
v 0.05300005 0.50961213 0.40512669
v 0.04905136 0.54398795 0.23810032
v 0.00000000 -0.19808976 0.44938224
v 0.00000000 -0.06571243 0.47178751
v 0.00000000 0.22527097 0.51104496
v 0.00000000 0.06903113 0.49561435
v -0.29526463 -0.52716988 -0.07996594
v -0.21505446 -0.48391537 -0.21997163
v -0.20823557 -0.53729098 -0.07653023
v -0.04448193 -0.33772594 -0.42999684
v -0.13012563 -0.41638887 -0.33305803
v -0.03913731 -0.47001834 -0.06332550
v -0.12894210 -0.48135467 -0.20863270
v -0.11620695 -0.51019013 -0.07010547
v -0.16869090 -0.51305393 -0.14787400
v 0.26272805 -0.46907857 -0.07115412
v 0.19491120 -0.43858902 -0.19936779
v 0.17786181 -0.45892036 -0.06536734
v 0.04443399 -0.33736198 -0.42953345
v 0.12876427 -0.41203268 -0.32957363
v 0.00000000 -0.38981220 -0.39445657
v 0.03656096 -0.43907770 -0.05915687
v 0.11669578 -0.43563783 -0.18881774
v 0.10032757 -0.44047398 -0.06052574
v 0.00000000 -0.44377622 -0.12265673
v 0.14541700 -0.44226907 -0.12747217
v -0.08371665 -0.44962521 -0.27788366
v 0.08099349 -0.43499964 -0.26884456
v -0.04425799 -0.42555450 -0.33830334
v -0.04122811 -0.45722672 -0.20012544
v 0.04410433 -0.42407696 -0.33712874
v 0.03951432 -0.43822057 -0.19180656
v -0.30913218 0.55192921 -0.08372166
v -0.22026443 0.49563884 -0.22530072
v -0.21087175 0.54409286 -0.07749907
v -0.04654924 0.35342184 -0.44998106
v -0.12975640 0.41520738 -0.33211299
v -0.03889967 0.46716438 -0.06294099
v -0.12809693 0.47819955 -0.20726519
v -0.11572215 0.50806168 -0.06981300
v -0.16948269 0.51546209 -0.14856809
v 0.26094065 0.46588732 -0.07067004
v 0.18817276 0.42342619 -0.19247528
v 0.17335503 0.44729195 -0.06371102
v 0.04735906 0.35957037 -0.45780944
v 0.12654607 0.40493464 -0.32389610
v 0.00000000 0.39855900 -0.40330758
v 0.03622288 0.43501757 -0.05860985
v 0.11140884 0.41590114 -0.18026330
v 0.09825791 0.43138741 -0.05927715
v 0.00000000 0.43450851 -0.12009520
v 0.14006302 0.42598554 -0.12277888
v -0.08228843 0.44195453 -0.27314292
v 0.07789052 0.41833422 -0.25854476
v -0.04385426 0.42167245 -0.33521723
v -0.04011000 0.44482676 -0.19469805
v 0.04353293 0.41858275 -0.33276101
v 0.03792307 0.42057330 -0.18408245
v 0.00000000 -0.20044779 -0.45473161
v 0.00000000 -0.06258258 -0.44931651
v 0.00000000 0.22493095 -0.51027359
v 0.00000000 0.06692349 -0.48048241
v 0.36631169 0.46639258 -0.04824696
v 0.46787294 0.37423872 -0.14621491
v 0.33065954 0.45881184 -0.12330475
v 0.43724235 0.06632491 -0.24489677
v 0.46669233 0.21214262 -0.20740046
v 0.24320170 0.40602432 -0.25093683
v 0.42135008 0.35842179 -0.22151685
v 0.28543551 0.43327954 -0.19143620
v 0.38903933 0.42202832 -0.17787351
v 0.35210071 -0.44829899 -0.04637523
v 0.41208067 -0.32961202 -0.12877927
v 0.32256324 -0.44757770 -0.12028560
v 0.41984518 -0.06368595 -0.23515272
v 0.40867858 -0.18577152 -0.18161885
v 0.24695336 -0.41228769 -0.25480781
v 0.38470289 -0.32724783 -0.20225028
v 0.28462951 -0.43205606 -0.19089563
v 0.36487257 -0.39581231 -0.16682418
v 0.06772691 -0.25007349 -0.44648494
v 0.20166488 -0.19715694 -0.44364238
v 0.11528251 -0.30914674 -0.42896142
v 0.06313923 -0.17179922 -0.44327763
v 0.41995912 -0.04344356 -0.32984216
v 0.34268055 -0.13388514 -0.42841893
v 0.41263810 -0.11089565 -0.29738274
v 0.20343557 -0.38695745 -0.32916566
v 0.25606082 -0.24816774 -0.41431510
v 0.16304740 -0.35661213 -0.38685142
v 0.28237700 -0.35564362 -0.31036236
v 0.18676717 -0.27847389 -0.42271208
v 0.05903312 -0.03648448 -0.43815918
v 0.19782137 -0.12226033 -0.45641089
v 0.05987576 -0.09925016 -0.43574375
v 0.12796511 -0.14597934 -0.44397935
v 0.39376448 -0.24335983 -0.23585826
v 0.33408178 -0.20647389 -0.39273668
v 0.40155019 -0.17741720 -0.26453288
v 0.35185334 -0.30705467 -0.27936757
v 0.38484307 -0.16220094 -0.35476077
v 0.31017650 -0.28220791 -0.35543065
v 0.07562045 0.27921942 -0.49852252
v 0.21105219 0.20633440 -0.46429350
v 0.12326755 0.33055977 -0.45867342
v 0.07182026 0.19541994 -0.50422399
v 0.42216727 0.04367198 -0.33157647
v 0.33768438 0.13193314 -0.42217273
v 0.42430108 0.11403005 -0.30578810
v 0.40021424 0.00000000 -0.39550208
v 0.20081562 0.38197401 -0.32492650
v 0.25839243 0.25042749 -0.41808774
v 0.16595512 0.36297181 -0.39375037
v 0.28263218 0.35596500 -0.31064283
v 0.19491196 0.29061794 -0.44114625
v 0.06187301 0.03823962 -0.45923759
v 0.20604149 0.12734064 -0.47537625
v 0.06668498 0.11053713 -0.48529760
v 0.12562481 0.00000000 -0.45451484
v 0.14071192 0.16052057 -0.48820484
v 0.43094055 0.26633590 -0.25812610
v 0.33084976 0.20447640 -0.38893722
v 0.42765765 0.18895228 -0.28173193
v 0.36619073 0.31956659 -0.29075129
v 0.38587312 0.16263508 -0.35571030
v 0.31053600 0.28253498 -0.35584259
v 0.28714781 -0.08650761 -0.46461491
v 0.28657481 0.08633499 -0.46368778
v 0.35408642 -0.04632279 -0.44540816
v 0.20451271 -0.04213193 -0.46725032
v 0.35152027 0.04598708 -0.44218018
v 0.20757916 0.04276366 -0.47425625
v 0.35695826 0.45448368 0.04701502
v 0.42473365 0.33973279 0.13273345
v 0.31790732 0.44111731 0.11854938
v 0.42844030 0.43354490 0.00000000
v 0.52041405 0.07894115 0.29148073
v 0.46317273 0.21054272 0.20583633
v 0.25620188 0.42772808 0.26435049
v 0.37693232 0.32063779 0.19816505
v 0.28347008 0.43029610 0.19011803
v 0.35426072 0.38430061 0.16197231
v 0.50509243 0.31216429 -0.09404421
v 0.47959706 0.29640729 0.08929717
v 0.48348569 0.38435694 -0.05028288
v 0.46512022 0.36975692 0.04837286
v 0.34754440 -0.44249783 0.04577512
v 0.41649405 -0.33314215 0.13015850
v 0.31607931 -0.43858082 0.11786770
v 0.39889279 -0.40364535 0.00000000
v 0.54063056 -0.08200778 0.30280387
v 0.48551450 -0.22069854 0.21576512
v 0.25244212 -0.42145116 0.26047114
v 0.39046140 -0.33214631 0.20527771
v 0.28367397 -0.43060559 0.19025477
v 0.35559199 -0.38574478 0.16258098
v 0.42934114 -0.26534742 -0.07993992
v 0.44876554 -0.27735235 0.08355659
v 0.42706260 -0.33950223 -0.04441484
v 0.42775495 -0.34005264 0.04448684
v 0.06580770 -0.24298701 0.43383264
v 0.19598869 -0.19160763 0.43115532
v 0.11296773 -0.30293933 0.42034824
v 0.06257495 -0.17026385 0.43931605
v 0.50611630 -0.05235627 0.39751129
v 0.36011417 -0.14069645 0.45021444
v 0.50496904 -0.13570940 0.36392441
v 0.20945160 -0.39840061 0.33889980
v 0.25295202 -0.24515477 0.40928496
v 0.16435699 -0.35947641 0.38995858
v 0.28230122 -0.35554817 0.31027906
v 0.18173739 -0.27097438 0.41132812
v 0.06221294 -0.03844971 0.46176059
v 0.19415426 -0.11999393 0.44795019
v 0.06167817 -0.10223784 0.44886074
v 0.12617382 -0.14393589 0.43776442
v 0.43712345 -0.27015715 0.26182956
v 0.34962748 -0.21608167 0.41101176
v 0.47707543 -0.21078657 0.31428733
v 0.36138178 -0.31536993 0.28693304
v 0.43444469 -0.18310668 0.40048514
v 0.31534501 -0.28691037 0.36135323
v 0.07711842 0.28475049 0.50839778
v 0.21109154 0.20637288 0.46438008
v 0.13078411 0.35071652 0.48664223
v 0.07178434 0.19532220 0.50397180
v 0.49126883 0.05082034 0.38584987
v 0.34536062 0.13493225 0.43176956
v 0.47045271 0.12643321 0.33904895
v 0.44769516 0.00000000 0.44242395
v 0.22219614 0.42264218 0.35952091
v 0.25988412 0.25187319 0.42050133
v 0.18281510 0.39984741 0.43375287
v 0.28161348 0.35468199 0.30952317
v 0.20120832 0.30000595 0.45539687
v 0.06441491 0.03981060 0.47810423
v 0.20444163 0.12635188 0.47168508
v 0.06755480 0.11197894 0.49162767
v 0.12825936 0.00000000 0.46404673
v 0.14024197 0.15998446 0.48657432
v 0.40451961 0.25000687 0.24230041
v 0.33096545 0.20454790 0.38907322
v 0.43599754 0.19263710 0.28722607
v 0.33942882 0.29621206 0.26950264
v 0.39967949 0.16845409 0.36843746
v 0.30432730 0.27688612 0.34872805
v 0.28814913 -0.08680928 0.46623509
v 0.28720731 0.08652554 0.46471119
v 0.37289822 -0.04878381 0.46907167
v 0.20265680 -0.04174960 0.46301013
v 0.36660570 0.04796060 0.46115626
v 0.20609592 0.04245810 0.47086749
v 0.42765251 0.00000000 -0.18851120
v 0.44386445 0.00000000 -0.06182320
v 0.44458850 0.06332595 -0.17230727
v 0.41560713 -0.05919792 -0.16107508
v 0.54366596 0.00000000 0.23965045
v 0.49761856 0.00000000 0.06931028
v 0.52789560 0.07519198 0.20459425
v 0.53676921 -0.07645591 0.20803336
v 0.49425353 0.21422344 -0.13239736
v 0.47183112 0.06356974 -0.03928826
v 0.46970087 0.13537865 -0.15443651
v 0.51054589 0.22346293 -0.04603589
v 0.45537351 0.06257310 -0.10372127
v 0.41751179 -0.18096140 -0.11184030
v 0.43890471 -0.05913357 -0.03654655
v 0.41129489 -0.11854469 -0.13523277
v 0.43460250 -0.19022295 -0.03918808
v 0.42036067 -0.05776196 -0.09574633
v 0.49065190 0.21266239 0.13143258
v 0.49623217 0.06685729 0.04132008
v 0.50648219 0.14597988 0.16653013
v 0.50767072 0.22220448 0.04577664
v 0.51606532 0.07091279 0.11754515
v 0.50034039 0.13829068 0.00000000
v 0.47971945 -0.20792395 0.12850407
v 0.47455881 -0.06393724 0.03951539
v 0.51082918 -0.14723278 0.16795941
v 0.45770435 -0.20033450 0.04127118
v 0.50896061 -0.06993653 0.11592690
v 0.44812234 -0.12385797 0.00000000
v -0.40372964 0.51403357 -0.05317528
v -0.47306721 0.37839348 -0.14783817
v -0.37560662 0.52117888 -0.14006576
v -0.44869887 0.06806274 -0.25131350
v -0.46611493 0.21188015 -0.20714385
v -0.26947999 0.44989582 -0.27805091
v -0.43360496 0.36884641 -0.22795962
v -0.32617413 0.49511911 -0.21875882
v -0.41819481 0.45365607 -0.19120375
v -0.37032800 -0.47150620 -0.04877595
v -0.41154927 -0.32918696 -0.12861321
v -0.34541682 -0.47928854 -0.12880782
v -0.43648280 -0.06620970 -0.24447135
v -0.42128381 -0.19150143 -0.18722067
v -0.25804822 -0.43081053 -0.26625555
v -0.38311412 -0.32589633 -0.20141501
v -0.30443546 -0.46212069 -0.20417911
v -0.37265263 -0.40425209 -0.17038131
v -0.06975204 -0.25755104 -0.45983547
v -0.21925291 -0.21435181 -0.48233427
v -0.11667120 -0.31287072 -0.43412869
v -0.06738807 -0.18336013 -0.47310717
v -0.42002182 -0.04345004 -0.32989140
v -0.35632759 -0.13921704 -0.44548046
v -0.41358954 -0.11115135 -0.29806843
v -0.20521345 -0.39033918 -0.33204234
v -0.26456052 -0.25640544 -0.42806791
v -0.16277381 -0.35601373 -0.38620228
v -0.28321405 -0.35669785 -0.31128236
v -0.19208807 -0.28640746 -0.43475491
v -0.06558585 -0.04053429 -0.48679525
v -0.22586849 -0.13959441 -0.52112086
v -0.06595555 -0.10932803 -0.47998922
v -0.14442024 -0.16475093 -0.50107098
v -0.39131821 -0.24184795 -0.23439299
v -0.33946093 -0.20979839 -0.39906026
v -0.40166844 -0.17746945 -0.26461078
v -0.34848713 -0.30411705 -0.27669483
v -0.38425964 -0.16195504 -0.35422295
v -0.30966384 -0.28174147 -0.35484319
v -0.07403981 0.27338310 -0.48810227
v -0.21093025 0.20621519 -0.46402525
v -0.11875817 0.31846723 -0.44189422
v -0.07209074 0.19615589 -0.50612290
v -0.42221756 0.04367718 -0.33161597
v -0.34369334 0.13428084 -0.42968513
v -0.42477666 0.11415786 -0.30613084
v -0.40338292 0.00000000 -0.39863344
v -0.20713409 0.39399245 -0.33514999
v -0.25431405 0.24647482 -0.41148878
v -0.16243283 0.35526795 -0.38539326
v -0.29388370 0.37013589 -0.32300944
v -0.18825118 0.28068657 -0.42607084
v -0.06711117 0.04147699 -0.49811657
v -0.21827764 0.13490300 -0.50360734
v -0.06961900 0.11540057 -0.50664985
v -0.14575396 0.00000000 -0.52734279
v -0.14502900 0.16544539 -0.50318309
v -0.43243119 0.26725717 -0.25901897
v -0.33088979 0.20450114 -0.38898428
v -0.42767071 0.18895805 -0.28174053
v -0.37564520 0.32781730 -0.29825803
v -0.38571073 0.16256663 -0.35556060
v -0.31115183 0.28309529 -0.35654827
v -0.31558326 -0.09507423 -0.51062445
v -0.30453648 0.09174622 -0.49275038
v -0.37051185 -0.04847162 -0.46606985
v -0.23721651 -0.04886929 -0.54196871
v -0.36469204 0.04771025 -0.45874906
v -0.23371603 0.04814815 -0.53397116
v -0.38174524 0.48604276 0.05027972
v -0.42550076 0.34034638 0.13297318
v -0.32805563 0.45519875 0.12233374
v -0.44537888 0.45068529 0.00000000
v -0.50710093 0.07692170 0.28402413
v -0.46339510 0.21064380 0.20593515
v -0.22986679 0.38376174 0.23717780
v -0.37240817 0.31678931 0.19578656
v -0.27316462 0.41465282 0.18320635
v -0.35265462 0.38255833 0.16123798
v -0.49587271 0.30646619 -0.09232757
v -0.47584455 0.29408810 0.08859848
v -0.48399016 0.38475798 -0.05033535
v -0.46545429 0.37002251 0.04840760
v -0.35961881 -0.45787112 0.04736544
v -0.41641557 -0.33307938 0.13013397
v -0.32123927 -0.44574061 0.11979188
v -0.40386971 -0.40868157 0.00000000
v -0.52129669 -0.07907504 0.29197509
v -0.48066009 -0.21849189 0.21360780
v -0.24132327 -0.40288828 0.24899865
v -0.39104793 -0.33264524 0.20558606
v -0.27866375 -0.42300028 0.18689451
v -0.35516341 -0.38527986 0.16238503
v -0.43636545 -0.26968868 -0.08124779
v -0.45162450 -0.27911929 0.08408890
v -0.42704358 -0.33948712 -0.04441286
v -0.42774236 -0.34004262 0.04448553
v -0.06870953 -0.25370167 0.45296275
v -0.22428536 -0.21927176 0.49340514
v -0.11606621 -0.31124835 0.43187755
v -0.06708239 -0.18252839 0.47096111
v -0.50569473 -0.05231266 0.39718019
v -0.40041352 -0.15644139 0.50059665
v -0.50215328 -0.13495267 0.36189513
v -0.20080321 -0.38195040 0.32490642
v -0.27822236 -0.26964616 0.45017324
v -0.16262024 -0.35567785 0.38583791
v -0.28004528 -0.35270690 0.30779955
v -0.19445752 -0.28994037 0.44011773
v -0.06729375 -0.04158982 0.49947169
v -0.22925487 -0.14168730 0.52893387
v -0.06692527 -0.11093544 0.48704633
v -0.14433469 -0.16465334 0.50077417
v -0.43926886 -0.27148308 0.26311462
v -0.38068731 -0.23527769 0.44752477
v -0.47688939 -0.21070437 0.31416477
v -0.36653603 -0.31986793 0.29102546
v -0.45413602 -0.19140604 0.41863725
v -0.33105696 -0.30120557 0.37935752
v -0.07485351 0.27638758 0.49346651
v -0.21089536 0.20618108 0.46394849
v -0.12072270 0.32373540 0.44920415
v -0.07207128 0.19610295 0.50598628
v -0.49093071 0.05078536 0.38558431
v -0.36310493 0.14186494 0.45395349
v -0.46904525 0.12605496 0.33803461
v -0.46756341 0.00000000 0.46205827
v -0.19146041 0.36417934 0.30978945
v -0.24775874 0.24012157 0.40088206
v -0.16045570 0.35094363 0.38070225
v -0.25128941 0.31648991 0.27619378
v -0.18528505 0.27626401 0.41935758
v -0.06847644 0.04232077 0.50824995
v -0.21975502 0.13581607 0.50701594
v -0.07008698 0.11617629 0.51005551
v -0.14585086 0.00000000 0.52769338
v -0.14500655 0.16541979 0.50310522
v -0.40321230 0.24919891 0.24151735
v -0.33119659 0.20469075 0.38934494
v -0.43597699 0.19262802 0.28721254
v -0.32495242 0.28357883 0.25800854
v -0.40516048 0.17076418 0.37349001
v -0.28545324 0.25971394 0.32710031
v -0.33488781 -0.10089001 0.54185986
v -0.31673048 0.09541984 0.51248068
v -0.41317547 -0.05405302 0.51973676
v -0.23933509 -0.04930574 0.54680904
v -0.39890455 0.05218605 0.50178525
v -0.23540920 0.04849696 0.53783956
v -0.46253609 0.00000000 -0.20388804
v -0.51646796 0.00000000 -0.07193570
v -0.47593926 0.06779146 -0.18445775
v -0.46120376 -0.06569258 -0.17874677
v -0.52503339 0.00000000 0.23143713
v -0.53153397 0.00000000 0.07403415
v -0.51829653 0.07382471 0.20087397
v -0.52280829 -0.07446736 0.20262258
v -0.49264415 0.21352588 -0.13196625
v -0.52249047 0.07039506 -0.04350654
v -0.48562648 0.13996878 -0.15967282
v -0.50672491 0.22179050 -0.04569136
v -0.50358966 0.06919850 -0.11470355
v -0.44530921 -0.19300958 -0.11928648
v -0.51292665 -0.06910653 -0.04271019
v -0.45439133 -0.13096608 -0.14940278
v -0.46530390 -0.20366077 -0.04195643
v -0.49074822 -0.06743395 -0.11177863
v -0.49042263 0.21256302 0.13137117
v -0.52957800 0.07134997 0.04409670
v -0.50529690 0.14563825 0.16614040
v -0.50515673 0.22110412 0.04554995
v -0.52584921 0.07225720 0.11977365
v -0.51893785 0.14343089 0.00000000
v -0.48367940 -0.20964031 0.12956484
v -0.52328275 -0.07050181 0.04357251
v -0.50762164 -0.14630829 0.16690477
v -0.47790410 -0.20917581 0.04309259
v -0.52324346 -0.07189914 0.11918013
v -0.49932608 -0.13801034 0.00000000
v 0.00000000 0.55000000 0.00000000
v 0.06000000 0.55000000 0.00000000
v 0.00000000 0.90000000 0.00000000
v 0.00000000 0.55000000 -0.06000000
v -0.06000000 0.55000000 -0.00000000
v -0.00000000 0.55000000 0.06000000
v 0.15000000 0.50000000 0.00000000
v 0.16986486 0.48581081 -0.01743715
v 0.25171668 0.64240336 0.00000000
v 0.13581081 0.51013513 -0.02441200
v 0.13013513 0.51418919 0.01743715
v 0.16418918 0.48986487 0.02441200
v 0.00000000 -0.55000000 0.00000000
v 0.05243220 -0.55000000 0.00000000
v 0.00000000 -1.04453373 0.00000000
v -0.02621610 -0.55000000 0.04540762
v -0.02621610 -0.55000000 -0.04540762
v -0.15000000 -0.50000000 0.00000000
v -0.13264069 -0.51239951 0.01523780
v -0.29372094 -0.70120933 0.00000000
v -0.16941794 -0.48613004 0.01085595
v -0.14794136 -0.50147045 -0.02609375
v 0.55000000 0.00000000 0.00000000
v 0.55000000 0.00000000 -0.03545596
v 0.97732521 0.00000000 0.00000000
v 0.55000000 0.03545596 -0.00000000
v 0.55000000 0.00000000 0.03545596
v 0.55000000 -0.03545596 0.00000000
v 0.50000000 -0.04310218 0.14367394
v 0.51018728 -0.04155447 0.12924809
v 0.67386441 -0.07878759 0.26262530
v 0.50154772 -0.02569187 0.14663483
v 0.48981272 -0.04464990 0.15809979
v 0.49845228 -0.06051249 0.14071306
v -0.55000000 0.00000000 0.00000000
v -0.55000000 0.00000000 0.02191856
v -0.79683508 0.00000000 0.00000000
v -0.55000000 0.01898203 -0.01095928
v -0.55000000 -0.01898203 -0.01095928
v -0.50000000 0.04310218 -0.14367394
v -0.50541165 0.04646229 -0.13475601
v -0.60042898 0.06371508 -0.21238360
v -0.49438424 0.05031588 -0.14971807
v -0.50020411 0.03252838 -0.14654774
v 0.00000000 0.00000000 0.55000000
v 0.02206483 0.00000000 0.55000000
v 0.00000000 0.00000000 0.76748180
v 0.00000000 0.02206483 0.55000000
v -0.02206483 0.00000000 0.55000000
v -0.00000000 -0.02206483 0.55000000
v -0.15000000 0.00000000 0.50000000
v -0.14102255 0.00000000 0.50641246
v -0.21320436 0.00000000 0.58848611
v -0.15000000 0.01103242 0.50000000
v -0.15897744 0.00000000 0.49358754
v -0.15000000 -0.01103242 0.50000000
v 0.00000000 0.00000000 -0.55000000
v 0.03578408 0.00000000 -0.55000000
v 0.00000000 0.00000000 -0.16773200
v -0.01789204 0.03098993 -0.55000000
v -0.01789204 -0.03098993 -0.55000000
v 0.31754265 0.31754265 0.31754265
v 0.35910098 0.30640713 0.28711984
v 0.60609163 0.60609163 0.60609163
v 0.30640713 0.35910098 0.28711984
v 0.27598431 0.32867817 0.34796546
v 0.32867817 0.27598431 0.34796546
v -0.31754265 0.31754265 -0.31754265
v -0.30486375 0.36486093 -0.28290326
v -0.54724997 0.54724997 -0.54724997
v -0.28290326 0.30486375 -0.36486093
v -0.36486093 0.28290326 -0.30486375
v 0.31754265 -0.31754265 -0.31754265
v 0.32856684 -0.27639981 -0.34766129
v 0.44792337 -0.44792337 -0.44792337
v 0.35868548 -0.30651846 -0.28742400
v 0.30651846 -0.35868548 -0.28742400
v 0.27639981 -0.32856684 -0.34766129
v 0.48168695 -0.01149392 -0.00000000
v 0.48540254 -0.02387924 -0.04310218
v 0.56202865 -0.00089141 -0.04310218
v 0.55831305 0.01149392 0.00000000
v 0.47281874 0.01806677 -0.03274937
v 0.54944485 0.04105460 -0.03274937
v 0.46910315 0.03045209 0.01035282
v 0.54572925 0.05343992 0.01035282
v 0.47797135 0.00089141 0.04310218
v 0.55459746 0.02387924 0.04310218
v 0.49055515 -0.04105460 0.03274937
v 0.56718126 -0.01806677 0.03274937
v 0.49427075 -0.05343992 -0.01035282
v 0.57089685 -0.03045209 -0.01035282
v 0.53986704 -0.00461583 -0.01792174
v 0.55999256 -0.01632904 -0.05296556
v 0.65052285 0.03198193 -0.01712209
v 0.63039733 0.04369514 0.01792174
v 0.53978586 0.02055233 -0.05163914
v 0.63031615 0.06886330 -0.01579566
v 0.51966034 0.03226554 -0.01659531
v 0.61019063 0.08057651 0.01924817
v 0.51974152 0.00709739 0.01712209
v 0.61027181 0.05540835 0.05296556
v 0.53994822 -0.02978399 0.01579566
v 0.63047851 0.01852698 0.05163914
v 0.56007374 -0.04149720 -0.01924817
v 0.65060403 0.00681377 0.01659531
v 0.62656920 0.02559606 -0.00288266
v 0.65690137 0.01690381 -0.02605866
v 0.72792883 0.08691966 0.04064057
v 0.69759667 0.09561190 0.06381657
v 0.63420758 0.04773433 -0.03425580
v 0.70523504 0.11775018 0.03244342
v 0.60387542 0.05642658 -0.01107980
v 0.67490288 0.12644243 0.05561943
v 0.59623704 0.03428830 0.02029335
v 0.66726451 0.10430415 0.08699258
v 0.61893083 0.00345778 0.02849049
v 0.68995829 0.07347362 0.09518972
v 0.64926299 -0.00523447 0.00531448
v 0.72029046 0.06478138 0.07201371
v 0.70626487 0.08247261 0.05275279
v 0.74047116 0.07777915 0.04179144
v 0.77285400 0.15306883 0.11060846
v 0.73864770 0.15776229 0.12156981
v 0.71930336 0.10204738 0.02520145
v 0.75168619 0.17733706 0.09401847
v 0.68509706 0.10674084 0.03616280
v 0.71747989 0.18203052 0.10497982
v 0.67205857 0.08716607 0.06371415
v 0.70444140 0.16245575 0.13253117
v 0.69322637 0.06289784 0.08030414
v 0.72560920 0.13818752 0.14912116
v 0.72743267 0.05820438 0.06934278
v 0.75981550 0.13349406 0.13815980
v 0.74853076 0.15290459 0.12259385
v 0.78180159 0.15227722 0.12134963
v 0.78470346 0.21469538 0.16747348
v 0.75143262 0.21532276 0.16871769
v 0.76462285 0.16974291 0.09879457
v 0.76752472 0.23216107 0.14491842
v 0.73135202 0.17037028 0.10003879
v 0.73425389 0.23278845 0.14616263
v 0.71525992 0.15353196 0.12383806
v 0.71816179 0.21595013 0.16996191
v 0.73243866 0.13606627 0.14639312
v 0.73534053 0.19848444 0.19251697
v 0.76570949 0.13543890 0.14514890
v 0.76861136 0.19785706 0.19127275
v 0.75604638 0.21520005 0.17378720
v 0.78598129 0.21788713 0.17818282
v 0.77878507 0.26182526 0.20033050
v 0.74885017 0.25913818 0.19593488
v 0.77334092 0.22864061 0.15274222
v 0.76614470 0.27257873 0.17488990
v 0.74340601 0.22595353 0.14834659
v 0.73620979 0.26989165 0.17049428
v 0.72611148 0.21251297 0.16939157
v 0.71891526 0.25645110 0.19153926
v 0.73875185 0.20175950 0.19483218
v 0.73155563 0.24569762 0.21697986
v 0.76868676 0.20444658 0.19922780
v 0.76149054 0.24838470 0.22137548
v 0.75059558 0.25558707 0.19853217
v 0.77706028 0.25996106 0.20436227
v 0.76853211 0.29781995 0.21467107
v 0.74206740 0.29344597 0.20884097
v 0.76761592 0.26473057 0.17903327
v 0.75908774 0.30258946 0.18934207
v 0.74115121 0.26035658 0.17320317
v 0.73262303 0.29821547 0.18351197
v 0.72413087 0.25121308 0.19270207
v 0.71560270 0.28907198 0.20301087
v 0.73357524 0.24644358 0.21803107
v 0.72504706 0.28430247 0.22833987
v 0.76003995 0.25081757 0.22386117
v 0.75151177 0.28867646 0.23416997
v 0.74369737 0.27983323 0.20991202
v 0.76758450 0.28354632 0.21404645
v 0.75835485 0.33727301 0.21912050
v 0.73446771 0.33355992 0.21498607
v 0.75885656 0.28421059 0.19113668
v 0.74962690 0.33793728 0.19621073
v 0.73496942 0.28049751 0.18700226
v 0.72573977 0.33422420 0.19207630
v 0.71981023 0.27612015 0.20577759
v 0.71058058 0.32984684 0.21085164
v 0.72853818 0.27545587 0.22868736
v 0.71930852 0.32918256 0.23376140
v 0.75242531 0.27916896 0.23282179
v 0.74319566 0.33289565 0.23789583
v 0.73326653 0.31008272 0.21650564
v 0.75481719 0.31111071 0.21754106
v 0.75075881 0.39567380 0.21805375
v 0.72920814 0.39464581 0.21701833
v 0.74493212 0.31075272 0.19833905
v 0.74087374 0.39531581 0.19885174
v 0.72338146 0.30972473 0.19730362
v 0.71932308 0.39428782 0.19781632
v 0.71171586 0.30905473 0.21547021
v 0.70765748 0.39361782 0.21598290
v 0.72160093 0.30941272 0.23467222
v 0.71754255 0.39397581 0.23518492
v 0.74315159 0.31044071 0.23570765
v 0.73909321 0.39500380 0.23622034
v 0.72256286 0.36863054 0.21585626
v 0.74107839 0.36693311 0.21410992
v 0.75152808 0.47815781 0.21679294
v 0.73301255 0.47985524 0.21853928
v 0.73035061 0.36830825 0.19888561
v 0.74080030 0.47953294 0.20156864
v 0.71183509 0.37000567 0.20063196
v 0.72228477 0.48123037 0.20331498
v 0.70404734 0.37032797 0.21760260
v 0.71449703 0.48155267 0.22028562
v 0.71477512 0.36895283 0.23282690
v 0.72522481 0.48017753 0.23550993
v 0.73329064 0.36725540 0.23108056
v 0.74374033 0.47848010 0.23376359
v 0.24084347 -0.01149392 0.41715313
v 0.28020199 -0.01487880 0.39560204
v 0.31851504 0.00810903 0.46196219
v 0.27915653 0.01149392 0.48351329
v 0.25759133 0.02402594 0.39517931
v 0.29590439 0.04701377 0.46153946
v 0.21823282 0.02741083 0.41673040
v 0.25654587 0.05039866 0.48309056
v 0.20148496 -0.00810903 0.43870423
v 0.23979801 0.01487880 0.50506438
v 0.22409561 -0.04701377 0.43912696
v 0.26240867 -0.02402594 0.50548711
v 0.26345413 -0.05039866 0.41757586
v 0.30176718 -0.02741083 0.48393602
v 0.28545420 -0.00461583 0.45857770
v 0.32714721 -0.00591327 0.45307175
v 0.34137099 0.04239770 0.54939502
v 0.29967799 0.04369514 0.55490098
v 0.30517709 0.02735712 0.43962924
v 0.31940087 0.07566808 0.53595251
v 0.26348408 0.02865456 0.44513520
v 0.27770787 0.07696552 0.54145847
v 0.24376120 -0.00331839 0.46408366
v 0.25798498 0.04499258 0.56040693
v 0.26573132 -0.03658877 0.47752616
v 0.27995510 0.01172220 0.57384944
v 0.30742432 -0.03788621 0.47202021
v 0.32164810 0.01042476 0.56834348
v 0.31578106 0.02559606 0.54118352
v 0.35417921 0.02796200 0.54844345
v 0.33192972 0.09797785 0.64330465
v 0.29353156 0.09561190 0.63604472
v 0.33702910 0.05423612 0.52502834
v 0.31477961 0.12425196 0.61988954
v 0.29863095 0.05187017 0.51776841
v 0.27638146 0.12188602 0.61262961
v 0.27738290 0.02323011 0.53392359
v 0.25513341 0.09324595 0.62878479
v 0.29453301 -0.00304401 0.55733870
v 0.27228351 0.06697184 0.65219990
v 0.33293116 -0.00067806 0.56459863
v 0.31068167 0.06933779 0.65945983
v 0.30744718 0.08247261 0.63801971
v 0.33990904 0.08899996 0.65271229
v 0.29650317 0.16428964 0.71516515
v 0.26404130 0.15776229 0.70047258
v 0.32933096 0.10730290 0.62329533
v 0.28592509 0.18259258 0.68574820
v 0.29686909 0.10077555 0.60860276
v 0.25346322 0.17606523 0.67105562
v 0.27498531 0.07594526 0.62332714
v 0.23157944 0.15123494 0.68578000
v 0.28556339 0.05764232 0.65274409
v 0.24215752 0.13293200 0.71519696
v 0.31802526 0.06416967 0.66743667
v 0.27461938 0.13945935 0.72988953
v 0.26809599 0.15290459 0.70954357
v 0.29524217 0.16288317 0.72604821
v 0.25674868 0.22530134 0.75162322
v 0.22960250 0.21532276 0.73511859
v 0.29031079 0.17271978 0.69461873
v 0.25181730 0.23513795 0.72019374
v 0.26316461 0.16274120 0.67811409
v 0.22467112 0.22515937 0.70368910
v 0.24094982 0.14292601 0.69303894
v 0.20245633 0.20534418 0.71861395
v 0.24588120 0.13308940 0.72446842
v 0.20738771 0.19550756 0.75004343
v 0.27302738 0.14306798 0.74097306
v 0.23453389 0.20548614 0.76654807
v 0.22751907 0.21520005 0.74164897
v 0.25208618 0.22640302 0.75556267
v 0.22930762 0.27034114 0.76040440
v 0.20474050 0.25913818 0.74649071
v 0.24950468 0.22839253 0.72536303
v 0.22672611 0.27233066 0.73020476
v 0.22493756 0.21718957 0.71144933
v 0.20215899 0.26112769 0.71629107
v 0.20295195 0.20399709 0.72773528
v 0.18017338 0.24793521 0.73257701
v 0.20553345 0.20200757 0.75793492
v 0.18275489 0.24594569 0.76277665
v 0.23010057 0.21321054 0.77184861
v 0.20732201 0.25714866 0.77669035
v 0.20336388 0.25558707 0.74930092
v 0.22767676 0.26459028 0.75831918
v 0.21448499 0.30244917 0.75608796
v 0.19017212 0.29344597 0.74706970
v 0.22331733 0.26148454 0.73139610
v 0.21012556 0.29934343 0.72916488
v 0.19900445 0.25248133 0.72237784
v 0.18581269 0.29034022 0.72014662
v 0.17905101 0.24658387 0.74028266
v 0.16585925 0.28444276 0.73805144
v 0.18341044 0.24968961 0.76720574
v 0.17021868 0.28754850 0.76497452
v 0.20772331 0.25869281 0.77622400
v 0.19453155 0.29655171 0.77399278
v 0.19005954 0.27983323 0.74901682
v 0.21384697 0.28423182 0.75305245
v 0.20483789 0.33795851 0.74759635
v 0.18105046 0.33355992 0.74356073
v 0.20576254 0.28055466 0.73019208
v 0.19675347 0.33428135 0.72473599
v 0.18197511 0.27615608 0.72615646
v 0.17296604 0.32988277 0.72070037
v 0.16627211 0.27543465 0.74498120
v 0.15726303 0.32916134 0.73952511
v 0.17435654 0.27911180 0.76784156
v 0.16534746 0.33283849 0.76238547
v 0.19814397 0.28351039 0.77187719
v 0.18913489 0.33723708 0.76642109
v 0.17913388 0.31008272 0.74328026
v 0.20071471 0.31073820 0.74391125
v 0.19824152 0.39530129 0.74065293
v 0.17666069 0.39464581 0.74002194
v 0.19049196 0.30970714 0.72491145
v 0.18801877 0.39427022 0.72165314
v 0.16891113 0.30905165 0.72428046
v 0.16643794 0.39361474 0.72102214
v 0.15755305 0.30942724 0.74264927
v 0.15507986 0.39399032 0.73939095
v 0.16777580 0.31045831 0.76164906
v 0.16530261 0.39502139 0.75839074
v 0.18935663 0.31111379 0.76228005
v 0.18688344 0.39567687 0.75902174
v 0.17434443 0.36863054 0.73368593
v 0.19300791 0.36818900 0.73320107
v 0.19590919 0.47941370 0.74359227
v 0.17724571 0.47985524 0.74407713
v 0.18329379 0.36992366 0.71734602
v 0.18619507 0.48114836 0.72773723
v 0.16463031 0.37036519 0.71783088
v 0.16753158 0.48158989 0.72822209
v 0.15568095 0.36907207 0.73417078
v 0.15858222 0.48029677 0.74456199
v 0.16539507 0.36733742 0.75002583
v 0.16829635 0.47856212 0.76041704
v 0.18405855 0.36689588 0.74954097
v 0.18695983 0.47812058 0.75993218
v -0.24084347 -0.01149392 0.41715313
v -0.20148496 -0.00810903 0.43870423
v -0.23979801 0.01487880 0.50506438
v -0.27915653 0.01149392 0.48351329
v -0.21823282 0.02741083 0.41673040
v -0.25654587 0.05039866 0.48309056
v -0.25759133 0.02402594 0.39517931
v -0.29590439 0.04701377 0.46153946
v -0.28020199 -0.01487880 0.39560204
v -0.31851504 0.00810903 0.46196219
v -0.26345413 -0.05039866 0.41757586
v -0.30176718 -0.02741083 0.48393602
v -0.22409561 -0.04701377 0.43912696
v -0.26240867 -0.02402594 0.50548711
v -0.25441284 -0.00461583 0.47649944
v -0.22566099 0.00381929 0.50603731
v -0.30196750 0.05213026 0.56651711
v -0.33071935 0.04369514 0.53697924
v -0.23273189 0.03141481 0.47507289
v -0.30903840 0.07972578 0.53555269
v -0.26148373 0.02297969 0.44553502
v -0.33779024 0.07129066 0.50601482
v -0.28316468 -0.01305095 0.44696157
v -0.35947119 0.03526002 0.50744137
v -0.27609379 -0.04064647 0.47792599
v -0.35240030 0.00766450 0.53840579
v -0.24734194 -0.03221135 0.50746386
v -0.32364845 0.01609962 0.56794366
v -0.31078815 0.02559606 0.54406618
v -0.29080162 0.03998060 0.57450211
v -0.38407858 0.10999645 0.60266409
v -0.40406511 0.09561190 0.57222815
v -0.28833750 0.05734242 0.53949900
v -0.38161446 0.12735827 0.56766097
v -0.30832403 0.04295787 0.50906307
v -0.40160099 0.11297372 0.53722504
v -0.33077467 0.01121151 0.51363024
v -0.42405163 0.08122735 0.54179222
v -0.33323879 -0.00615031 0.54863335
v -0.42651575 0.06386554 0.57679533
v -0.31325227 0.00823424 0.57906929
v -0.40652923 0.07825008 0.60723126
v -0.39881769 0.08247261 0.58526692
v -0.38190907 0.10166180 0.61092085
v -0.45769777 0.17695148 0.60455669
v -0.47460639 0.15776229 0.57890276
v -0.37374505 0.10693007 0.57602322
v -0.44953376 0.18221975 0.56965906
v -0.39065367 0.08774088 0.55036929
v -0.46644238 0.16303056 0.54400513
v -0.41572631 0.06328342 0.55961299
v -0.49151501 0.13857310 0.55324884
v -0.42389033 0.05801515 0.59451062
v -0.49967903 0.13330483 0.58814647
v -0.40698171 0.07720434 0.62016455
v -0.48277041 0.15249402 0.61380040
v -0.48043476 0.15290459 0.58694973
v -0.45999837 0.17230103 0.60469858
v -0.50139372 0.23471920 0.58414975
v -0.52183012 0.21532276 0.56640089
v -0.45341875 0.16611281 0.57264699
v -0.49481411 0.22853097 0.55209815
v -0.47385515 0.14671637 0.55489813
v -0.51525051 0.20913453 0.53434930
v -0.50087116 0.13350815 0.56920087
v -0.54226652 0.19592632 0.54865204
v -0.50745077 0.13969637 0.60125247
v -0.54884613 0.20211454 0.58070363
v -0.48701437 0.15909281 0.61900132
v -0.52840973 0.22151098 0.59845249
v -0.52852732 0.21520005 0.56786178
v -0.50272681 0.22809892 0.57737985
v -0.51830916 0.27203704 0.56007390
v -0.54410967 0.25913818 0.55055583
v -0.50445632 0.21645645 0.54937802
v -0.52003867 0.26039457 0.53207207
v -0.53025683 0.20355759 0.53985995
v -0.54583918 0.24749571 0.52255400
v -0.55432783 0.20230119 0.55834370
v -0.56991018 0.24623931 0.54103775
v -0.55259832 0.21394366 0.58634553
v -0.56818066 0.25788178 0.56903958
v -0.52679781 0.22684252 0.59586361
v -0.54238015 0.27078064 0.57855766
v -0.54723169 0.25558707 0.55076875
v -0.52032014 0.25995815 0.55395691
v -0.52498373 0.29781704 0.54141690
v -0.55189528 0.29344597 0.53822874
v -0.52999045 0.25081474 0.52994888
v -0.53465404 0.28867363 0.51740887
v -0.55690201 0.24644366 0.52676072
v -0.56156560 0.28430255 0.51422071
v -0.57414325 0.25121600 0.54758059
v -0.57880684 0.28907489 0.53504058
v -0.56447293 0.26035941 0.57158862
v -0.56913652 0.29821830 0.55904861
v -0.53756138 0.26473048 0.57477678
v -0.54222497 0.30258938 0.56223677
v -0.55363783 0.27983323 0.53910480
v -0.52911332 0.27971318 0.53900600
v -0.52889274 0.33343987 0.52847586
v -0.55341725 0.33355992 0.52857467
v -0.54147954 0.27568861 0.51821285
v -0.54125897 0.32941530 0.50768271
v -0.56600405 0.27580866 0.51831165
v -0.56578347 0.32953535 0.50778152
v -0.57816233 0.27995328 0.53920361
v -0.57794176 0.33367997 0.52867347
v -0.56579611 0.28397786 0.55999676
v -0.56557554 0.33770455 0.54946662
v -0.54127161 0.28385781 0.55989795
v -0.54105103 0.33758450 0.54936781
v -0.55413264 0.31008272 0.52677462
v -0.53254057 0.30965993 0.52637019
v -0.53095538 0.39422302 0.52259918
v -0.55254746 0.39464581 0.52300361
v -0.54370276 0.30904498 0.50788811
v -0.54211757 0.39360807 0.50411710
v -0.56529483 0.30946777 0.50829254
v -0.56370964 0.39403086 0.50452153
v -0.57572472 0.31050551 0.52717905
v -0.57413953 0.39506860 0.52340804
v -0.56456253 0.31112046 0.54566114
v -0.56297735 0.39568355 0.54189013
v -0.54297046 0.31069767 0.54525671
v -0.54138527 0.39526076 0.54148570
v -0.54821844 0.36863054 0.51782967
v -0.52962315 0.36980511 0.51909115
v -0.53717156 0.48102981 0.52679933
v -0.55576685 0.47985524 0.52553785
v -0.53790359 0.37040246 0.50236293
v -0.54545200 0.48162716 0.51007112
v -0.55649887 0.36922789 0.50110145
v -0.56404728 0.48045259 0.50880964
v -0.56681372 0.36745597 0.51656818
v -0.57436213 0.47868067 0.52427637
v -0.55853329 0.36685862 0.53329640
v -0.56608170 0.47808332 0.54100458
v -0.53993800 0.36803319 0.53455788
v -0.54748641 0.47925789 0.54226607
v -0.48168695 -0.01149392 0.00000000
v -0.47797135 0.00089141 0.04310218
v -0.55459746 0.02387924 0.04310218
v -0.55831305 0.01149392 0.00000000
v -0.46910315 0.03045209 0.01035282
v -0.54572925 0.05343992 0.01035282
v -0.47281874 0.01806677 -0.03274937
v -0.54944485 0.04105460 -0.03274937
v -0.48540254 -0.02387924 -0.04310218
v -0.56202865 -0.00089141 -0.04310218
v -0.49427075 -0.05343992 -0.01035282
v -0.57089685 -0.03045209 -0.01035282
v -0.49055515 -0.04105460 0.03274937
v -0.56718126 -0.01806677 0.03274937
v -0.53986704 -0.00461583 0.01792174
v -0.54134035 0.01862348 0.05296556
v -0.63187065 0.06693444 0.01712209
v -0.63039733 0.04369514 -0.01792174
v -0.52047787 0.03270181 0.01924817
v -0.61100816 0.08101278 -0.01659531
v -0.51900456 0.00946251 -0.01579566
v -0.60953485 0.05777347 -0.05163914
v -0.53839373 -0.02785513 -0.01712209
v -0.62892402 0.02045584 -0.05296556
v -0.55925621 -0.04193347 0.01659531
v -0.64978651 0.00637750 -0.01924817
v -0.56072952 -0.01869416 0.05163914
v -0.65125982 0.02961681 0.01579566
v -0.62656920 0.02559606 0.00288266
v -0.61831294 0.05604978 0.02605866
v -0.68934040 0.12606563 -0.04064057
v -0.69759667 0.09561190 -0.06381657
v -0.59606737 0.04872974 -0.00531448
v -0.66709484 0.11874559 -0.07201371
v -0.60432364 0.01827602 -0.02849049
v -0.67535110 0.08829187 -0.09518972
v -0.63482547 -0.00485767 -0.02029335
v -0.70585294 0.06515818 -0.08699258
v -0.65707104 0.00246237 0.01107980
v -0.72809850 0.07247821 -0.05561943
v -0.64881477 0.03291609 0.03425580
v -0.71984224 0.10293194 -0.03244342
v -0.70626487 0.08247261 -0.05275279
v -0.67933164 0.10407587 -0.04179144
v -0.71171447 0.17936554 -0.11060846
v -0.73864770 0.15776229 -0.12156981
v -0.67408929 0.08114790 -0.06934278
v -0.70647212 0.15643757 -0.13815980
v -0.70102251 0.05954464 -0.08030414
v -0.73340534 0.13483432 -0.14912116
v -0.73319809 0.06086936 -0.06371415
v -0.76558093 0.13615903 -0.13253117
v -0.73844045 0.08379733 -0.03616280
v -0.77082328 0.15908700 -0.10497982
v -0.71150722 0.10540058 -0.02520145
v -0.74389005 0.18069025 -0.09401847
v -0.74853076 0.15290459 -0.12259385
v -0.71534523 0.15536682 -0.12134963
v -0.71824709 0.21778499 -0.16747348
v -0.75143262 0.21532276 -0.16871769
v -0.72980564 0.13710810 -0.14514890
v -0.73270750 0.19952626 -0.19127275
v -0.76299116 0.13464586 -0.14639312
v -0.76589303 0.19706403 -0.19251697
v -0.78171628 0.15044236 -0.12383806
v -0.78461815 0.21286052 -0.16996191
v -0.76725588 0.16870108 -0.10003879
v -0.77015774 0.23111925 -0.14616263
v -0.73407035 0.17116332 -0.09879457
v -0.73697221 0.23358148 -0.14491842
v -0.75604638 0.21520005 -0.17378720
v -0.72681829 0.20819737 -0.17818282
v -0.71962207 0.25213549 -0.20033050
v -0.74885017 0.25913818 -0.19593488
v -0.74749684 0.20097608 -0.19922780
v -0.74030062 0.24491420 -0.22137548
v -0.77672493 0.20797876 -0.19483218
v -0.76952871 0.25191688 -0.21697986
v -0.78527448 0.22220273 -0.16939157
v -0.77807826 0.26614086 -0.19153926
v -0.76459593 0.22942403 -0.14834659
v -0.75739971 0.27336215 -0.17049428
v -0.73536784 0.22242135 -0.15274222
v -0.72817162 0.26635947 -0.17488990
v -0.75059558 0.25558707 -0.19853217
v -0.72481154 0.24819140 -0.20436227
v -0.71628337 0.28605029 -0.21467107
v -0.74206740 0.29344597 -0.20884097
v -0.74410840 0.24722879 -0.22386117
v -0.73558023 0.28508769 -0.23416997
v -0.76989244 0.25462447 -0.21803107
v -0.76136426 0.29248336 -0.22833987
v -0.77637961 0.26298275 -0.19270207
v -0.76785144 0.30084164 -0.20301087
v -0.75708275 0.26394535 -0.17320317
v -0.74855458 0.30180424 -0.18351197
v -0.73129872 0.25654968 -0.17903327
v -0.72277054 0.29440857 -0.18934207
v -0.74369737 0.27983323 -0.20991202
v -0.71994054 0.27536161 -0.21404645
v -0.71071089 0.32908830 -0.21912050
v -0.73446771 0.33355992 -0.21498607
v -0.73569149 0.27629427 -0.23282179
v -0.72646184 0.33002096 -0.23789583
v -0.75944832 0.28076590 -0.22868736
v -0.75021867 0.33449259 -0.23376140
v -0.76745419 0.28430486 -0.20577759
v -0.75822454 0.33803155 -0.21085164
v -0.75170324 0.28337219 -0.18700226
v -0.74247359 0.33709888 -0.19207630
v -0.72794642 0.27890057 -0.19113668
v -0.71871676 0.33262726 -0.19621073
v -0.73326653 0.31008272 -0.21650564
v -0.71171646 0.30904220 -0.21754106
v -0.70765808 0.39360529 -0.21805375
v -0.72920814 0.39464581 -0.21701833
v -0.72339261 0.30949243 -0.23570765
v -0.71933423 0.39405552 -0.23622034
v -0.74494267 0.31053295 -0.23467222
v -0.74088429 0.39509603 -0.23518492
v -0.75481659 0.31112324 -0.21547021
v -0.75075821 0.39568632 -0.21598290
v -0.74314044 0.31067301 -0.19730362
v -0.73908206 0.39523610 -0.19781632
v -0.72159038 0.30963250 -0.19833905
v -0.71753200 0.39419558 -0.19885174
v -0.72256286 0.36863054 -0.21585626
v -0.70405519 0.37041148 -0.21410992
v -0.71450487 0.48163618 -0.21679294
v -0.73301255 0.47985524 -0.21853928
v -0.71176668 0.36927760 -0.23108056
v -0.72221637 0.48050230 -0.23376359
v -0.73027436 0.36749666 -0.23282690
v -0.74072405 0.47872136 -0.23550993
v -0.74107054 0.36684959 -0.21760260
v -0.75152023 0.47807429 -0.22028562
v -0.73335905 0.36798347 -0.20063196
v -0.74380873 0.47920817 -0.20331498
v -0.71485137 0.36976442 -0.19888561
v -0.72530106 0.48098912 -0.20156864
v -0.24084347 -0.01149392 -0.41715313
v -0.25637846 0.02482708 -0.39560204
v -0.29469151 0.04781491 -0.46196219
v -0.27915653 0.01149392 -0.48351329
v -0.21715607 0.02676478 -0.41757586
v -0.25546912 0.04975261 -0.48393602
v -0.20162108 -0.00955621 -0.43912696
v -0.23993413 0.01343162 -0.50548711
v -0.22530849 -0.04781491 -0.43870423
v -0.26362154 -0.02482708 -0.50506438
v -0.26453088 -0.04975261 -0.41673040
v -0.30284393 -0.02676478 -0.48309056
v -0.28006587 -0.01343162 -0.39517931
v -0.31837892 0.00955621 -0.46153946
v -0.28545420 -0.00461583 -0.45857770
v -0.24970979 0.01688597 -0.45307175
v -0.26393357 0.06519693 -0.54939502
v -0.29967799 0.04369514 -0.55490098
v -0.24896090 -0.02067333 -0.47202021
v -0.26318468 0.02763764 -0.56834348
v -0.28470531 -0.04217512 -0.47752616
v -0.29892909 0.00613585 -0.57384944
v -0.32119861 -0.02611762 -0.46408366
v -0.33542240 0.02219335 -0.56040693
v -0.32194751 0.01144167 -0.44513520
v -0.33617129 0.05975264 -0.54145847
v -0.28620310 0.03294347 -0.43962924
v -0.30042688 0.08125443 -0.53595251
v -0.31578106 0.02559606 -0.54118352
v -0.28306094 0.00536218 -0.54844345
v -0.26081144 0.07537803 -0.64330465
v -0.29353156 0.09561190 -0.63604472
v -0.31694404 -0.00575841 -0.56459863
v -0.29469455 0.06425744 -0.65945983
v -0.34966417 0.01447546 -0.55733870
v -0.32741467 0.08449131 -0.65219990
v -0.34850118 0.04582993 -0.53392359
v -0.32625168 0.11584578 -0.62878479
v -0.31461807 0.05695052 -0.51776841
v -0.29236857 0.12696637 -0.61262961
v -0.28189795 0.03671665 -0.52502834
v -0.25964845 0.10673250 -0.61988954
v -0.30744718 0.08247261 -0.63801971
v -0.28553239 0.05765083 -0.65271229
v -0.24212651 0.13294050 -0.71516515
v -0.26404130 0.15776229 -0.70047258
v -0.31798607 0.06414708 -0.66743667
v -0.27458020 0.13943676 -0.72988953
v -0.33990086 0.08896887 -0.65274409
v -0.29649499 0.16425854 -0.71519696
v -0.32936196 0.10729439 -0.62332714
v -0.28595609 0.18258407 -0.68578000
v -0.29690828 0.10079814 -0.60860276
v -0.25350240 0.17608781 -0.67105562
v -0.27499349 0.07597636 -0.62329533
v -0.23158761 0.15126603 -0.68574820
v -0.26809599 0.15290459 -0.70954357
v -0.24699259 0.13312750 -0.72604821
v -0.20849910 0.19554566 -0.75162322
v -0.22960250 0.21532276 -0.73511859
v -0.27467176 0.14408207 -0.74097306
v -0.23617827 0.20650024 -0.76654807
v -0.29577516 0.16385916 -0.72446842
v -0.25728167 0.22627733 -0.75004343
v -0.28919939 0.17268168 -0.69303894
v -0.25070591 0.23509985 -0.71861395
v -0.26152023 0.16172711 -0.67811409
v -0.22302674 0.22414527 -0.70368910
v -0.24041683 0.14195001 -0.69461873
v -0.20192334 0.20436818 -0.72019374
v -0.22751907 0.21520005 -0.74164897
v -0.20420491 0.20158023 -0.75556267
v -0.18142634 0.24551835 -0.76040440
v -0.20474050 0.25913818 -0.74649071
v -0.22765710 0.21194378 -0.77184861
v -0.20487853 0.25588191 -0.77669035
v -0.25097126 0.22556361 -0.75793492
v -0.22819269 0.26950173 -0.76277665
v -0.25083322 0.22881988 -0.72773528
v -0.22805466 0.27275800 -0.73257701
v -0.22738103 0.21845632 -0.71144933
v -0.20460246 0.26239445 -0.71629107
v -0.20406687 0.20483650 -0.72536303
v -0.18128831 0.24877462 -0.73020476
v -0.20336388 0.25558707 -0.74930092
v -0.17872072 0.24753176 -0.75831918
v -0.16552896 0.28539066 -0.75608796
v -0.19017212 0.29344597 -0.74706970
v -0.19801840 0.25531118 -0.77622400
v -0.18482664 0.29317007 -0.77399278
v -0.22266157 0.26336649 -0.76720574
v -0.20946980 0.30122538 -0.76497452
v -0.22800705 0.26364238 -0.74028266
v -0.21481528 0.30150127 -0.73805144
v -0.20870936 0.25586296 -0.72237784
v -0.19551760 0.29372186 -0.72014662
v -0.18406620 0.24780766 -0.73139610
v -0.17087444 0.28566655 -0.72916488
v -0.19005954 0.27983323 -0.74901682
v -0.16613843 0.27623189 -0.75305245
v -0.15712935 0.32995858 -0.74759635
v -0.18105046 0.33355992 -0.74356073
v -0.18121784 0.28067216 -0.77187719
v -0.17220876 0.33439885 -0.76642109
v -0.20513896 0.28427351 -0.76784156
v -0.19612988 0.33800020 -0.76238547
v -0.21398065 0.28343458 -0.74498120
v -0.20497158 0.33716127 -0.73952511
v -0.19890124 0.27899431 -0.72615646
v -0.18989216 0.33272100 -0.72070037
v -0.17498013 0.27539296 -0.73019208
v -0.16597105 0.32911965 -0.72473599
v -0.17913388 0.31008272 -0.74328026
v -0.15755163 0.30947582 -0.74391125
v -0.15507844 0.39403891 -0.74065293
v -0.17666069 0.39464581 -0.74002194
v -0.16886835 0.31051457 -0.76228005
v -0.16639515 0.39507766 -0.75902174
v -0.19045060 0.31112147 -0.76164906
v -0.18797740 0.39568456 -0.75839074
v -0.20071613 0.31068962 -0.74264927
v -0.19824294 0.39525271 -0.73939095
v -0.18939942 0.30965087 -0.72428046
v -0.18692622 0.39421396 -0.72102214
v -0.16781717 0.30904397 -0.72491145
v -0.16534397 0.39360706 -0.72165314
v -0.17434443 0.36863054 -0.73368593
v -0.15568331 0.36916261 -0.73320107
v -0.15858458 0.48038731 -0.74359227
v -0.17724571 0.47985524 -0.74407713
v -0.16455308 0.36740468 -0.74954097
v -0.16745436 0.47862938 -0.75993218
v -0.18321420 0.36687261 -0.75002583
v -0.18611548 0.47809731 -0.76041704
v -0.19300555 0.36809847 -0.73417078
v -0.19590683 0.47932317 -0.74456199
v -0.18413578 0.36985640 -0.71783088
v -0.18703705 0.48108109 -0.72822209
v -0.16547465 0.37038847 -0.71734602
v -0.16837593 0.48161316 -0.72773723
v 0.24084347 -0.01149392 -0.41715313
v 0.22530849 -0.04781491 -0.43870423
v 0.26362154 -0.02482708 -0.50506438
v 0.27915653 0.01149392 -0.48351329
v 0.20162108 -0.00955621 -0.43912696
v 0.23993413 0.01343162 -0.50548711
v 0.21715607 0.02676478 -0.41757586
v 0.25546912 0.04975261 -0.48393602
v 0.25637846 0.02482708 -0.39560204
v 0.29469151 0.04781491 -0.46196219
v 0.28006587 -0.01343162 -0.39517931
v 0.31837892 0.00955621 -0.46153946
v 0.26453088 -0.04975261 -0.41673040
v 0.30284393 -0.02676478 -0.48309056
v 0.25441284 -0.00461583 -0.47649944
v 0.24973978 -0.03421283 -0.50603731
v 0.32604629 0.01409814 -0.56651711
v 0.33071935 0.04369514 -0.53697924
v 0.22644456 0.00079579 -0.50746386
v 0.30275107 0.04910675 -0.56794366
v 0.23111761 0.03039279 -0.47792599
v 0.30742412 0.07870375 -0.53840579
v 0.25908589 0.02498117 -0.44696157
v 0.33539240 0.07329214 -0.50744137
v 0.28238112 -0.01002744 -0.44553502
v 0.35868763 0.03828353 -0.50601482
v 0.27770807 -0.03962444 -0.47507289
v 0.35401458 0.00868653 -0.53555269
v 0.31078815 0.02559606 -0.54406618
v 0.31901960 0.00238787 -0.57450211
v 0.41229656 0.07240372 -0.60266409
v 0.40406511 0.09561190 -0.57222815
v 0.29480500 0.03281018 -0.57906929
v 0.38808196 0.10282603 -0.60723126
v 0.28657355 0.05601836 -0.54863335
v 0.37985051 0.12603421 -0.57679533
v 0.30255670 0.04880424 -0.51363024
v 0.39583366 0.11882008 -0.54179222
v 0.32677130 0.01838193 -0.50906307
v 0.42004826 0.08839778 -0.53722504
v 0.33500275 -0.00482625 -0.53949900
v 0.42827971 0.06518960 -0.56766097
v 0.39881769 0.08247261 -0.58526692
v 0.41789476 0.06543759 -0.61092085
v 0.49368347 0.14072727 -0.60455669
v 0.47460639 0.15776229 -0.57890276
v 0.39360347 0.09067125 -0.62016455
v 0.46939217 0.16596093 -0.61380040
v 0.37452640 0.10770627 -0.59451062
v 0.45031510 0.18299595 -0.58814647
v 0.37974062 0.09950763 -0.55961299
v 0.45552932 0.17479730 -0.55324884
v 0.40403191 0.07427397 -0.55036929
v 0.47982062 0.14956364 -0.54400513
v 0.42310899 0.05723895 -0.57602322
v 0.49889769 0.13252863 -0.56965906
v 0.48043476 0.15290459 -0.58694973
v 0.50625394 0.14162460 -0.60469858
v 0.54764930 0.20404277 -0.58414975
v 0.52183012 0.21532276 -0.56640089
v 0.48357560 0.16137339 -0.61900132
v 0.52497096 0.22379155 -0.59845249
v 0.45775642 0.17265337 -0.60125247
v 0.49915177 0.23507154 -0.58070363
v 0.45461558 0.16418457 -0.56920087
v 0.49601094 0.22660274 -0.54865204
v 0.47729393 0.14443579 -0.55489813
v 0.51868928 0.20685396 -0.53434930
v 0.50311311 0.13315581 -0.57264699
v 0.54450846 0.19557397 -0.55209815
v 0.52852732 0.21520005 -0.56786178
v 0.55668980 0.20896132 -0.57737985
v 0.57227214 0.25289944 -0.56007390
v 0.54410967 0.25913818 -0.55055583
v 0.53720566 0.22315145 -0.59586361
v 0.55278800 0.26708957 -0.57855766
v 0.50904318 0.22939018 -0.58634553
v 0.52462553 0.27332830 -0.56903958
v 0.50036484 0.22143879 -0.55834370
v 0.51594719 0.26537691 -0.54103775
v 0.51984898 0.20724866 -0.53985995
v 0.53543133 0.25118678 -0.52255400
v 0.54801146 0.20100993 -0.54937802
v 0.56359381 0.24494805 -0.53207207
v 0.54723169 0.25558707 -0.55076875
v 0.57439953 0.25329646 -0.55395691
v 0.57906312 0.29115535 -0.54141690
v 0.55189528 0.29344597 -0.53822874
v 0.55883188 0.26211031 -0.57477678
v 0.56349547 0.29996920 -0.56223677
v 0.53166405 0.26440092 -0.57158862
v 0.53632764 0.30225981 -0.55904861
v 0.52006386 0.25787768 -0.54758059
v 0.52472745 0.29573658 -0.53504058
v 0.53563150 0.24906384 -0.52676072
v 0.54029509 0.28692273 -0.51422071
v 0.56279934 0.24677322 -0.52994888
v 0.56746293 0.28463212 -0.51740887
v 0.55363783 0.27983323 -0.53910480
v 0.57816249 0.27991455 -0.53900600
v 0.57794192 0.33364124 -0.52847586
v 0.55341725 0.33355992 -0.52857467
v 0.56597059 0.28395921 -0.55989795
v 0.56575001 0.33768590 -0.54936781
v 0.54144592 0.28387789 -0.55999676
v 0.54122534 0.33760458 -0.54946662
v 0.52911316 0.27975191 -0.53920361
v 0.52889259 0.33347860 -0.52867347
v 0.54130507 0.27570726 -0.51831165
v 0.54108449 0.32943395 -0.50778152
v 0.56582973 0.27578858 -0.51821285
v 0.56560916 0.32951527 -0.50768271
v 0.55413264 0.31008272 -0.52677462
v 0.57572539 0.31046945 -0.52637019
v 0.57414021 0.39503254 -0.52259918
v 0.55254746 0.39464581 -0.52300361
v 0.56526394 0.31111557 -0.54525671
v 0.56367875 0.39567866 -0.54148570
v 0.54367119 0.31072884 -0.54566114
v 0.54208600 0.39529193 -0.54189013
v 0.53253989 0.30969599 -0.52717905
v 0.53095471 0.39425907 -0.52340804
v 0.54300135 0.30904987 -0.50829254
v 0.54141616 0.39361295 -0.50452153
v 0.56459410 0.30943660 -0.50788811
v 0.56300891 0.39399969 -0.50411710
v 0.54821844 0.36863054 -0.51782967
v 0.56680191 0.36728192 -0.51909115
v 0.57435032 0.47850662 -0.52679933
v 0.55576685 0.47985524 -0.52553785
v 0.55634224 0.36691989 -0.53455788
v 0.56389065 0.47814459 -0.54226607
v 0.53775876 0.36826851 -0.53329640
v 0.54530717 0.47949321 -0.54100458
v 0.52963496 0.36997915 -0.51656818
v 0.53718337 0.48120385 -0.52427637
v 0.54009463 0.37034118 -0.50110145
v 0.54764305 0.48156588 -0.50880964
v 0.55867811 0.36899257 -0.50236293
v 0.56622652 0.48021726 -0.51007112
v 0.76000000 0.00000000 0.00000000
v 0.75923141 -0.00780361 0.00000000
v 0.75695518 -0.01530734 0.00000000
v 0.75325878 -0.02222281 0.00000000
v 0.74828427 -0.02828427 0.00000000
v 0.74222281 -0.03325878 0.00000000
v 0.73530734 -0.03695518 0.00000000
v 0.72780361 -0.03923141 0.00000000
v 0.72000000 -0.04000000 0.00000000
v 0.71219639 -0.03923141 0.00000000
v 0.70469266 -0.03695518 0.00000000
v 0.69777719 -0.03325878 0.00000000
v 0.69171573 -0.02828427 0.00000000
v 0.68674122 -0.02222281 0.00000000
v 0.68304482 -0.01530734 0.00000000
v 0.68076859 -0.00780361 0.00000000
v 0.68000000 -0.00000000 0.00000000
v 0.68076859 0.00780361 -0.00000000
v 0.68304482 0.01530734 -0.00000000
v 0.68674122 0.02222281 -0.00000000
v 0.69171573 0.02828427 -0.00000000
v 0.69777719 0.03325878 -0.00000000
v 0.70469266 0.03695518 -0.00000000
v 0.71219639 0.03923141 -0.00000000
v 0.72000000 0.04000000 -0.00000000
v 0.72780361 0.03923141 -0.00000000
v 0.73530734 0.03695518 -0.00000000
v 0.74222281 0.03325878 -0.00000000
v 0.74828427 0.02828427 -0.00000000
v 0.75325878 0.02222281 -0.00000000
v 0.75695518 0.01530734 -0.00000000
v 0.75923141 0.00780361 -0.00000000
v 0.74539681 0.00000000 0.14826864
v 0.74464299 -0.00780361 0.14811870
v 0.74241050 -0.01530734 0.14767463
v 0.73878513 -0.02222281 0.14695350
v 0.73390620 -0.02828427 0.14598302
v 0.72796121 -0.03325878 0.14480049
v 0.72117861 -0.03695518 0.14345135
v 0.71381907 -0.03923141 0.14198744
v 0.70616540 -0.04000000 0.14046503
v 0.69851173 -0.03923141 0.13894262
v 0.69115219 -0.03695518 0.13747872
v 0.68436960 -0.03325878 0.13612958
v 0.67842460 -0.02828427 0.13494704
v 0.67354568 -0.02222281 0.13397656
v 0.66992030 -0.01530734 0.13325543
v 0.66768781 -0.00780361 0.13281136
v 0.66693399 0.00000000 0.13266142
v 0.66768781 0.00780361 0.13281136
v 0.66992030 0.01530734 0.13325543
v 0.67354568 0.02222281 0.13397656
v 0.67842460 0.02828427 0.13494704
v 0.68436960 0.03325878 0.13612958
v 0.69115219 0.03695518 0.13747872
v 0.69851173 0.03923141 0.13894262
v 0.70616540 0.04000000 0.14046503
v 0.71381907 0.03923141 0.14198744
v 0.72117861 0.03695518 0.14345135
v 0.72796121 0.03325878 0.14480049
v 0.73390620 0.02828427 0.14598302
v 0.73878513 0.02222281 0.14695350
v 0.74241050 0.01530734 0.14767463
v 0.74464299 0.00780361 0.14811870
v 0.70214844 0.00000000 0.29083941
v 0.70143836 -0.00780361 0.29054528
v 0.69933540 -0.01530734 0.28967421
v 0.69592037 -0.02222281 0.28825966
v 0.69132452 -0.02828427 0.28635599
v 0.68572446 -0.03325878 0.28403637
v 0.67933540 -0.03695518 0.28138994
v 0.67240286 -0.03923141 0.27851838
v 0.66519326 -0.04000000 0.27553207
v 0.65798367 -0.03923141 0.27254576
v 0.65105113 -0.03695518 0.26967421
v 0.64466206 -0.03325878 0.26702777
v 0.63906200 -0.02828427 0.26470815
v 0.63446615 -0.02222281 0.26280449
v 0.63105113 -0.01530734 0.26138994
v 0.62894817 -0.00780361 0.26051886
v 0.62823808 0.00000000 0.26022473
v 0.62894817 0.00780361 0.26051886
v 0.63105113 0.01530734 0.26138994
v 0.63446615 0.02222281 0.26280449
v 0.63906200 0.02828427 0.26470815
v 0.64466206 0.03325878 0.26702777
v 0.65105113 0.03695518 0.26967421
v 0.65798367 0.03923141 0.27254576
v 0.66519326 0.04000000 0.27553207
v 0.67240286 0.03923141 0.27851838
v 0.67933540 0.03695518 0.28138994
v 0.68572446 0.03325878 0.28403637
v 0.69132452 0.02828427 0.28635599
v 0.69592037 0.02222281 0.28825966
v 0.69933540 0.01530734 0.28967421
v 0.70143836 0.00780361 0.29054528
v 0.63191691 0.00000000 0.42223338
v 0.63127785 -0.00780361 0.42180637
v 0.62938523 -0.01530734 0.42054177
v 0.62631179 -0.02222281 0.41848816
v 0.62217563 -0.02828427 0.41572447
v 0.61713571 -0.03325878 0.41235690
v 0.61138571 -0.03695518 0.40851487
v 0.60514659 -0.03923141 0.40434602
v 0.59865812 -0.04000000 0.40001057
v 0.59216965 -0.03923141 0.39567511
v 0.58593054 -0.03695518 0.39150627
v 0.58018053 -0.03325878 0.38766424
v 0.57514061 -0.02828427 0.38429667
v 0.57100445 -0.02222281 0.38153298
v 0.56793101 -0.01530734 0.37947937
v 0.56603839 -0.00780361 0.37821476
v 0.56539934 0.00000000 0.37778776
v 0.56603839 0.00780361 0.37821476
v 0.56793101 0.01530734 0.37947937
v 0.57100445 0.02222281 0.38153298
v 0.57514061 0.02828427 0.38429667
v 0.58018053 0.03325878 0.38766424
v 0.58593054 0.03695518 0.39150627
v 0.59216965 0.03923141 0.39567511
v 0.59865812 0.04000000 0.40001057
v 0.60514659 0.03923141 0.40434602
v 0.61138571 0.03695518 0.40851487
v 0.61713571 0.03325878 0.41235690
v 0.62217563 0.02828427 0.41572447
v 0.62631179 0.02222281 0.41848816
v 0.62938523 0.01530734 0.42054177
v 0.63127785 0.00780361 0.42180637
v 0.53740115 0.00000000 0.53740115
v 0.53685768 -0.00780361 0.53685768
v 0.53524814 -0.01530734 0.53524814
v 0.53263439 -0.02222281 0.53263439
v 0.52911688 -0.02828427 0.52911688
v 0.52483078 -0.03325878 0.52483078
v 0.51994080 -0.03695518 0.51994080
v 0.51463487 -0.03923141 0.51463487
v 0.50911688 -0.04000000 0.50911688
v 0.50359889 -0.03923141 0.50359889
v 0.49829296 -0.03695518 0.49829296
v 0.49340298 -0.03325878 0.49340298
v 0.48911688 -0.02828427 0.48911688
v 0.48559937 -0.02222281 0.48559937
v 0.48298562 -0.01530734 0.48298562
v 0.48137609 -0.00780361 0.48137609
v 0.48083261 0.00000000 0.48083261
v 0.48137609 0.00780361 0.48137609
v 0.48298562 0.01530734 0.48298562
v 0.48559937 0.02222281 0.48559937
v 0.48911688 0.02828427 0.48911688
v 0.49340298 0.03325878 0.49340298
v 0.49829296 0.03695518 0.49829296
v 0.50359889 0.03923141 0.50359889
v 0.50911688 0.04000000 0.50911688
v 0.51463487 0.03923141 0.51463487
v 0.51994080 0.03695518 0.51994080
v 0.52483078 0.03325878 0.52483078
v 0.52911688 0.02828427 0.52911688
v 0.53263439 0.02222281 0.53263439
v 0.53524814 0.01530734 0.53524814
v 0.53685768 0.00780361 0.53685768
v 0.42223338 0.00000000 0.63191691
v 0.42180637 -0.00780361 0.63127785
v 0.42054177 -0.01530734 0.62938523
v 0.41848816 -0.02222281 0.62631179
v 0.41572447 -0.02828427 0.62217563
v 0.41235690 -0.03325878 0.61713571
v 0.40851487 -0.03695518 0.61138571
v 0.40434602 -0.03923141 0.60514659
v 0.40001057 -0.04000000 0.59865812
v 0.39567511 -0.03923141 0.59216965
v 0.39150627 -0.03695518 0.58593054
v 0.38766424 -0.03325878 0.58018053
v 0.38429667 -0.02828427 0.57514061
v 0.38153298 -0.02222281 0.57100445
v 0.37947937 -0.01530734 0.56793101
v 0.37821476 -0.00780361 0.56603839
v 0.37778776 0.00000000 0.56539934
v 0.37821476 0.00780361 0.56603839
v 0.37947937 0.01530734 0.56793101
v 0.38153298 0.02222281 0.57100445
v 0.38429667 0.02828427 0.57514061
v 0.38766424 0.03325878 0.58018053
v 0.39150627 0.03695518 0.58593054
v 0.39567511 0.03923141 0.59216965
v 0.40001057 0.04000000 0.59865812
v 0.40434602 0.03923141 0.60514659
v 0.40851487 0.03695518 0.61138571
v 0.41235690 0.03325878 0.61713571
v 0.41572447 0.02828427 0.62217563
v 0.41848816 0.02222281 0.62631179
v 0.42054177 0.01530734 0.62938523
v 0.42180637 0.00780361 0.63127785
v 0.29083941 0.00000000 0.70214844
v 0.29054528 -0.00780361 0.70143836
v 0.28967421 -0.01530734 0.69933540
v 0.28825966 -0.02222281 0.69592037
v 0.28635599 -0.02828427 0.69132452
v 0.28403637 -0.03325878 0.68572446
v 0.28138994 -0.03695518 0.67933540
v 0.27851838 -0.03923141 0.67240286
v 0.27553207 -0.04000000 0.66519326
v 0.27254576 -0.03923141 0.65798367
v 0.26967421 -0.03695518 0.65105113
v 0.26702777 -0.03325878 0.64466206
v 0.26470815 -0.02828427 0.63906200
v 0.26280449 -0.02222281 0.63446615
v 0.26138994 -0.01530734 0.63105113
v 0.26051886 -0.00780361 0.62894817
v 0.26022473 0.00000000 0.62823808
v 0.26051886 0.00780361 0.62894817
v 0.26138994 0.01530734 0.63105113
v 0.26280449 0.02222281 0.63446615
v 0.26470815 0.02828427 0.63906200
v 0.26702777 0.03325878 0.64466206
v 0.26967421 0.03695518 0.65105113
v 0.27254576 0.03923141 0.65798367
v 0.27553207 0.04000000 0.66519326
v 0.27851838 0.03923141 0.67240286
v 0.28138994 0.03695518 0.67933540
v 0.28403637 0.03325878 0.68572446
v 0.28635599 0.02828427 0.69132452
v 0.28825966 0.02222281 0.69592037
v 0.28967421 0.01530734 0.69933540
v 0.29054528 0.00780361 0.70143836
v 0.14826864 0.00000000 0.74539681
v 0.14811870 -0.00780361 0.74464299
v 0.14767463 -0.01530734 0.74241050
v 0.14695350 -0.02222281 0.73878513
v 0.14598302 -0.02828427 0.73390620
v 0.14480049 -0.03325878 0.72796121
v 0.14345135 -0.03695518 0.72117861
v 0.14198744 -0.03923141 0.71381907
v 0.14046503 -0.04000000 0.70616540
v 0.13894262 -0.03923141 0.69851173
v 0.13747872 -0.03695518 0.69115219
v 0.13612958 -0.03325878 0.68436960
v 0.13494704 -0.02828427 0.67842460
v 0.13397656 -0.02222281 0.67354568
v 0.13325543 -0.01530734 0.66992030
v 0.13281136 -0.00780361 0.66768781
v 0.13266142 0.00000000 0.66693399
v 0.13281136 0.00780361 0.66768781
v 0.13325543 0.01530734 0.66992030
v 0.13397656 0.02222281 0.67354568
v 0.13494704 0.02828427 0.67842460
v 0.13612958 0.03325878 0.68436960
v 0.13747872 0.03695518 0.69115219
v 0.13894262 0.03923141 0.69851173
v 0.14046503 0.04000000 0.70616540
v 0.14198744 0.03923141 0.71381907
v 0.14345135 0.03695518 0.72117861
v 0.14480049 0.03325878 0.72796121
v 0.14598302 0.02828427 0.73390620
v 0.14695350 0.02222281 0.73878513
v 0.14767463 0.01530734 0.74241050
v 0.14811870 0.00780361 0.74464299
v 0.00000000 0.00000000 0.76000000
v 0.00000000 -0.00780361 0.75923141
v 0.00000000 -0.01530734 0.75695518
v 0.00000000 -0.02222281 0.75325878
v 0.00000000 -0.02828427 0.74828427
v 0.00000000 -0.03325878 0.74222281
v 0.00000000 -0.03695518 0.73530734
v 0.00000000 -0.03923141 0.72780361
v 0.00000000 -0.04000000 0.72000000
v 0.00000000 -0.03923141 0.71219639
v 0.00000000 -0.03695518 0.70469266
v 0.00000000 -0.03325878 0.69777719
v 0.00000000 -0.02828427 0.69171573
v 0.00000000 -0.02222281 0.68674122
v 0.00000000 -0.01530734 0.68304482
v 0.00000000 -0.00780361 0.68076859
v 0.00000000 0.00000000 0.68000000
v 0.00000000 0.00780361 0.68076859
v 0.00000000 0.01530734 0.68304482
v 0.00000000 0.02222281 0.68674122
v 0.00000000 0.02828427 0.69171573
v 0.00000000 0.03325878 0.69777719
v 0.00000000 0.03695518 0.70469266
v 0.00000000 0.03923141 0.71219639
v 0.00000000 0.04000000 0.72000000
v 0.00000000 0.03923141 0.72780361
v 0.00000000 0.03695518 0.73530734
v 0.00000000 0.03325878 0.74222281
v 0.00000000 0.02828427 0.74828427
v 0.00000000 0.02222281 0.75325878
v 0.00000000 0.01530734 0.75695518
v 0.00000000 0.00780361 0.75923141
v -0.14826864 0.00000000 0.74539681
v -0.14811870 -0.00780361 0.74464299
v -0.14767463 -0.01530734 0.74241050
v -0.14695350 -0.02222281 0.73878513
v -0.14598302 -0.02828427 0.73390620
v -0.14480049 -0.03325878 0.72796121
v -0.14345135 -0.03695518 0.72117861
v -0.14198744 -0.03923141 0.71381907
v -0.14046503 -0.04000000 0.70616540
v -0.13894262 -0.03923141 0.69851173
v -0.13747872 -0.03695518 0.69115219
v -0.13612958 -0.03325878 0.68436960
v -0.13494704 -0.02828427 0.67842460
v -0.13397656 -0.02222281 0.67354568
v -0.13325543 -0.01530734 0.66992030
v -0.13281136 -0.00780361 0.66768781
v -0.13266142 0.00000000 0.66693399
v -0.13281136 0.00780361 0.66768781
v -0.13325543 0.01530734 0.66992030
v -0.13397656 0.02222281 0.67354568
v -0.13494704 0.02828427 0.67842460
v -0.13612958 0.03325878 0.68436960
v -0.13747872 0.03695518 0.69115219
v -0.13894262 0.03923141 0.69851173
v -0.14046503 0.04000000 0.70616540
v -0.14198744 0.03923141 0.71381907
v -0.14345135 0.03695518 0.72117861
v -0.14480049 0.03325878 0.72796121
v -0.14598302 0.02828427 0.73390620
v -0.14695350 0.02222281 0.73878513
v -0.14767463 0.01530734 0.74241050
v -0.14811870 0.00780361 0.74464299
v -0.29083941 0.00000000 0.70214844
v -0.29054528 -0.00780361 0.70143836
v -0.28967421 -0.01530734 0.69933540
v -0.28825966 -0.02222281 0.69592037
v -0.28635599 -0.02828427 0.69132452
v -0.28403637 -0.03325878 0.68572446
v -0.28138994 -0.03695518 0.67933540
v -0.27851838 -0.03923141 0.67240286
v -0.27553207 -0.04000000 0.66519326
v -0.27254576 -0.03923141 0.65798367
v -0.26967421 -0.03695518 0.65105113
v -0.26702777 -0.03325878 0.64466206
v -0.26470815 -0.02828427 0.63906200
v -0.26280449 -0.02222281 0.63446615
v -0.26138994 -0.01530734 0.63105113
v -0.26051886 -0.00780361 0.62894817
v -0.26022473 0.00000000 0.62823808
v -0.26051886 0.00780361 0.62894817
v -0.26138994 0.01530734 0.63105113
v -0.26280449 0.02222281 0.63446615
v -0.26470815 0.02828427 0.63906200
v -0.26702777 0.03325878 0.64466206
v -0.26967421 0.03695518 0.65105113
v -0.27254576 0.03923141 0.65798367
v -0.27553207 0.04000000 0.66519326
v -0.27851838 0.03923141 0.67240286
v -0.28138994 0.03695518 0.67933540
v -0.28403637 0.03325878 0.68572446
v -0.28635599 0.02828427 0.69132452
v -0.28825966 0.02222281 0.69592037
v -0.28967421 0.01530734 0.69933540
v -0.29054528 0.00780361 0.70143836
v -0.42223338 0.00000000 0.63191691
v -0.42180637 -0.00780361 0.63127785
v -0.42054177 -0.01530734 0.62938523
v -0.41848816 -0.02222281 0.62631179
v -0.41572447 -0.02828427 0.62217563
v -0.41235690 -0.03325878 0.61713571
v -0.40851487 -0.03695518 0.61138571
v -0.40434602 -0.03923141 0.60514659
v -0.40001057 -0.04000000 0.59865812
v -0.39567511 -0.03923141 0.59216965
v -0.39150627 -0.03695518 0.58593054
v -0.38766424 -0.03325878 0.58018053
v -0.38429667 -0.02828427 0.57514061
v -0.38153298 -0.02222281 0.57100445
v -0.37947937 -0.01530734 0.56793101
v -0.37821476 -0.00780361 0.56603839
v -0.37778776 0.00000000 0.56539934
v -0.37821476 0.00780361 0.56603839
v -0.37947937 0.01530734 0.56793101
v -0.38153298 0.02222281 0.57100445
v -0.38429667 0.02828427 0.57514061
v -0.38766424 0.03325878 0.58018053
v -0.39150627 0.03695518 0.58593054
v -0.39567511 0.03923141 0.59216965
v -0.40001057 0.04000000 0.59865812
v -0.40434602 0.03923141 0.60514659
v -0.40851487 0.03695518 0.61138571
v -0.41235690 0.03325878 0.61713571
v -0.41572447 0.02828427 0.62217563
v -0.41848816 0.02222281 0.62631179
v -0.42054177 0.01530734 0.62938523
v -0.42180637 0.00780361 0.63127785
v -0.53740115 0.00000000 0.53740115
v -0.53685768 -0.00780361 0.53685768
v -0.53524814 -0.01530734 0.53524814
v -0.53263439 -0.02222281 0.53263439
v -0.52911688 -0.02828427 0.52911688
v -0.52483078 -0.03325878 0.52483078
v -0.51994080 -0.03695518 0.51994080
v -0.51463487 -0.03923141 0.51463487
v -0.50911688 -0.04000000 0.50911688
v -0.50359889 -0.03923141 0.50359889
v -0.49829296 -0.03695518 0.49829296
v -0.49340298 -0.03325878 0.49340298
v -0.48911688 -0.02828427 0.48911688
v -0.48559937 -0.02222281 0.48559937
v -0.48298562 -0.01530734 0.48298562
v -0.48137609 -0.00780361 0.48137609
v -0.48083261 0.00000000 0.48083261
v -0.48137609 0.00780361 0.48137609
v -0.48298562 0.01530734 0.48298562
v -0.48559937 0.02222281 0.48559937
v -0.48911688 0.02828427 0.48911688
v -0.49340298 0.03325878 0.49340298
v -0.49829296 0.03695518 0.49829296
v -0.50359889 0.03923141 0.50359889
v -0.50911688 0.04000000 0.50911688
v -0.51463487 0.03923141 0.51463487
v -0.51994080 0.03695518 0.51994080
v -0.52483078 0.03325878 0.52483078
v -0.52911688 0.02828427 0.52911688
v -0.53263439 0.02222281 0.53263439
v -0.53524814 0.01530734 0.53524814
v -0.53685768 0.00780361 0.53685768
v -0.63191691 0.00000000 0.42223338
v -0.63127785 -0.00780361 0.42180637
v -0.62938523 -0.01530734 0.42054177
v -0.62631179 -0.02222281 0.41848816
v -0.62217563 -0.02828427 0.41572447
v -0.61713571 -0.03325878 0.41235690
v -0.61138571 -0.03695518 0.40851487
v -0.60514659 -0.03923141 0.40434602
v -0.59865812 -0.04000000 0.40001057
v -0.59216965 -0.03923141 0.39567511
v -0.58593054 -0.03695518 0.39150627
v -0.58018053 -0.03325878 0.38766424
v -0.57514061 -0.02828427 0.38429667
v -0.57100445 -0.02222281 0.38153298
v -0.56793101 -0.01530734 0.37947937
v -0.56603839 -0.00780361 0.37821476
v -0.56539934 0.00000000 0.37778776
v -0.56603839 0.00780361 0.37821476
v -0.56793101 0.01530734 0.37947937
v -0.57100445 0.02222281 0.38153298
v -0.57514061 0.02828427 0.38429667
v -0.58018053 0.03325878 0.38766424
v -0.58593054 0.03695518 0.39150627
v -0.59216965 0.03923141 0.39567511
v -0.59865812 0.04000000 0.40001057
v -0.60514659 0.03923141 0.40434602
v -0.61138571 0.03695518 0.40851487
v -0.61713571 0.03325878 0.41235690
v -0.62217563 0.02828427 0.41572447
v -0.62631179 0.02222281 0.41848816
v -0.62938523 0.01530734 0.42054177
v -0.63127785 0.00780361 0.42180637
v -0.70214844 0.00000000 0.29083941
v -0.70143836 -0.00780361 0.29054528
v -0.69933540 -0.01530734 0.28967421
v -0.69592037 -0.02222281 0.28825966
v -0.69132452 -0.02828427 0.28635599
v -0.68572446 -0.03325878 0.28403637
v -0.67933540 -0.03695518 0.28138994
v -0.67240286 -0.03923141 0.27851838
v -0.66519326 -0.04000000 0.27553207
v -0.65798367 -0.03923141 0.27254576
v -0.65105113 -0.03695518 0.26967421
v -0.64466206 -0.03325878 0.26702777
v -0.63906200 -0.02828427 0.26470815
v -0.63446615 -0.02222281 0.26280449
v -0.63105113 -0.01530734 0.26138994
v -0.62894817 -0.00780361 0.26051886
v -0.62823808 0.00000000 0.26022473
v -0.62894817 0.00780361 0.26051886
v -0.63105113 0.01530734 0.26138994
v -0.63446615 0.02222281 0.26280449
v -0.63906200 0.02828427 0.26470815
v -0.64466206 0.03325878 0.26702777
v -0.65105113 0.03695518 0.26967421
v -0.65798367 0.03923141 0.27254576
v -0.66519326 0.04000000 0.27553207
v -0.67240286 0.03923141 0.27851838
v -0.67933540 0.03695518 0.28138994
v -0.68572446 0.03325878 0.28403637
v -0.69132452 0.02828427 0.28635599
v -0.69592037 0.02222281 0.28825966
v -0.69933540 0.01530734 0.28967421
v -0.70143836 0.00780361 0.29054528
v -0.74539681 0.00000000 0.14826864
v -0.74464299 -0.00780361 0.14811870
v -0.74241050 -0.01530734 0.14767463
v -0.73878513 -0.02222281 0.14695350
v -0.73390620 -0.02828427 0.14598302
v -0.72796121 -0.03325878 0.14480049
v -0.72117861 -0.03695518 0.14345135
v -0.71381907 -0.03923141 0.14198744
v -0.70616540 -0.04000000 0.14046503
v -0.69851173 -0.03923141 0.13894262
v -0.69115219 -0.03695518 0.13747872
v -0.68436960 -0.03325878 0.13612958
v -0.67842460 -0.02828427 0.13494704
v -0.67354568 -0.02222281 0.13397656
v -0.66992030 -0.01530734 0.13325543
v -0.66768781 -0.00780361 0.13281136
v -0.66693399 0.00000000 0.13266142
v -0.66768781 0.00780361 0.13281136
v -0.66992030 0.01530734 0.13325543
v -0.67354568 0.02222281 0.13397656
v -0.67842460 0.02828427 0.13494704
v -0.68436960 0.03325878 0.13612958
v -0.69115219 0.03695518 0.13747872
v -0.69851173 0.03923141 0.13894262
v -0.70616540 0.04000000 0.14046503
v -0.71381907 0.03923141 0.14198744
v -0.72117861 0.03695518 0.14345135
v -0.72796121 0.03325878 0.14480049
v -0.73390620 0.02828427 0.14598302
v -0.73878513 0.02222281 0.14695350
v -0.74241050 0.01530734 0.14767463
v -0.74464299 0.00780361 0.14811870
v -0.76000000 0.00000000 0.00000000
v -0.75923141 -0.00780361 0.00000000
v -0.75695518 -0.01530734 0.00000000
v -0.75325878 -0.02222281 0.00000000
v -0.74828427 -0.02828427 0.00000000
v -0.74222281 -0.03325878 0.00000000
v -0.73530734 -0.03695518 0.00000000
v -0.72780361 -0.03923141 0.00000000
v -0.72000000 -0.04000000 0.00000000
v -0.71219639 -0.03923141 0.00000000
v -0.70469266 -0.03695518 0.00000000
v -0.69777719 -0.03325878 0.00000000
v -0.69171573 -0.02828427 0.00000000
v -0.68674122 -0.02222281 0.00000000
v -0.68304482 -0.01530734 0.00000000
v -0.68076859 -0.00780361 0.00000000
v -0.68000000 -0.00000000 0.00000000
v -0.68076859 0.00780361 0.00000000
v -0.68304482 0.01530734 0.00000000
v -0.68674122 0.02222281 0.00000000
v -0.69171573 0.02828427 0.00000000
v -0.69777719 0.03325878 0.00000000
v -0.70469266 0.03695518 0.00000000
v -0.71219639 0.03923141 0.00000000
v -0.72000000 0.04000000 0.00000000
v -0.72780361 0.03923141 0.00000000
v -0.73530734 0.03695518 0.00000000
v -0.74222281 0.03325878 0.00000000
v -0.74828427 0.02828427 0.00000000
v -0.75325878 0.02222281 0.00000000
v -0.75695518 0.01530734 0.00000000
v -0.75923141 0.00780361 0.00000000
v -0.74539681 -0.00000000 -0.14826864
v -0.74464299 -0.00780361 -0.14811870
v -0.74241050 -0.01530734 -0.14767463
v -0.73878513 -0.02222281 -0.14695350
v -0.73390620 -0.02828427 -0.14598302
v -0.72796121 -0.03325878 -0.14480049
v -0.72117861 -0.03695518 -0.14345135
v -0.71381907 -0.03923141 -0.14198744
v -0.70616540 -0.04000000 -0.14046503
v -0.69851173 -0.03923141 -0.13894262
v -0.69115219 -0.03695518 -0.13747872
v -0.68436960 -0.03325878 -0.13612958
v -0.67842460 -0.02828427 -0.13494704
v -0.67354568 -0.02222281 -0.13397656
v -0.66992030 -0.01530734 -0.13325543
v -0.66768781 -0.00780361 -0.13281136
v -0.66693399 -0.00000000 -0.13266142
v -0.66768781 0.00780361 -0.13281136
v -0.66992030 0.01530734 -0.13325543
v -0.67354568 0.02222281 -0.13397656
v -0.67842460 0.02828427 -0.13494704
v -0.68436960 0.03325878 -0.13612958
v -0.69115219 0.03695518 -0.13747872
v -0.69851173 0.03923141 -0.13894262
v -0.70616540 0.04000000 -0.14046503
v -0.71381907 0.03923141 -0.14198744
v -0.72117861 0.03695518 -0.14345135
v -0.72796121 0.03325878 -0.14480049
v -0.73390620 0.02828427 -0.14598302
v -0.73878513 0.02222281 -0.14695350
v -0.74241050 0.01530734 -0.14767463
v -0.74464299 0.00780361 -0.14811870
v -0.70214844 -0.00000000 -0.29083941
v -0.70143836 -0.00780361 -0.29054528
v -0.69933540 -0.01530734 -0.28967421
v -0.69592037 -0.02222281 -0.28825966
v -0.69132452 -0.02828427 -0.28635599
v -0.68572446 -0.03325878 -0.28403637
v -0.67933540 -0.03695518 -0.28138994
v -0.67240286 -0.03923141 -0.27851838
v -0.66519326 -0.04000000 -0.27553207
v -0.65798367 -0.03923141 -0.27254576
v -0.65105113 -0.03695518 -0.26967421
v -0.64466206 -0.03325878 -0.26702777
v -0.63906200 -0.02828427 -0.26470815
v -0.63446615 -0.02222281 -0.26280449
v -0.63105113 -0.01530734 -0.26138994
v -0.62894817 -0.00780361 -0.26051886
v -0.62823808 -0.00000000 -0.26022473
v -0.62894817 0.00780361 -0.26051886
v -0.63105113 0.01530734 -0.26138994
v -0.63446615 0.02222281 -0.26280449
v -0.63906200 0.02828427 -0.26470815
v -0.64466206 0.03325878 -0.26702777
v -0.65105113 0.03695518 -0.26967421
v -0.65798367 0.03923141 -0.27254576
v -0.66519326 0.04000000 -0.27553207
v -0.67240286 0.03923141 -0.27851838
v -0.67933540 0.03695518 -0.28138994
v -0.68572446 0.03325878 -0.28403637
v -0.69132452 0.02828427 -0.28635599
v -0.69592037 0.02222281 -0.28825966
v -0.69933540 0.01530734 -0.28967421
v -0.70143836 0.00780361 -0.29054528
v -0.63191691 -0.00000000 -0.42223338
v -0.63127785 -0.00780361 -0.42180637
v -0.62938523 -0.01530734 -0.42054177
v -0.62631179 -0.02222281 -0.41848816
v -0.62217563 -0.02828427 -0.41572447
v -0.61713571 -0.03325878 -0.41235690
v -0.61138571 -0.03695518 -0.40851487
v -0.60514659 -0.03923141 -0.40434602
v -0.59865812 -0.04000000 -0.40001057
v -0.59216965 -0.03923141 -0.39567511
v -0.58593054 -0.03695518 -0.39150627
v -0.58018053 -0.03325878 -0.38766424
v -0.57514061 -0.02828427 -0.38429667
v -0.57100445 -0.02222281 -0.38153298
v -0.56793101 -0.01530734 -0.37947937
v -0.56603839 -0.00780361 -0.37821476
v -0.56539934 -0.00000000 -0.37778776
v -0.56603839 0.00780361 -0.37821476
v -0.56793101 0.01530734 -0.37947937
v -0.57100445 0.02222281 -0.38153298
v -0.57514061 0.02828427 -0.38429667
v -0.58018053 0.03325878 -0.38766424
v -0.58593054 0.03695518 -0.39150627
v -0.59216965 0.03923141 -0.39567511
v -0.59865812 0.04000000 -0.40001057
v -0.60514659 0.03923141 -0.40434602
v -0.61138571 0.03695518 -0.40851487
v -0.61713571 0.03325878 -0.41235690
v -0.62217563 0.02828427 -0.41572447
v -0.62631179 0.02222281 -0.41848816
v -0.62938523 0.01530734 -0.42054177
v -0.63127785 0.00780361 -0.42180637
v -0.53740115 -0.00000000 -0.53740115
v -0.53685768 -0.00780361 -0.53685768
v -0.53524814 -0.01530734 -0.53524814
v -0.53263439 -0.02222281 -0.53263439
v -0.52911688 -0.02828427 -0.52911688
v -0.52483078 -0.03325878 -0.52483078
v -0.51994080 -0.03695518 -0.51994080
v -0.51463487 -0.03923141 -0.51463487
v -0.50911688 -0.04000000 -0.50911688
v -0.50359889 -0.03923141 -0.50359889
v -0.49829296 -0.03695518 -0.49829296
v -0.49340298 -0.03325878 -0.49340298
v -0.48911688 -0.02828427 -0.48911688
v -0.48559937 -0.02222281 -0.48559937
v -0.48298562 -0.01530734 -0.48298562
v -0.48137609 -0.00780361 -0.48137609
v -0.48083261 -0.00000000 -0.48083261
v -0.48137609 0.00780361 -0.48137609
v -0.48298562 0.01530734 -0.48298562
v -0.48559937 0.02222281 -0.48559937
v -0.48911688 0.02828427 -0.48911688
v -0.49340298 0.03325878 -0.49340298
v -0.49829296 0.03695518 -0.49829296
v -0.50359889 0.03923141 -0.50359889
v -0.50911688 0.04000000 -0.50911688
v -0.51463487 0.03923141 -0.51463487
v -0.51994080 0.03695518 -0.51994080
v -0.52483078 0.03325878 -0.52483078
v -0.52911688 0.02828427 -0.52911688
v -0.53263439 0.02222281 -0.53263439
v -0.53524814 0.01530734 -0.53524814
v -0.53685768 0.00780361 -0.53685768
v -0.42223338 -0.00000000 -0.63191691
v -0.42180637 -0.00780361 -0.63127785
v -0.42054177 -0.01530734 -0.62938523
v -0.41848816 -0.02222281 -0.62631179
v -0.41572447 -0.02828427 -0.62217563
v -0.41235690 -0.03325878 -0.61713571
v -0.40851487 -0.03695518 -0.61138571
v -0.40434602 -0.03923141 -0.60514659
v -0.40001057 -0.04000000 -0.59865812
v -0.39567511 -0.03923141 -0.59216965
v -0.39150627 -0.03695518 -0.58593054
v -0.38766424 -0.03325878 -0.58018053
v -0.38429667 -0.02828427 -0.57514061
v -0.38153298 -0.02222281 -0.57100445
v -0.37947937 -0.01530734 -0.56793101
v -0.37821476 -0.00780361 -0.56603839
v -0.37778776 -0.00000000 -0.56539934
v -0.37821476 0.00780361 -0.56603839
v -0.37947937 0.01530734 -0.56793101
v -0.38153298 0.02222281 -0.57100445
v -0.38429667 0.02828427 -0.57514061
v -0.38766424 0.03325878 -0.58018053
v -0.39150627 0.03695518 -0.58593054
v -0.39567511 0.03923141 -0.59216965
v -0.40001057 0.04000000 -0.59865812
v -0.40434602 0.03923141 -0.60514659
v -0.40851487 0.03695518 -0.61138571
v -0.41235690 0.03325878 -0.61713571
v -0.41572447 0.02828427 -0.62217563
v -0.41848816 0.02222281 -0.62631179
v -0.42054177 0.01530734 -0.62938523
v -0.42180637 0.00780361 -0.63127785
v -0.29083941 -0.00000000 -0.70214844
v -0.29054528 -0.00780361 -0.70143836
v -0.28967421 -0.01530734 -0.69933540
v -0.28825966 -0.02222281 -0.69592037
v -0.28635599 -0.02828427 -0.69132452
v -0.28403637 -0.03325878 -0.68572446
v -0.28138994 -0.03695518 -0.67933540
v -0.27851838 -0.03923141 -0.67240286
v -0.27553207 -0.04000000 -0.66519326
v -0.27254576 -0.03923141 -0.65798367
v -0.26967421 -0.03695518 -0.65105113
v -0.26702777 -0.03325878 -0.64466206
v -0.26470815 -0.02828427 -0.63906200
v -0.26280449 -0.02222281 -0.63446615
v -0.26138994 -0.01530734 -0.63105113
v -0.26051886 -0.00780361 -0.62894817
v -0.26022473 -0.00000000 -0.62823808
v -0.26051886 0.00780361 -0.62894817
v -0.26138994 0.01530734 -0.63105113
v -0.26280449 0.02222281 -0.63446615
v -0.26470815 0.02828427 -0.63906200
v -0.26702777 0.03325878 -0.64466206
v -0.26967421 0.03695518 -0.65105113
v -0.27254576 0.03923141 -0.65798367
v -0.27553207 0.04000000 -0.66519326
v -0.27851838 0.03923141 -0.67240286
v -0.28138994 0.03695518 -0.67933540
v -0.28403637 0.03325878 -0.68572446
v -0.28635599 0.02828427 -0.69132452
v -0.28825966 0.02222281 -0.69592037
v -0.28967421 0.01530734 -0.69933540
v -0.29054528 0.00780361 -0.70143836
v -0.14826864 -0.00000000 -0.74539681
v -0.14811870 -0.00780361 -0.74464299
v -0.14767463 -0.01530734 -0.74241050
v -0.14695350 -0.02222281 -0.73878513
v -0.14598302 -0.02828427 -0.73390620
v -0.14480049 -0.03325878 -0.72796121
v -0.14345135 -0.03695518 -0.72117861
v -0.14198744 -0.03923141 -0.71381907
v -0.14046503 -0.04000000 -0.70616540
v -0.13894262 -0.03923141 -0.69851173
v -0.13747872 -0.03695518 -0.69115219
v -0.13612958 -0.03325878 -0.68436960
v -0.13494704 -0.02828427 -0.67842460
v -0.13397656 -0.02222281 -0.67354568
v -0.13325543 -0.01530734 -0.66992030
v -0.13281136 -0.00780361 -0.66768781
v -0.13266142 -0.00000000 -0.66693399
v -0.13281136 0.00780361 -0.66768781
v -0.13325543 0.01530734 -0.66992030
v -0.13397656 0.02222281 -0.67354568
v -0.13494704 0.02828427 -0.67842460
v -0.13612958 0.03325878 -0.68436960
v -0.13747872 0.03695518 -0.69115219
v -0.13894262 0.03923141 -0.69851173
v -0.14046503 0.04000000 -0.70616540
v -0.14198744 0.03923141 -0.71381907
v -0.14345135 0.03695518 -0.72117861
v -0.14480049 0.03325878 -0.72796121
v -0.14598302 0.02828427 -0.73390620
v -0.14695350 0.02222281 -0.73878513
v -0.14767463 0.01530734 -0.74241050
v -0.14811870 0.00780361 -0.74464299
v -0.00000000 -0.00000000 -0.76000000
v -0.00000000 -0.00780361 -0.75923141
v -0.00000000 -0.01530734 -0.75695518
v -0.00000000 -0.02222281 -0.75325878
v -0.00000000 -0.02828427 -0.74828427
v -0.00000000 -0.03325878 -0.74222281
v -0.00000000 -0.03695518 -0.73530734
v -0.00000000 -0.03923141 -0.72780361
v -0.00000000 -0.04000000 -0.72000000
v -0.00000000 -0.03923141 -0.71219639
v -0.00000000 -0.03695518 -0.70469266
v -0.00000000 -0.03325878 -0.69777719
v -0.00000000 -0.02828427 -0.69171573
v -0.00000000 -0.02222281 -0.68674122
v -0.00000000 -0.01530734 -0.68304482
v -0.00000000 -0.00780361 -0.68076859
v -0.00000000 -0.00000000 -0.68000000
v -0.00000000 0.00780361 -0.68076859
v -0.00000000 0.01530734 -0.68304482
v -0.00000000 0.02222281 -0.68674122
v -0.00000000 0.02828427 -0.69171573
v -0.00000000 0.03325878 -0.69777719
v -0.00000000 0.03695518 -0.70469266
v -0.00000000 0.03923141 -0.71219639
v -0.00000000 0.04000000 -0.72000000
v -0.00000000 0.03923141 -0.72780361
v -0.00000000 0.03695518 -0.73530734
v -0.00000000 0.03325878 -0.74222281
v -0.00000000 0.02828427 -0.74828427
v -0.00000000 0.02222281 -0.75325878
v -0.00000000 0.01530734 -0.75695518
v -0.00000000 0.00780361 -0.75923141
v 0.14826864 -0.00000000 -0.74539681
v 0.14811870 -0.00780361 -0.74464299
v 0.14767463 -0.01530734 -0.74241050
v 0.14695350 -0.02222281 -0.73878513
v 0.14598302 -0.02828427 -0.73390620
v 0.14480049 -0.03325878 -0.72796121
v 0.14345135 -0.03695518 -0.72117861
v 0.14198744 -0.03923141 -0.71381907
v 0.14046503 -0.04000000 -0.70616540
v 0.13894262 -0.03923141 -0.69851173
v 0.13747872 -0.03695518 -0.69115219
v 0.13612958 -0.03325878 -0.68436960
v 0.13494704 -0.02828427 -0.67842460
v 0.13397656 -0.02222281 -0.67354568
v 0.13325543 -0.01530734 -0.66992030
v 0.13281136 -0.00780361 -0.66768781
v 0.13266142 -0.00000000 -0.66693399
v 0.13281136 0.00780361 -0.66768781
v 0.13325543 0.01530734 -0.66992030
v 0.13397656 0.02222281 -0.67354568
v 0.13494704 0.02828427 -0.67842460
v 0.13612958 0.03325878 -0.68436960
v 0.13747872 0.03695518 -0.69115219
v 0.13894262 0.03923141 -0.69851173
v 0.14046503 0.04000000 -0.70616540
v 0.14198744 0.03923141 -0.71381907
v 0.14345135 0.03695518 -0.72117861
v 0.14480049 0.03325878 -0.72796121
v 0.14598302 0.02828427 -0.73390620
v 0.14695350 0.02222281 -0.73878513
v 0.14767463 0.01530734 -0.74241050
v 0.14811870 0.00780361 -0.74464299
v 0.29083941 -0.00000000 -0.70214844
v 0.29054528 -0.00780361 -0.70143836
v 0.28967421 -0.01530734 -0.69933540
v 0.28825966 -0.02222281 -0.69592037
v 0.28635599 -0.02828427 -0.69132452
v 0.28403637 -0.03325878 -0.68572446
v 0.28138994 -0.03695518 -0.67933540
v 0.27851838 -0.03923141 -0.67240286
v 0.27553207 -0.04000000 -0.66519326
v 0.27254576 -0.03923141 -0.65798367
v 0.26967421 -0.03695518 -0.65105113
v 0.26702777 -0.03325878 -0.64466206
v 0.26470815 -0.02828427 -0.63906200
v 0.26280449 -0.02222281 -0.63446615
v 0.26138994 -0.01530734 -0.63105113
v 0.26051886 -0.00780361 -0.62894817
v 0.26022473 -0.00000000 -0.62823808
v 0.26051886 0.00780361 -0.62894817
v 0.26138994 0.01530734 -0.63105113
v 0.26280449 0.02222281 -0.63446615
v 0.26470815 0.02828427 -0.63906200
v 0.26702777 0.03325878 -0.64466206
v 0.26967421 0.03695518 -0.65105113
v 0.27254576 0.03923141 -0.65798367
v 0.27553207 0.04000000 -0.66519326
v 0.27851838 0.03923141 -0.67240286
v 0.28138994 0.03695518 -0.67933540
v 0.28403637 0.03325878 -0.68572446
v 0.28635599 0.02828427 -0.69132452
v 0.28825966 0.02222281 -0.69592037
v 0.28967421 0.01530734 -0.69933540
v 0.29054528 0.00780361 -0.70143836
v 0.42223338 -0.00000000 -0.63191691
v 0.42180637 -0.00780361 -0.63127785
v 0.42054177 -0.01530734 -0.62938523
v 0.41848816 -0.02222281 -0.62631179
v 0.41572447 -0.02828427 -0.62217563
v 0.41235690 -0.03325878 -0.61713571
v 0.40851487 -0.03695518 -0.61138571
v 0.40434602 -0.03923141 -0.60514659
v 0.40001057 -0.04000000 -0.59865812
v 0.39567511 -0.03923141 -0.59216965
v 0.39150627 -0.03695518 -0.58593054
v 0.38766424 -0.03325878 -0.58018053
v 0.38429667 -0.02828427 -0.57514061
v 0.38153298 -0.02222281 -0.57100445
v 0.37947937 -0.01530734 -0.56793101
v 0.37821476 -0.00780361 -0.56603839
v 0.37778776 -0.00000000 -0.56539934
v 0.37821476 0.00780361 -0.56603839
v 0.37947937 0.01530734 -0.56793101
v 0.38153298 0.02222281 -0.57100445
v 0.38429667 0.02828427 -0.57514061
v 0.38766424 0.03325878 -0.58018053
v 0.39150627 0.03695518 -0.58593054
v 0.39567511 0.03923141 -0.59216965
v 0.40001057 0.04000000 -0.59865812
v 0.40434602 0.03923141 -0.60514659
v 0.40851487 0.03695518 -0.61138571
v 0.41235690 0.03325878 -0.61713571
v 0.41572447 0.02828427 -0.62217563
v 0.41848816 0.02222281 -0.62631179
v 0.42054177 0.01530734 -0.62938523
v 0.42180637 0.00780361 -0.63127785
v 0.53740115 -0.00000000 -0.53740115
v 0.53685768 -0.00780361 -0.53685768
v 0.53524814 -0.01530734 -0.53524814
v 0.53263439 -0.02222281 -0.53263439
v 0.52911688 -0.02828427 -0.52911688
v 0.52483078 -0.03325878 -0.52483078
v 0.51994080 -0.03695518 -0.51994080
v 0.51463487 -0.03923141 -0.51463487
v 0.50911688 -0.04000000 -0.50911688
v 0.50359889 -0.03923141 -0.50359889
v 0.49829296 -0.03695518 -0.49829296
v 0.49340298 -0.03325878 -0.49340298
v 0.48911688 -0.02828427 -0.48911688
v 0.48559937 -0.02222281 -0.48559937
v 0.48298562 -0.01530734 -0.48298562
v 0.48137609 -0.00780361 -0.48137609
v 0.48083261 -0.00000000 -0.48083261
v 0.48137609 0.00780361 -0.48137609
v 0.48298562 0.01530734 -0.48298562
v 0.48559937 0.02222281 -0.48559937
v 0.48911688 0.02828427 -0.48911688
v 0.49340298 0.03325878 -0.49340298
v 0.49829296 0.03695518 -0.49829296
v 0.50359889 0.03923141 -0.50359889
v 0.50911688 0.04000000 -0.50911688
v 0.51463487 0.03923141 -0.51463487
v 0.51994080 0.03695518 -0.51994080
v 0.52483078 0.03325878 -0.52483078
v 0.52911688 0.02828427 -0.52911688
v 0.53263439 0.02222281 -0.53263439
v 0.53524814 0.01530734 -0.53524814
v 0.53685768 0.00780361 -0.53685768
v 0.63191691 -0.00000000 -0.42223338
v 0.63127785 -0.00780361 -0.42180637
v 0.62938523 -0.01530734 -0.42054177
v 0.62631179 -0.02222281 -0.41848816
v 0.62217563 -0.02828427 -0.41572447
v 0.61713571 -0.03325878 -0.41235690
v 0.61138571 -0.03695518 -0.40851487
v 0.60514659 -0.03923141 -0.40434602
v 0.59865812 -0.04000000 -0.40001057
v 0.59216965 -0.03923141 -0.39567511
v 0.58593054 -0.03695518 -0.39150627
v 0.58018053 -0.03325878 -0.38766424
v 0.57514061 -0.02828427 -0.38429667
v 0.57100445 -0.02222281 -0.38153298
v 0.56793101 -0.01530734 -0.37947937
v 0.56603839 -0.00780361 -0.37821476
v 0.56539934 -0.00000000 -0.37778776
v 0.56603839 0.00780361 -0.37821476
v 0.56793101 0.01530734 -0.37947937
v 0.57100445 0.02222281 -0.38153298
v 0.57514061 0.02828427 -0.38429667
v 0.58018053 0.03325878 -0.38766424
v 0.58593054 0.03695518 -0.39150627
v 0.59216965 0.03923141 -0.39567511
v 0.59865812 0.04000000 -0.40001057
v 0.60514659 0.03923141 -0.40434602
v 0.61138571 0.03695518 -0.40851487
v 0.61713571 0.03325878 -0.41235690
v 0.62217563 0.02828427 -0.41572447
v 0.62631179 0.02222281 -0.41848816
v 0.62938523 0.01530734 -0.42054177
v 0.63127785 0.00780361 -0.42180637
v 0.70214844 -0.00000000 -0.29083941
v 0.70143836 -0.00780361 -0.29054528
v 0.69933540 -0.01530734 -0.28967421
v 0.69592037 -0.02222281 -0.28825966
v 0.69132452 -0.02828427 -0.28635599
v 0.68572446 -0.03325878 -0.28403637
v 0.67933540 -0.03695518 -0.28138994
v 0.67240286 -0.03923141 -0.27851838
v 0.66519326 -0.04000000 -0.27553207
v 0.65798367 -0.03923141 -0.27254576
v 0.65105113 -0.03695518 -0.26967421
v 0.64466206 -0.03325878 -0.26702777
v 0.63906200 -0.02828427 -0.26470815
v 0.63446615 -0.02222281 -0.26280449
v 0.63105113 -0.01530734 -0.26138994
v 0.62894817 -0.00780361 -0.26051886
v 0.62823808 -0.00000000 -0.26022473
v 0.62894817 0.00780361 -0.26051886
v 0.63105113 0.01530734 -0.26138994
v 0.63446615 0.02222281 -0.26280449
v 0.63906200 0.02828427 -0.26470815
v 0.64466206 0.03325878 -0.26702777
v 0.65105113 0.03695518 -0.26967421
v 0.65798367 0.03923141 -0.27254576
v 0.66519326 0.04000000 -0.27553207
v 0.67240286 0.03923141 -0.27851838
v 0.67933540 0.03695518 -0.28138994
v 0.68572446 0.03325878 -0.28403637
v 0.69132452 0.02828427 -0.28635599
v 0.69592037 0.02222281 -0.28825966
v 0.69933540 0.01530734 -0.28967421
v 0.70143836 0.00780361 -0.29054528
v 0.74539681 -0.00000000 -0.14826864
v 0.74464299 -0.00780361 -0.14811870
v 0.74241050 -0.01530734 -0.14767463
v 0.73878513 -0.02222281 -0.14695350
v 0.73390620 -0.02828427 -0.14598302
v 0.72796121 -0.03325878 -0.14480049
v 0.72117861 -0.03695518 -0.14345135
v 0.71381907 -0.03923141 -0.14198744
v 0.70616540 -0.04000000 -0.14046503
v 0.69851173 -0.03923141 -0.13894262
v 0.69115219 -0.03695518 -0.13747872
v 0.68436960 -0.03325878 -0.13612958
v 0.67842460 -0.02828427 -0.13494704
v 0.67354568 -0.02222281 -0.13397656
v 0.66992030 -0.01530734 -0.13325543
v 0.66768781 -0.00780361 -0.13281136
v 0.66693399 -0.00000000 -0.13266142
v 0.66768781 0.00780361 -0.13281136
v 0.66992030 0.01530734 -0.13325543
v 0.67354568 0.02222281 -0.13397656
v 0.67842460 0.02828427 -0.13494704
v 0.68436960 0.03325878 -0.13612958
v 0.69115219 0.03695518 -0.13747872
v 0.69851173 0.03923141 -0.13894262
v 0.70616540 0.04000000 -0.14046503
v 0.71381907 0.03923141 -0.14198744
v 0.72117861 0.03695518 -0.14345135
v 0.72796121 0.03325878 -0.14480049
v 0.73390620 0.02828427 -0.14598302
v 0.73878513 0.02222281 -0.14695350
v 0.74241050 0.01530734 -0.14767463
v 0.74464299 0.00780361 -0.14811870
v 0.57440207 0.00000000 -0.41732753
v 0.57737585 0.00000000 -0.41225376
v 0.57930265 0.00000000 -0.40669733
v 0.58010843 0.00000000 -0.40087177
v 0.57976221 0.00000000 -0.39500094
v 0.57827730 0.00000000 -0.38931046
v 0.57571076 0.00000000 -0.38401901
v 0.57216123 0.00000000 -0.37932995
v 0.56776511 0.00000000 -0.37542346
v 0.56269135 0.00000000 -0.37244968
v 0.55713492 0.00000000 -0.37052287
v 0.55130935 0.00000000 -0.36971710
v 0.54543852 0.00000000 -0.37006332
v 0.53974804 0.00000000 -0.37154823
v 0.53445660 0.00000000 -0.37411477
v 0.52976753 0.00000000 -0.37766430
v 0.52586105 0.00000000 -0.38206041
v 0.52288726 0.00000000 -0.38713418
v 0.52096046 0.00000000 -0.39269061
v 0.52015469 0.00000000 -0.39851618
v 0.52050091 0.00000000 -0.40438701
v 0.52198582 0.00000000 -0.41007748
v 0.52455235 0.00000000 -0.41536893
v 0.52810188 0.00000000 -0.42005799
v 0.53249800 0.00000000 -0.42396448
v 0.53757176 0.00000000 -0.42693827
v 0.54312820 0.00000000 -0.42886507
v 0.54895376 0.00000000 -0.42967084
v 0.55482459 0.00000000 -0.42932462
v 0.56051507 0.00000000 -0.42783971
v 0.56580651 0.00000000 -0.42527318
v 0.57049558 0.00000000 -0.42172365
v 0.56336509 0.13851413 -0.40930870
v 0.56634784 0.13840167 -0.40424144
v 0.56830118 0.13806862 -0.39870429
v 0.56915005 0.13752777 -0.39291004
v 0.56886182 0.13679991 -0.38708135
v 0.56744758 0.13591301 -0.38144221
v 0.56496167 0.13490115 -0.37620934
v 0.56149963 0.13380323 -0.37158384
v 0.55719449 0.13266142 -0.36774345
v 0.55221171 0.13151961 -0.36483577
v 0.54674276 0.13042168 -0.36297253
v 0.54099782 0.12940983 -0.36222533
v 0.53519766 0.12852293 -0.36262290
v 0.52956518 0.12779507 -0.36414995
v 0.52431683 0.12725422 -0.36674779
v 0.51965430 0.12692117 -0.37031660
v 0.51575677 0.12680871 -0.37471923
v 0.51277403 0.12692117 -0.37978649
v 0.51082069 0.12725422 -0.38532364
v 0.50997182 0.12779507 -0.39111789
v 0.51026004 0.12852293 -0.39694658
v 0.51167428 0.12940983 -0.40258572
v 0.51416019 0.13042168 -0.40781858
v 0.51762224 0.13151961 -0.41244409
v 0.52192738 0.13266142 -0.41628447
v 0.52691016 0.13380323 -0.41919216
v 0.53237911 0.13490115 -0.42105540
v 0.53812405 0.13591301 -0.42180259
v 0.54392421 0.13679991 -0.42140503
v 0.54955669 0.13752777 -0.41987798
v 0.55480504 0.13806862 -0.41728014
v 0.55946756 0.13840167 -0.41371133
v 0.53067831 0.27170524 -0.38556036
v 0.53368760 0.27148464 -0.38051239
v 0.53571953 0.27083134 -0.37503234
v 0.53669603 0.26977042 -0.36933081
v 0.53657957 0.26834268 -0.36362691
v 0.53537462 0.26660296 -0.35813984
v 0.53312749 0.26461813 -0.35308046
v 0.52992453 0.26246447 -0.34864319
v 0.52588884 0.26022473 -0.34499857
v 0.52117550 0.25798500 -0.34228665
v 0.51596565 0.25583134 -0.34061165
v 0.51045949 0.25384651 -0.34003794
v 0.50486862 0.25210679 -0.34058756
v 0.49940790 0.25067904 -0.34223940
v 0.49428718 0.24961813 -0.34492997
v 0.48970325 0.24896483 -0.34855589
v 0.48583226 0.24874423 -0.35297780
v 0.48282297 0.24896483 -0.35802577
v 0.48079104 0.24961813 -0.36350582
v 0.47981454 0.25067904 -0.36920735
v 0.47993100 0.25210679 -0.37491125
v 0.48113595 0.25384651 -0.38039832
v 0.48338308 0.25583134 -0.38545770
v 0.48658604 0.25798500 -0.38989497
v 0.49062173 0.26022473 -0.39353959
v 0.49533507 0.26246447 -0.39625151
v 0.50054492 0.26461813 -0.39792651
v 0.50605108 0.26660296 -0.39850022
v 0.51164195 0.26834268 -0.39795060
v 0.51710267 0.26977042 -0.39629876
v 0.52222339 0.27083134 -0.39360818
v 0.52680732 0.27148464 -0.38998227
v 0.47759786 0.39445487 -0.34699516
v 0.48065024 0.39413461 -0.34197850
v 0.48280981 0.39318616 -0.33659118
v 0.48399357 0.39164595 -0.33104023
v 0.48415603 0.38957318 -0.32553898
v 0.48329095 0.38704751 -0.32029884
v 0.48143158 0.38416598 -0.31552118
v 0.47864937 0.38103935 -0.31138960
v 0.47505123 0.37778776 -0.30806288
v 0.47077545 0.37453617 -0.30566886
v 0.46598633 0.37140953 -0.30429955
v 0.46086793 0.36852801 -0.30400756
v 0.45561693 0.36600233 -0.30480411
v 0.45043514 0.36392957 -0.30665860
v 0.44552168 0.36238936 -0.30949976
v 0.44106537 0.36144091 -0.31321840
v 0.43723748 0.36112065 -0.31767162
v 0.43418510 0.36144091 -0.32268829
v 0.43202554 0.36238936 -0.32807561
v 0.43084178 0.36392957 -0.33362655
v 0.43067931 0.36600233 -0.33912780
v 0.43154439 0.36852801 -0.34436794
v 0.43340376 0.37140953 -0.34914560
v 0.43618598 0.37453617 -0.35327718
v 0.43978411 0.37778776 -0.35660390
v 0.44405990 0.38103935 -0.35899792
v 0.44884901 0.38416598 -0.36036723
v 0.45396742 0.38704751 -0.36065922
v 0.45921841 0.38957318 -0.35986267
v 0.46440021 0.39164595 -0.35800818
v 0.46931367 0.39318616 -0.35516702
v 0.47376997 0.39413461 -0.35144838
v 0.40616360 0.50204581 -0.29509513
v 0.40927397 0.50163821 -0.29012060
v 0.41160530 0.50043106 -0.28485807
v 0.41306798 0.49847075 -0.27950978
v 0.41360582 0.49583261 -0.27428125
v 0.41319813 0.49261804 -0.26937342
v 0.41186059 0.48895055 -0.26497490
v 0.40964460 0.48497110 -0.26125470
v 0.40663531 0.48083261 -0.25835581
v 0.40294838 0.47669412 -0.25638962
v 0.39872548 0.47271467 -0.25543168
v 0.39412891 0.46904719 -0.25551883
v 0.38933531 0.46583261 -0.25664770
v 0.38452888 0.46319448 -0.25877491
v 0.37989435 0.46123417 -0.26181872
v 0.37560981 0.46002701 -0.26566215
v 0.37183991 0.45961941 -0.27015751
v 0.36872954 0.46002701 -0.27513204
v 0.36639821 0.46123417 -0.28039456
v 0.36493552 0.46319448 -0.28574286
v 0.36439769 0.46583261 -0.29097138
v 0.36480538 0.46904719 -0.29587921
v 0.36614292 0.47271467 -0.30027774
v 0.36835891 0.47669412 -0.30399793
v 0.37136820 0.48083261 -0.30689683
v 0.37505513 0.48497110 -0.30886302
v 0.37927802 0.48895055 -0.30982095
v 0.38387460 0.49261804 -0.30973381
v 0.38866820 0.49583261 -0.30860494
v 0.39347462 0.49847075 -0.30647773
v 0.39810916 0.50043106 -0.30343392
v 0.40239370 0.50163821 -0.29959048
v 0.31912069 0.59034342 -0.23185475
v 0.32230174 0.58986413 -0.22693157
v 0.32484235 0.58844467 -0.22182110
v 0.32664491 0.58613959 -0.21671974
v 0.32764013 0.58303747 -0.21182353
v 0.32778978 0.57925753 -0.20732063
v 0.32708809 0.57494503 -0.20338407
v 0.32556204 0.57026569 -0.20016515
v 0.32327027 0.56539934 -0.19778756
v 0.32030086 0.56053299 -0.19634268
v 0.31676791 0.55585365 -0.19588602
v 0.31280719 0.55154114 -0.19643514
v 0.30857092 0.54776120 -0.19796893
v 0.30422188 0.54465908 -0.20042846
v 0.29992722 0.54235400 -0.20371920
v 0.29585197 0.54093454 -0.20771469
v 0.29215274 0.54045525 -0.21226139
v 0.28897170 0.54093454 -0.21718458
v 0.28643108 0.54235400 -0.22229504
v 0.28462852 0.54465908 -0.22739640
v 0.28363330 0.54776120 -0.23229262
v 0.28348366 0.55154114 -0.23679552
v 0.28418534 0.55585365 -0.24073207
v 0.28571139 0.56053299 -0.24395099
v 0.28800316 0.56539934 -0.24632858
v 0.29097258 0.57026569 -0.24777347
v 0.29450553 0.57494503 -0.24823013
v 0.29846624 0.57925753 -0.24768101
v 0.30270252 0.58303747 -0.24614721
v 0.30705155 0.58613959 -0.24368769
v 0.31134621 0.58844467 -0.24039695
v 0.31542146 0.58986413 -0.23640145
v 0.21981415 0.65595447 -0.15970433
v 0.22307583 0.65542191 -0.15483973
v 0.22585522 0.65384468 -0.14990274
v 0.22804554 0.65128341 -0.14508310
v 0.22956259 0.64783653 -0.14056603
v 0.23034809 0.64363648 -0.13652510
v 0.23037185 0.63884468 -0.13311561
v 0.22963295 0.63364528 -0.13046859
v 0.22815979 0.62823808 -0.12868575
v 0.22600898 0.62283088 -0.12783562
v 0.22326318 0.61763148 -0.12795086
v 0.22002791 0.61283968 -0.12902704
v 0.21642749 0.60863964 -0.13102281
v 0.21260029 0.60519275 -0.13386147
v 0.20869338 0.60263148 -0.13743393
v 0.20485691 0.60105426 -0.14160291
v 0.20123831 0.60052170 -0.14620819
v 0.19797664 0.60105426 -0.15107279
v 0.19519724 0.60263148 -0.15600978
v 0.19300693 0.60519275 -0.16082942
v 0.19148987 0.60863964 -0.16534650
v 0.19070437 0.61283968 -0.16938743
v 0.19068062 0.61763148 -0.17279691
v 0.19141951 0.62283088 -0.17544394
v 0.19289267 0.62823808 -0.17722677
v 0.19504348 0.63364528 -0.17807690
v 0.19778928 0.63884468 -0.17796166
v 0.20102456 0.64363648 -0.17688548
v 0.20462498 0.64783653 -0.17488971
v 0.20845218 0.65128341 -0.17205105
v 0.21235908 0.65384468 -0.16847859
v 0.21619555 0.65542191 -0.16430961
v 0.11206028 0.69635755 -0.08141656
v 0.11540944 0.69579218 -0.07661552
v 0.11844793 0.69411781 -0.07186678
v 0.12105898 0.69139879 -0.06735282
v 0.12314226 0.68773959 -0.06324713
v 0.12461770 0.68328084 -0.05970747
v 0.12542861 0.67819390 -0.05686988
v 0.12554382 0.67267424 -0.05484340
v 0.12495890 0.66693399 -0.05370592
v 0.12369633 0.66119374 -0.05350113
v 0.12180464 0.65567408 -0.05423692
v 0.11935652 0.65058714 -0.05588500
v 0.11644604 0.64612839 -0.05838204
v 0.11318506 0.64246920 -0.06163208
v 0.10969890 0.63975017 -0.06551023
v 0.10612152 0.63807580 -0.06986745
v 0.10259040 0.63751043 -0.07453629
v 0.09924125 0.63807580 -0.07933733
v 0.09620276 0.63975017 -0.08408608
v 0.09359170 0.64246920 -0.08860003
v 0.09150843 0.64612839 -0.09270572
v 0.09003298 0.65058714 -0.09624538
v 0.08922208 0.65567408 -0.09908297
v 0.08910687 0.66119374 -0.10110945
v 0.08969178 0.66693399 -0.10224694
v 0.09095435 0.67267424 -0.10245172
v 0.09284604 0.67819390 -0.10171594
v 0.09529417 0.68328084 -0.10006785
v 0.09820464 0.68773959 -0.09757081
v 0.10146562 0.69139879 -0.09432077
v 0.10495179 0.69411781 -0.09044262
v 0.10852917 0.69579218 -0.08608540
v 0.00000000 0.71000000 -0.00000000
v 0.00344014 0.70942356 0.00473494
v 0.00674807 0.70771639 0.00928792
v 0.00979668 0.70494409 0.01348397
v 0.01246881 0.70121320 0.01716184
v 0.01466177 0.69666711 0.02018019
v 0.01629128 0.69148050 0.02242303
v 0.01729473 0.68585271 0.02380416
v 0.01763356 0.68000000 0.02427051
v 0.01729473 0.67414729 0.02380416
v 0.01629128 0.66851950 0.02242303
v 0.01466177 0.66333289 0.02018019
v 0.01246881 0.65878680 0.01716184
v 0.00979668 0.65505591 0.01348397
v 0.00674807 0.65228361 0.00928792
v 0.00344014 0.65057644 0.00473494
v 0.00000000 0.65000000 -0.00000000
v -0.00344014 0.65057644 -0.00473494
v -0.00674807 0.65228361 -0.00928792
v -0.00979668 0.65505591 -0.01348397
v -0.01246881 0.65878680 -0.01716184
v -0.01466177 0.66333289 -0.02018019
v -0.01629128 0.66851950 -0.02242303
v -0.01729473 0.67414729 -0.02380416
v -0.01763356 0.68000000 -0.02427051
v -0.01729473 0.68585271 -0.02380416
v -0.01629128 0.69148050 -0.02242303
v -0.01466177 0.69666711 -0.02018019
v -0.01246881 0.70121320 -0.01716184
v -0.00979668 0.70494409 -0.01348397
v -0.00674807 0.70771639 -0.00928792
v -0.00344014 0.70942356 -0.00473494
v -0.11206028 0.69635755 0.08141656
v -0.10852917 0.69579218 0.08608540
v -0.10495179 0.69411781 0.09044262
v -0.10146562 0.69139879 0.09432077
v -0.09820464 0.68773959 0.09757081
v -0.09529417 0.68328084 0.10006785
v -0.09284604 0.67819390 0.10171594
v -0.09095435 0.67267424 0.10245172
v -0.08969178 0.66693399 0.10224694
v -0.08910687 0.66119374 0.10110945
v -0.08922208 0.65567408 0.09908297
v -0.09003298 0.65058714 0.09624538
v -0.09150843 0.64612839 0.09270572
v -0.09359170 0.64246920 0.08860003
v -0.09620276 0.63975017 0.08408608
v -0.09924125 0.63807580 0.07933733
v -0.10259040 0.63751043 0.07453629
v -0.10612152 0.63807580 0.06986745
v -0.10969890 0.63975017 0.06551023
v -0.11318506 0.64246920 0.06163208
v -0.11644604 0.64612839 0.05838204
v -0.11935652 0.65058714 0.05588500
v -0.12180464 0.65567408 0.05423692
v -0.12369633 0.66119374 0.05350113
v -0.12495890 0.66693399 0.05370592
v -0.12554382 0.67267424 0.05484340
v -0.12542861 0.67819390 0.05686988
v -0.12461770 0.68328084 0.05970747
v -0.12314226 0.68773959 0.06324713
v -0.12105898 0.69139879 0.06735282
v -0.11844793 0.69411781 0.07186678
v -0.11540944 0.69579218 0.07661552
v -0.21981415 0.65595447 0.15970433
v -0.21619555 0.65542191 0.16430961
v -0.21235908 0.65384468 0.16847859
v -0.20845218 0.65128341 0.17205105
v -0.20462498 0.64783653 0.17488971
v -0.20102456 0.64363648 0.17688548
v -0.19778928 0.63884468 0.17796166
v -0.19504348 0.63364528 0.17807690
v -0.19289267 0.62823808 0.17722677
v -0.19141951 0.62283088 0.17544394
v -0.19068062 0.61763148 0.17279691
v -0.19070437 0.61283968 0.16938743
v -0.19148987 0.60863964 0.16534650
v -0.19300693 0.60519275 0.16082942
v -0.19519724 0.60263148 0.15600978
v -0.19797664 0.60105426 0.15107279
v -0.20123831 0.60052170 0.14620819
v -0.20485691 0.60105426 0.14160291
v -0.20869338 0.60263148 0.13743393
v -0.21260029 0.60519275 0.13386147
v -0.21642749 0.60863964 0.13102281
v -0.22002791 0.61283968 0.12902704
v -0.22326318 0.61763148 0.12795086
v -0.22600898 0.62283088 0.12783562
v -0.22815979 0.62823808 0.12868575
v -0.22963295 0.63364528 0.13046859
v -0.23037185 0.63884468 0.13311561
v -0.23034809 0.64363648 0.13652510
v -0.22956259 0.64783653 0.14056603
v -0.22804554 0.65128341 0.14508310
v -0.22585522 0.65384468 0.14990274
v -0.22307583 0.65542191 0.15483973
v -0.31912069 0.59034342 0.23185475
v -0.31542146 0.58986413 0.23640145
v -0.31134621 0.58844467 0.24039695
v -0.30705155 0.58613959 0.24368769
v -0.30270252 0.58303747 0.24614721
v -0.29846624 0.57925753 0.24768101
v -0.29450553 0.57494503 0.24823013
v -0.29097258 0.57026569 0.24777347
v -0.28800316 0.56539934 0.24632858
v -0.28571139 0.56053299 0.24395099
v -0.28418534 0.55585365 0.24073207
v -0.28348366 0.55154114 0.23679552
v -0.28363330 0.54776120 0.23229262
v -0.28462852 0.54465908 0.22739640
v -0.28643108 0.54235400 0.22229504
v -0.28897170 0.54093454 0.21718458
v -0.29215274 0.54045525 0.21226139
v -0.29585197 0.54093454 0.20771469
v -0.29992722 0.54235400 0.20371920
v -0.30422188 0.54465908 0.20042846
v -0.30857092 0.54776120 0.19796893
v -0.31280719 0.55154114 0.19643514
v -0.31676791 0.55585365 0.19588602
v -0.32030086 0.56053299 0.19634268
v -0.32327027 0.56539934 0.19778756
v -0.32556204 0.57026569 0.20016515
v -0.32708809 0.57494503 0.20338407
v -0.32778978 0.57925753 0.20732063
v -0.32764013 0.58303747 0.21182353
v -0.32664491 0.58613959 0.21671974
v -0.32484235 0.58844467 0.22182110
v -0.32230174 0.58986413 0.22693157
v -0.40616360 0.50204581 0.29509513
v -0.40239370 0.50163821 0.29959048
v -0.39810916 0.50043106 0.30343392
v -0.39347462 0.49847075 0.30647773
v -0.38866820 0.49583261 0.30860494
v -0.38387460 0.49261804 0.30973381
v -0.37927802 0.48895055 0.30982095
v -0.37505513 0.48497110 0.30886302
v -0.37136820 0.48083261 0.30689683
v -0.36835891 0.47669412 0.30399793
v -0.36614292 0.47271467 0.30027774
v -0.36480538 0.46904719 0.29587921
v -0.36439769 0.46583261 0.29097138
v -0.36493552 0.46319448 0.28574286
v -0.36639821 0.46123417 0.28039456
v -0.36872954 0.46002701 0.27513204
v -0.37183991 0.45961941 0.27015751
v -0.37560981 0.46002701 0.26566215
v -0.37989435 0.46123417 0.26181872
v -0.38452888 0.46319448 0.25877491
v -0.38933531 0.46583261 0.25664770
v -0.39412891 0.46904719 0.25551883
v -0.39872548 0.47271467 0.25543168
v -0.40294838 0.47669412 0.25638962
v -0.40663531 0.48083261 0.25835581
v -0.40964460 0.48497110 0.26125470
v -0.41186059 0.48895055 0.26497490
v -0.41319813 0.49261804 0.26937342
v -0.41360582 0.49583261 0.27428125
v -0.41306798 0.49847075 0.27950978
v -0.41160530 0.50043106 0.28485807
v -0.40927397 0.50163821 0.29012060
v -0.47759786 0.39445487 0.34699516
v -0.47376997 0.39413461 0.35144838
v -0.46931367 0.39318616 0.35516702
v -0.46440021 0.39164595 0.35800818
v -0.45921841 0.38957318 0.35986267
v -0.45396742 0.38704751 0.36065922
v -0.44884901 0.38416598 0.36036723
v -0.44405990 0.38103935 0.35899792
v -0.43978411 0.37778776 0.35660390
v -0.43618598 0.37453617 0.35327718
v -0.43340376 0.37140953 0.34914560
v -0.43154439 0.36852801 0.34436794
v -0.43067931 0.36600233 0.33912780
v -0.43084178 0.36392957 0.33362655
v -0.43202554 0.36238936 0.32807561
v -0.43418510 0.36144091 0.32268829
v -0.43723748 0.36112065 0.31767162
v -0.44106537 0.36144091 0.31321840
v -0.44552168 0.36238936 0.30949976
v -0.45043514 0.36392957 0.30665860
v -0.45561693 0.36600233 0.30480411
v -0.46086793 0.36852801 0.30400756
v -0.46598633 0.37140953 0.30429955
v -0.47077545 0.37453617 0.30566886
v -0.47505123 0.37778776 0.30806288
v -0.47864937 0.38103935 0.31138960
v -0.48143158 0.38416598 0.31552118
v -0.48329095 0.38704751 0.32029884
v -0.48415603 0.38957318 0.32553898
v -0.48399357 0.39164595 0.33104023
v -0.48280981 0.39318616 0.33659118
v -0.48065024 0.39413461 0.34197850
v -0.53067831 0.27170524 0.38556036
v -0.52680732 0.27148464 0.38998227
v -0.52222339 0.27083134 0.39360818
v -0.51710267 0.26977042 0.39629876
v -0.51164195 0.26834268 0.39795060
v -0.50605108 0.26660296 0.39850022
v -0.50054492 0.26461813 0.39792651
v -0.49533507 0.26246447 0.39625151
v -0.49062173 0.26022473 0.39353959
v -0.48658604 0.25798500 0.38989497
v -0.48338308 0.25583134 0.38545770
v -0.48113595 0.25384651 0.38039832
v -0.47993100 0.25210679 0.37491125
v -0.47981454 0.25067904 0.36920735
v -0.48079104 0.24961813 0.36350582
v -0.48282297 0.24896483 0.35802577
v -0.48583226 0.24874423 0.35297780
v -0.48970325 0.24896483 0.34855589
v -0.49428718 0.24961813 0.34492997
v -0.49940790 0.25067904 0.34223940
v -0.50486862 0.25210679 0.34058756
v -0.51045949 0.25384651 0.34003794
v -0.51596565 0.25583134 0.34061165
v -0.52117550 0.25798500 0.34228665
v -0.52588884 0.26022473 0.34499857
v -0.52992453 0.26246447 0.34864319
v -0.53312749 0.26461813 0.35308046
v -0.53537462 0.26660296 0.35813984
v -0.53657957 0.26834268 0.36362691
v -0.53669603 0.26977042 0.36933081
v -0.53571953 0.27083134 0.37503234
v -0.53368760 0.27148464 0.38051239
v -0.56336509 0.13851413 0.40930870
v -0.55946756 0.13840167 0.41371133
v -0.55480504 0.13806862 0.41728014
v -0.54955669 0.13752777 0.41987798
v -0.54392421 0.13679991 0.42140503
v -0.53812405 0.13591301 0.42180259
v -0.53237911 0.13490115 0.42105540
v -0.52691016 0.13380323 0.41919216
v -0.52192738 0.13266142 0.41628447
v -0.51762224 0.13151961 0.41244409
v -0.51416019 0.13042168 0.40781858
v -0.51167428 0.12940983 0.40258572
v -0.51026004 0.12852293 0.39694658
v -0.50997182 0.12779507 0.39111789
v -0.51082069 0.12725422 0.38532364
v -0.51277403 0.12692117 0.37978649
v -0.51575677 0.12680871 0.37471923
v -0.51965430 0.12692117 0.37031660
v -0.52431683 0.12725422 0.36674779
v -0.52956518 0.12779507 0.36414995
v -0.53519766 0.12852293 0.36262290
v -0.54099782 0.12940983 0.36222533
v -0.54674276 0.13042168 0.36297253
v -0.55221171 0.13151961 0.36483577
v -0.55719449 0.13266142 0.36774345
v -0.56149963 0.13380323 0.37158384
v -0.56496167 0.13490115 0.37620934
v -0.56744758 0.13591301 0.38144221
v -0.56886182 0.13679991 0.38708135
v -0.56915005 0.13752777 0.39291004
v -0.56830118 0.13806862 0.39870429
v -0.56634784 0.13840167 0.40424144
v -0.57440207 0.00000000 0.41732753
v -0.57049558 0.00000000 0.42172365
v -0.56580651 0.00000000 0.42527318
v -0.56051507 0.00000000 0.42783971
v -0.55482459 0.00000000 0.42932462
v -0.54895376 0.00000000 0.42967084
v -0.54312820 0.00000000 0.42886507
v -0.53757176 0.00000000 0.42693827
v -0.53249800 0.00000000 0.42396448
v -0.52810188 0.00000000 0.42005799
v -0.52455235 0.00000000 0.41536893
v -0.52198582 0.00000000 0.41007748
v -0.52050091 0.00000000 0.40438701
v -0.52015469 0.00000000 0.39851618
v -0.52096046 0.00000000 0.39269061
v -0.52288726 0.00000000 0.38713418
v -0.52586105 0.00000000 0.38206041
v -0.52976753 0.00000000 0.37766430
v -0.53445660 0.00000000 0.37411477
v -0.53974804 0.00000000 0.37154823
v -0.54543852 0.00000000 0.37006332
v -0.55130935 0.00000000 0.36971710
v -0.55713492 0.00000000 0.37052287
v -0.56269135 0.00000000 0.37244968
v -0.56776511 0.00000000 0.37542346
v -0.57216123 0.00000000 0.37932995
v -0.57571076 0.00000000 0.38401901
v -0.57827730 0.00000000 0.38931046
v -0.57976221 0.00000000 0.39500094
v -0.58010843 0.00000000 0.40087177
v -0.57930265 0.00000000 0.40669733
v -0.57737585 0.00000000 0.41225376
v -0.56336509 -0.13851413 0.40930870
v -0.55946756 -0.13840167 0.41371133
v -0.55480504 -0.13806862 0.41728014
v -0.54955669 -0.13752777 0.41987798
v -0.54392421 -0.13679991 0.42140503
v -0.53812405 -0.13591301 0.42180259
v -0.53237911 -0.13490115 0.42105540
v -0.52691016 -0.13380323 0.41919216
v -0.52192738 -0.13266142 0.41628447
v -0.51762224 -0.13151961 0.41244409
v -0.51416019 -0.13042168 0.40781858
v -0.51167428 -0.12940983 0.40258572
v -0.51026004 -0.12852293 0.39694658
v -0.50997182 -0.12779507 0.39111789
v -0.51082069 -0.12725422 0.38532364
v -0.51277403 -0.12692117 0.37978649
v -0.51575677 -0.12680871 0.37471923
v -0.51965430 -0.12692117 0.37031660
v -0.52431683 -0.12725422 0.36674779
v -0.52956518 -0.12779507 0.36414995
v -0.53519766 -0.12852293 0.36262290
v -0.54099782 -0.12940983 0.36222533
v -0.54674276 -0.13042168 0.36297253
v -0.55221171 -0.13151961 0.36483577
v -0.55719449 -0.13266142 0.36774345
v -0.56149963 -0.13380323 0.37158384
v -0.56496167 -0.13490115 0.37620934
v -0.56744758 -0.13591301 0.38144221
v -0.56886182 -0.13679991 0.38708135
v -0.56915005 -0.13752777 0.39291004
v -0.56830118 -0.13806862 0.39870429
v -0.56634784 -0.13840167 0.40424144
v -0.53067831 -0.27170524 0.38556036
v -0.52680732 -0.27148464 0.38998227
v -0.52222339 -0.27083134 0.39360818
v -0.51710267 -0.26977042 0.39629876
v -0.51164195 -0.26834268 0.39795060
v -0.50605108 -0.26660296 0.39850022
v -0.50054492 -0.26461813 0.39792651
v -0.49533507 -0.26246447 0.39625151
v -0.49062173 -0.26022473 0.39353959
v -0.48658604 -0.25798500 0.38989497
v -0.48338308 -0.25583134 0.38545770
v -0.48113595 -0.25384651 0.38039832
v -0.47993100 -0.25210679 0.37491125
v -0.47981454 -0.25067904 0.36920735
v -0.48079104 -0.24961813 0.36350582
v -0.48282297 -0.24896483 0.35802577
v -0.48583226 -0.24874423 0.35297780
v -0.48970325 -0.24896483 0.34855589
v -0.49428718 -0.24961813 0.34492997
v -0.49940790 -0.25067904 0.34223940
v -0.50486862 -0.25210679 0.34058756
v -0.51045949 -0.25384651 0.34003794
v -0.51596565 -0.25583134 0.34061165
v -0.52117550 -0.25798500 0.34228665
v -0.52588884 -0.26022473 0.34499857
v -0.52992453 -0.26246447 0.34864319
v -0.53312749 -0.26461813 0.35308046
v -0.53537462 -0.26660296 0.35813984
v -0.53657957 -0.26834268 0.36362691
v -0.53669603 -0.26977042 0.36933081
v -0.53571953 -0.27083134 0.37503234
v -0.53368760 -0.27148464 0.38051239
v -0.47759786 -0.39445487 0.34699516
v -0.47376997 -0.39413461 0.35144838
v -0.46931367 -0.39318616 0.35516702
v -0.46440021 -0.39164595 0.35800818
v -0.45921841 -0.38957318 0.35986267
v -0.45396742 -0.38704751 0.36065922
v -0.44884901 -0.38416598 0.36036723
v -0.44405990 -0.38103935 0.35899792
v -0.43978411 -0.37778776 0.35660390
v -0.43618598 -0.37453617 0.35327718
v -0.43340376 -0.37140953 0.34914560
v -0.43154439 -0.36852801 0.34436794
v -0.43067931 -0.36600233 0.33912780
v -0.43084178 -0.36392957 0.33362655
v -0.43202554 -0.36238936 0.32807561
v -0.43418510 -0.36144091 0.32268829
v -0.43723748 -0.36112065 0.31767162
v -0.44106537 -0.36144091 0.31321840
v -0.44552168 -0.36238936 0.30949976
v -0.45043514 -0.36392957 0.30665860
v -0.45561693 -0.36600233 0.30480411
v -0.46086793 -0.36852801 0.30400756
v -0.46598633 -0.37140953 0.30429955
v -0.47077545 -0.37453617 0.30566886
v -0.47505123 -0.37778776 0.30806288
v -0.47864937 -0.38103935 0.31138960
v -0.48143158 -0.38416598 0.31552118
v -0.48329095 -0.38704751 0.32029884
v -0.48415603 -0.38957318 0.32553898
v -0.48399357 -0.39164595 0.33104023
v -0.48280981 -0.39318616 0.33659118
v -0.48065024 -0.39413461 0.34197850
v -0.40616360 -0.50204581 0.29509513
v -0.40239370 -0.50163821 0.29959048
v -0.39810916 -0.50043106 0.30343392
v -0.39347462 -0.49847075 0.30647773
v -0.38866820 -0.49583261 0.30860494
v -0.38387460 -0.49261804 0.30973381
v -0.37927802 -0.48895055 0.30982095
v -0.37505513 -0.48497110 0.30886302
v -0.37136820 -0.48083261 0.30689683
v -0.36835891 -0.47669412 0.30399793
v -0.36614292 -0.47271467 0.30027774
v -0.36480538 -0.46904719 0.29587921
v -0.36439769 -0.46583261 0.29097138
v -0.36493552 -0.46319448 0.28574286
v -0.36639821 -0.46123417 0.28039456
v -0.36872954 -0.46002701 0.27513204
v -0.37183991 -0.45961941 0.27015751
v -0.37560981 -0.46002701 0.26566215
v -0.37989435 -0.46123417 0.26181872
v -0.38452888 -0.46319448 0.25877491
v -0.38933531 -0.46583261 0.25664770
v -0.39412891 -0.46904719 0.25551883
v -0.39872548 -0.47271467 0.25543168
v -0.40294838 -0.47669412 0.25638962
v -0.40663531 -0.48083261 0.25835581
v -0.40964460 -0.48497110 0.26125470
v -0.41186059 -0.48895055 0.26497490
v -0.41319813 -0.49261804 0.26937342
v -0.41360582 -0.49583261 0.27428125
v -0.41306798 -0.49847075 0.27950978
v -0.41160530 -0.50043106 0.28485807
v -0.40927397 -0.50163821 0.29012060
v -0.31912069 -0.59034342 0.23185475
v -0.31542146 -0.58986413 0.23640145
v -0.31134621 -0.58844467 0.24039695
v -0.30705155 -0.58613959 0.24368769
v -0.30270252 -0.58303747 0.24614721
v -0.29846624 -0.57925753 0.24768101
v -0.29450553 -0.57494503 0.24823013
v -0.29097258 -0.57026569 0.24777347
v -0.28800316 -0.56539934 0.24632858
v -0.28571139 -0.56053299 0.24395099
v -0.28418534 -0.55585365 0.24073207
v -0.28348366 -0.55154114 0.23679552
v -0.28363330 -0.54776120 0.23229262
v -0.28462852 -0.54465908 0.22739640
v -0.28643108 -0.54235400 0.22229504
v -0.28897170 -0.54093454 0.21718458
v -0.29215274 -0.54045525 0.21226139
v -0.29585197 -0.54093454 0.20771469
v -0.29992722 -0.54235400 0.20371920
v -0.30422188 -0.54465908 0.20042846
v -0.30857092 -0.54776120 0.19796893
v -0.31280719 -0.55154114 0.19643514
v -0.31676791 -0.55585365 0.19588602
v -0.32030086 -0.56053299 0.19634268
v -0.32327027 -0.56539934 0.19778756
v -0.32556204 -0.57026569 0.20016515
v -0.32708809 -0.57494503 0.20338407
v -0.32778978 -0.57925753 0.20732063
v -0.32764013 -0.58303747 0.21182353
v -0.32664491 -0.58613959 0.21671974
v -0.32484235 -0.58844467 0.22182110
v -0.32230174 -0.58986413 0.22693157
v -0.21981415 -0.65595447 0.15970433
v -0.21619555 -0.65542191 0.16430961
v -0.21235908 -0.65384468 0.16847859
v -0.20845218 -0.65128341 0.17205105
v -0.20462498 -0.64783653 0.17488971
v -0.20102456 -0.64363648 0.17688548
v -0.19778928 -0.63884468 0.17796166
v -0.19504348 -0.63364528 0.17807690
v -0.19289267 -0.62823808 0.17722677
v -0.19141951 -0.62283088 0.17544394
v -0.19068062 -0.61763148 0.17279691
v -0.19070437 -0.61283968 0.16938743
v -0.19148987 -0.60863964 0.16534650
v -0.19300693 -0.60519275 0.16082942
v -0.19519724 -0.60263148 0.15600978
v -0.19797664 -0.60105426 0.15107279
v -0.20123831 -0.60052170 0.14620819
v -0.20485691 -0.60105426 0.14160291
v -0.20869338 -0.60263148 0.13743393
v -0.21260029 -0.60519275 0.13386147
v -0.21642749 -0.60863964 0.13102281
v -0.22002791 -0.61283968 0.12902704
v -0.22326318 -0.61763148 0.12795086
v -0.22600898 -0.62283088 0.12783562
v -0.22815979 -0.62823808 0.12868575
v -0.22963295 -0.63364528 0.13046859
v -0.23037185 -0.63884468 0.13311561
v -0.23034809 -0.64363648 0.13652510
v -0.22956259 -0.64783653 0.14056603
v -0.22804554 -0.65128341 0.14508310
v -0.22585522 -0.65384468 0.14990274
v -0.22307583 -0.65542191 0.15483973
v -0.11206028 -0.69635755 0.08141656
v -0.10852917 -0.69579218 0.08608540
v -0.10495179 -0.69411781 0.09044262
v -0.10146562 -0.69139879 0.09432077
v -0.09820464 -0.68773959 0.09757081
v -0.09529417 -0.68328084 0.10006785
v -0.09284604 -0.67819390 0.10171594
v -0.09095435 -0.67267424 0.10245172
v -0.08969178 -0.66693399 0.10224694
v -0.08910687 -0.66119374 0.10110945
v -0.08922208 -0.65567408 0.09908297
v -0.09003298 -0.65058714 0.09624538
v -0.09150843 -0.64612839 0.09270572
v -0.09359170 -0.64246920 0.08860003
v -0.09620276 -0.63975017 0.08408608
v -0.09924125 -0.63807580 0.07933733
v -0.10259040 -0.63751043 0.07453629
v -0.10612152 -0.63807580 0.06986745
v -0.10969890 -0.63975017 0.06551023
v -0.11318506 -0.64246920 0.06163208
v -0.11644604 -0.64612839 0.05838204
v -0.11935652 -0.65058714 0.05588500
v -0.12180464 -0.65567408 0.05423692
v -0.12369633 -0.66119374 0.05350113
v -0.12495890 -0.66693399 0.05370592
v -0.12554382 -0.67267424 0.05484340
v -0.12542861 -0.67819390 0.05686988
v -0.12461770 -0.68328084 0.05970747
v -0.12314226 -0.68773959 0.06324713
v -0.12105898 -0.69139879 0.06735282
v -0.11844793 -0.69411781 0.07186678
v -0.11540944 -0.69579218 0.07661552
v -0.00000000 -0.71000000 0.00000000
v 0.00344014 -0.70942356 0.00473494
v 0.00674807 -0.70771639 0.00928792
v 0.00979668 -0.70494409 0.01348397
v 0.01246881 -0.70121320 0.01716184
v 0.01466177 -0.69666711 0.02018019
v 0.01629128 -0.69148050 0.02242303
v 0.01729473 -0.68585271 0.02380416
v 0.01763356 -0.68000000 0.02427051
v 0.01729473 -0.67414729 0.02380416
v 0.01629128 -0.66851950 0.02242303
v 0.01466177 -0.66333289 0.02018019
v 0.01246881 -0.65878680 0.01716184
v 0.00979668 -0.65505591 0.01348397
v 0.00674807 -0.65228361 0.00928792
v 0.00344014 -0.65057644 0.00473494
v -0.00000000 -0.65000000 0.00000000
v -0.00344014 -0.65057644 -0.00473494
v -0.00674807 -0.65228361 -0.00928792
v -0.00979668 -0.65505591 -0.01348397
v -0.01246881 -0.65878680 -0.01716184
v -0.01466177 -0.66333289 -0.02018019
v -0.01629128 -0.66851950 -0.02242303
v -0.01729473 -0.67414729 -0.02380416
v -0.01763356 -0.68000000 -0.02427051
v -0.01729473 -0.68585271 -0.02380416
v -0.01629128 -0.69148050 -0.02242303
v -0.01466177 -0.69666711 -0.02018019
v -0.01246881 -0.70121320 -0.01716184
v -0.00979668 -0.70494409 -0.01348397
v -0.00674807 -0.70771639 -0.00928792
v -0.00344014 -0.70942356 -0.00473494
v 0.11206028 -0.69635755 -0.08141656
v 0.11540944 -0.69579218 -0.07661552
v 0.11844793 -0.69411781 -0.07186678
v 0.12105898 -0.69139879 -0.06735282
v 0.12314226 -0.68773959 -0.06324713
v 0.12461770 -0.68328084 -0.05970747
v 0.12542861 -0.67819390 -0.05686988
v 0.12554382 -0.67267424 -0.05484340
v 0.12495890 -0.66693399 -0.05370592
v 0.12369633 -0.66119374 -0.05350113
v 0.12180464 -0.65567408 -0.05423692
v 0.11935652 -0.65058714 -0.05588500
v 0.11644604 -0.64612839 -0.05838204
v 0.11318506 -0.64246920 -0.06163208
v 0.10969890 -0.63975017 -0.06551023
v 0.10612152 -0.63807580 -0.06986745
v 0.10259040 -0.63751043 -0.07453629
v 0.09924125 -0.63807580 -0.07933733
v 0.09620276 -0.63975017 -0.08408608
v 0.09359170 -0.64246920 -0.08860003
v 0.09150843 -0.64612839 -0.09270572
v 0.09003298 -0.65058714 -0.09624538
v 0.08922208 -0.65567408 -0.09908297
v 0.08910687 -0.66119374 -0.10110945
v 0.08969178 -0.66693399 -0.10224694
v 0.09095435 -0.67267424 -0.10245172
v 0.09284604 -0.67819390 -0.10171594
v 0.09529417 -0.68328084 -0.10006785
v 0.09820464 -0.68773959 -0.09757081
v 0.10146562 -0.69139879 -0.09432077
v 0.10495179 -0.69411781 -0.09044262
v 0.10852917 -0.69579218 -0.08608540
v 0.21981415 -0.65595447 -0.15970433
v 0.22307583 -0.65542191 -0.15483973
v 0.22585522 -0.65384468 -0.14990274
v 0.22804554 -0.65128341 -0.14508310
v 0.22956259 -0.64783653 -0.14056603
v 0.23034809 -0.64363648 -0.13652510
v 0.23037185 -0.63884468 -0.13311561
v 0.22963295 -0.63364528 -0.13046859
v 0.22815979 -0.62823808 -0.12868575
v 0.22600898 -0.62283088 -0.12783562
v 0.22326318 -0.61763148 -0.12795086
v 0.22002791 -0.61283968 -0.12902704
v 0.21642749 -0.60863964 -0.13102281
v 0.21260029 -0.60519275 -0.13386147
v 0.20869338 -0.60263148 -0.13743393
v 0.20485691 -0.60105426 -0.14160291
v 0.20123831 -0.60052170 -0.14620819
v 0.19797664 -0.60105426 -0.15107279
v 0.19519724 -0.60263148 -0.15600978
v 0.19300693 -0.60519275 -0.16082942
v 0.19148987 -0.60863964 -0.16534650
v 0.19070437 -0.61283968 -0.16938743
v 0.19068062 -0.61763148 -0.17279691
v 0.19141951 -0.62283088 -0.17544394
v 0.19289267 -0.62823808 -0.17722677
v 0.19504348 -0.63364528 -0.17807690
v 0.19778928 -0.63884468 -0.17796166
v 0.20102456 -0.64363648 -0.17688548
v 0.20462498 -0.64783653 -0.17488971
v 0.20845218 -0.65128341 -0.17205105
v 0.21235908 -0.65384468 -0.16847859
v 0.21619555 -0.65542191 -0.16430961
v 0.31912069 -0.59034342 -0.23185475
v 0.32230174 -0.58986413 -0.22693157
v 0.32484235 -0.58844467 -0.22182110
v 0.32664491 -0.58613959 -0.21671974
v 0.32764013 -0.58303747 -0.21182353
v 0.32778978 -0.57925753 -0.20732063
v 0.32708809 -0.57494503 -0.20338407
v 0.32556204 -0.57026569 -0.20016515
v 0.32327027 -0.56539934 -0.19778756
v 0.32030086 -0.56053299 -0.19634268
v 0.31676791 -0.55585365 -0.19588602
v 0.31280719 -0.55154114 -0.19643514
v 0.30857092 -0.54776120 -0.19796893
v 0.30422188 -0.54465908 -0.20042846
v 0.29992722 -0.54235400 -0.20371920
v 0.29585197 -0.54093454 -0.20771469
v 0.29215274 -0.54045525 -0.21226139
v 0.28897170 -0.54093454 -0.21718458
v 0.28643108 -0.54235400 -0.22229504
v 0.28462852 -0.54465908 -0.22739640
v 0.28363330 -0.54776120 -0.23229262
v 0.28348366 -0.55154114 -0.23679552
v 0.28418534 -0.55585365 -0.24073207
v 0.28571139 -0.56053299 -0.24395099
v 0.28800316 -0.56539934 -0.24632858
v 0.29097258 -0.57026569 -0.24777347
v 0.29450553 -0.57494503 -0.24823013
v 0.29846624 -0.57925753 -0.24768101
v 0.30270252 -0.58303747 -0.24614721
v 0.30705155 -0.58613959 -0.24368769
v 0.31134621 -0.58844467 -0.24039695
v 0.31542146 -0.58986413 -0.23640145
v 0.40616360 -0.50204581 -0.29509513
v 0.40927397 -0.50163821 -0.29012060
v 0.41160530 -0.50043106 -0.28485807
v 0.41306798 -0.49847075 -0.27950978
v 0.41360582 -0.49583261 -0.27428125
v 0.41319813 -0.49261804 -0.26937342
v 0.41186059 -0.48895055 -0.26497490
v 0.40964460 -0.48497110 -0.26125470
v 0.40663531 -0.48083261 -0.25835581
v 0.40294838 -0.47669412 -0.25638962
v 0.39872548 -0.47271467 -0.25543168
v 0.39412891 -0.46904719 -0.25551883
v 0.38933531 -0.46583261 -0.25664770
v 0.38452888 -0.46319448 -0.25877491
v 0.37989435 -0.46123417 -0.26181872
v 0.37560981 -0.46002701 -0.26566215
v 0.37183991 -0.45961941 -0.27015751
v 0.36872954 -0.46002701 -0.27513204
v 0.36639821 -0.46123417 -0.28039456
v 0.36493552 -0.46319448 -0.28574286
v 0.36439769 -0.46583261 -0.29097138
v 0.36480538 -0.46904719 -0.29587921
v 0.36614292 -0.47271467 -0.30027774
v 0.36835891 -0.47669412 -0.30399793
v 0.37136820 -0.48083261 -0.30689683
v 0.37505513 -0.48497110 -0.30886302
v 0.37927802 -0.48895055 -0.30982095
v 0.38387460 -0.49261804 -0.30973381
v 0.38866820 -0.49583261 -0.30860494
v 0.39347462 -0.49847075 -0.30647773
v 0.39810916 -0.50043106 -0.30343392
v 0.40239370 -0.50163821 -0.29959048
v 0.47759786 -0.39445487 -0.34699516
v 0.48065024 -0.39413461 -0.34197850
v 0.48280981 -0.39318616 -0.33659118
v 0.48399357 -0.39164595 -0.33104023
v 0.48415603 -0.38957318 -0.32553898
v 0.48329095 -0.38704751 -0.32029884
v 0.48143158 -0.38416598 -0.31552118
v 0.47864937 -0.38103935 -0.31138960
v 0.47505123 -0.37778776 -0.30806288
v 0.47077545 -0.37453617 -0.30566886
v 0.46598633 -0.37140953 -0.30429955
v 0.46086793 -0.36852801 -0.30400756
v 0.45561693 -0.36600233 -0.30480411
v 0.45043514 -0.36392957 -0.30665860
v 0.44552168 -0.36238936 -0.30949976
v 0.44106537 -0.36144091 -0.31321840
v 0.43723748 -0.36112065 -0.31767162
v 0.43418510 -0.36144091 -0.32268829
v 0.43202554 -0.36238936 -0.32807561
v 0.43084178 -0.36392957 -0.33362655
v 0.43067931 -0.36600233 -0.33912780
v 0.43154439 -0.36852801 -0.34436794
v 0.43340376 -0.37140953 -0.34914560
v 0.43618598 -0.37453617 -0.35327718
v 0.43978411 -0.37778776 -0.35660390
v 0.44405990 -0.38103935 -0.35899792
v 0.44884901 -0.38416598 -0.36036723
v 0.45396742 -0.38704751 -0.36065922
v 0.45921841 -0.38957318 -0.35986267
v 0.46440021 -0.39164595 -0.35800818
v 0.46931367 -0.39318616 -0.35516702
v 0.47376997 -0.39413461 -0.35144838
v 0.53067831 -0.27170524 -0.38556036
v 0.53368760 -0.27148464 -0.38051239
v 0.53571953 -0.27083134 -0.37503234
v 0.53669603 -0.26977042 -0.36933081
v 0.53657957 -0.26834268 -0.36362691
v 0.53537462 -0.26660296 -0.35813984
v 0.53312749 -0.26461813 -0.35308046
v 0.52992453 -0.26246447 -0.34864319
v 0.52588884 -0.26022473 -0.34499857
v 0.52117550 -0.25798500 -0.34228665
v 0.51596565 -0.25583134 -0.34061165
v 0.51045949 -0.25384651 -0.34003794
v 0.50486862 -0.25210679 -0.34058756
v 0.49940790 -0.25067904 -0.34223940
v 0.49428718 -0.24961813 -0.34492997
v 0.48970325 -0.24896483 -0.34855589
v 0.48583226 -0.24874423 -0.35297780
v 0.48282297 -0.24896483 -0.35802577
v 0.48079104 -0.24961813 -0.36350582
v 0.47981454 -0.25067904 -0.36920735
v 0.47993100 -0.25210679 -0.37491125
v 0.48113595 -0.25384651 -0.38039832
v 0.48338308 -0.25583134 -0.38545770
v 0.48658604 -0.25798500 -0.38989497
v 0.49062173 -0.26022473 -0.39353959
v 0.49533507 -0.26246447 -0.39625151
v 0.50054492 -0.26461813 -0.39792651
v 0.50605108 -0.26660296 -0.39850022
v 0.51164195 -0.26834268 -0.39795060
v 0.51710267 -0.26977042 -0.39629876
v 0.52222339 -0.27083134 -0.39360818
v 0.52680732 -0.27148464 -0.38998227
v 0.56336509 -0.13851413 -0.40930870
v 0.56634784 -0.13840167 -0.40424144
v 0.56830118 -0.13806862 -0.39870429
v 0.56915005 -0.13752777 -0.39291004
v 0.56886182 -0.13679991 -0.38708135
v 0.56744758 -0.13591301 -0.38144221
v 0.56496167 -0.13490115 -0.37620934
v 0.56149963 -0.13380323 -0.37158384
v 0.55719449 -0.13266142 -0.36774345
v 0.55221171 -0.13151961 -0.36483577
v 0.54674276 -0.13042168 -0.36297253
v 0.54099782 -0.12940983 -0.36222533
v 0.53519766 -0.12852293 -0.36262290
v 0.52956518 -0.12779507 -0.36414995
v 0.52431683 -0.12725422 -0.36674779
v 0.51965430 -0.12692117 -0.37031660
v 0.51575677 -0.12680871 -0.37471923
v 0.51277403 -0.12692117 -0.37978649
v 0.51082069 -0.12725422 -0.38532364
v 0.50997182 -0.12779507 -0.39111789
v 0.51026004 -0.12852293 -0.39694658
v 0.51167428 -0.12940983 -0.40258572
v 0.51416019 -0.13042168 -0.40781858
v 0.51762224 -0.13151961 -0.41244409
v 0.52192738 -0.13266142 -0.41628447
v 0.52691016 -0.13380323 -0.41919216
v 0.53237911 -0.13490115 -0.42105540
v 0.53812405 -0.13591301 -0.42180259
v 0.54392421 -0.13679991 -0.42140503
v 0.54955669 -0.13752777 -0.41987798
v 0.55480504 -0.13806862 -0.41728014
v 0.55946756 -0.13840167 -0.41371133
v 0.07496083 0.71003917 -0.32626715
v 0.07773458 0.70659291 -0.33151173
v 0.08027329 0.70206249 -0.33599574
v 0.08247942 0.69662202 -0.33954685
v 0.08426816 0.69048057 -0.34202859
v 0.08557080 0.68387416 -0.34334561
v 0.08633726 0.67705666 -0.34344728
v 0.08653809 0.67029008 -0.34232969
v 0.08616557 0.66383443 -0.34003580
v 0.08523402 0.65793782 -0.33665375
v 0.08377924 0.65282684 -0.33231353
v 0.08185714 0.64869790 -0.32718191
v 0.07954157 0.64570969 -0.32145611
v 0.07692154 0.64397703 -0.31535616
v 0.07409771 0.64356651 -0.30911649
v 0.07117861 0.64449390 -0.30297687
v 0.06827642 0.64672358 -0.29717326
v 0.06550268 0.65016984 -0.29192868
v 0.06296396 0.65470026 -0.28744467
v 0.06075784 0.66014072 -0.28389356
v 0.05896909 0.66628217 -0.28141181
v 0.05766646 0.67288858 -0.28009480
v 0.05690000 0.67970608 -0.27999313
v 0.05669917 0.68647267 -0.28111072
v 0.05707168 0.69292832 -0.28340461
v 0.05800323 0.69882493 -0.28678665
v 0.05945801 0.70393591 -0.29112688
v 0.06138011 0.70806484 -0.29625850
v 0.06369568 0.71105306 -0.30198430
v 0.06631572 0.71278572 -0.30808424
v 0.06913955 0.71319624 -0.31432392
v 0.07205864 0.71226884 -0.32046353
v 0.21204225 0.71102010 -0.25634645
v 0.21469856 0.70757300 -0.26165094
v 0.21688947 0.70304009 -0.26631235
v 0.21853079 0.69759558 -0.27015154
v 0.21955945 0.69144869 -0.27302099
v 0.21993590 0.68483565 -0.27481042
v 0.21964569 0.67801059 -0.27545106
v 0.21869997 0.67123580 -0.27491829
v 0.21713508 0.66477162 -0.27323259
v 0.21501116 0.65886648 -0.27045873
v 0.21240983 0.65374729 -0.26670333
v 0.20943105 0.64961080 -0.26211068
v 0.20618931 0.64661596 -0.25685729
v 0.20280918 0.64487786 -0.25114505
v 0.19942055 0.64446329 -0.24519346
v 0.19615365 0.64538820 -0.23923124
v 0.19313402 0.64761703 -0.23348753
v 0.19047771 0.65106414 -0.22818305
v 0.18828680 0.65559704 -0.22352164
v 0.18664548 0.66104155 -0.21968244
v 0.18561683 0.66718844 -0.21681299
v 0.18524037 0.67380148 -0.21502357
v 0.18553058 0.68062654 -0.21438293
v 0.18647630 0.68740133 -0.21491570
v 0.18804119 0.69386551 -0.21660140
v 0.19016511 0.69977066 -0.21937525
v 0.19276645 0.70488984 -0.22313066
v 0.19574522 0.70902634 -0.22772330
v 0.19898696 0.71202118 -0.23297669
v 0.20236710 0.71375928 -0.23868894
v 0.20575572 0.71417384 -0.24464053
v 0.20902262 0.71324893 -0.25060274
v 0.34097500 0.68467692 -0.17657451
v 0.34352086 0.68125239 -0.18194733
v 0.34538464 0.67678632 -0.18681114
v 0.34649473 0.67145035 -0.19097901
v 0.34680848 0.66544953 -0.19429078
v 0.34631381 0.65901448 -0.19661918
v 0.34502974 0.65239248 -0.19787473
v 0.34300562 0.64583802 -0.19800917
v 0.34031924 0.63960298 -0.19701735
v 0.33707382 0.63392698 -0.19493738
v 0.33339409 0.62902813 -0.19184919
v 0.32942147 0.62509470 -0.18787145
v 0.32530860 0.62227784 -0.18315703
v 0.32121356 0.62068581 -0.17788711
v 0.31729370 0.62037979 -0.17226420
v 0.31369967 0.62137153 -0.16650438
v 0.31056959 0.62362293 -0.16082901
v 0.30802374 0.62704747 -0.15545618
v 0.30615995 0.63151353 -0.15059238
v 0.30504986 0.63684951 -0.14642451
v 0.30473612 0.64285032 -0.14311274
v 0.30523078 0.64928538 -0.14078434
v 0.30651485 0.65590737 -0.13952879
v 0.30853897 0.66246183 -0.13939434
v 0.31122535 0.66869687 -0.14038616
v 0.31447077 0.67437288 -0.14246614
v 0.31815050 0.67927173 -0.14555433
v 0.32212313 0.68320516 -0.14953207
v 0.32623599 0.68602202 -0.15424648
v 0.33033104 0.68761405 -0.15951641
v 0.33425089 0.68792007 -0.16513932
v 0.33784492 0.68692832 -0.17089914
v 0.45680428 0.63202200 -0.09001690
v 0.45925090 0.62864257 -0.09546388
v 0.46082080 0.62431010 -0.10054730
v 0.46145366 0.61919108 -0.10507181
v 0.46112514 0.61348222 -0.10886353
v 0.45984789 0.60740293 -0.11177674
v 0.45767097 0.60118681 -0.11369951
v 0.45467806 0.59507276 -0.11455792
v 0.45098415 0.58929573 -0.11431901
v 0.44673122 0.58407773 -0.11299194
v 0.44208269 0.57961929 -0.11062771
v 0.43721721 0.57609174 -0.10731719
v 0.43232176 0.57363064 -0.10318759
v 0.42758446 0.57233057 -0.09839762
v 0.42318736 0.57224150 -0.09313134
v 0.41929946 0.57336684 -0.08759113
v 0.41607014 0.57566335 -0.08198992
v 0.41362352 0.57904278 -0.07654294
v 0.41205362 0.58337525 -0.07145952
v 0.41142076 0.58849427 -0.06693501
v 0.41174927 0.59420312 -0.06314329
v 0.41302653 0.60028242 -0.06023008
v 0.41520345 0.60649854 -0.05830732
v 0.41819636 0.61261259 -0.05744890
v 0.42189027 0.61838962 -0.05768782
v 0.42614320 0.62360762 -0.05901489
v 0.43079173 0.62806606 -0.06137911
v 0.43565721 0.63159361 -0.06468963
v 0.44055266 0.63405471 -0.06881923
v 0.44528996 0.63535478 -0.07360921
v 0.44968705 0.63544385 -0.07887549
v 0.45357496 0.63431851 -0.08441569
v 0.55507882 0.55507882 -0.00000000
v 0.55744125 0.55176532 -0.00552410
v 0.55876181 0.54762806 -0.01083591
v 0.55898976 0.54282606 -0.01573130
v 0.55811633 0.53754384 -0.02002215
v 0.55617509 0.53198441 -0.02354356
v 0.55324064 0.52636139 -0.02616020
v 0.54942575 0.52089090 -0.02777152
v 0.54487703 0.51578314 -0.02831559
v 0.53976927 0.51123442 -0.02777152
v 0.53429878 0.50741953 -0.02616020
v 0.52867577 0.50448508 -0.02354356
v 0.52311633 0.50254384 -0.02002215
v 0.51783411 0.50167041 -0.01573130
v 0.51303211 0.50189836 -0.01083591
v 0.50889486 0.50321892 -0.00552410
v 0.50558135 0.50558135 -0.00000000
v 0.50321892 0.50889486 0.00552410
v 0.50189836 0.51303211 0.01083591
v 0.50167041 0.51783411 0.01573130
v 0.50254384 0.52311633 0.02002215
v 0.50448508 0.52867577 0.02354356
v 0.50741953 0.53429878 0.02616020
v 0.51123442 0.53976927 0.02777152
v 0.51578314 0.54487703 0.02831559
v 0.52089090 0.54942575 0.02777152
v 0.52636139 0.55324064 0.02616020
v 0.53198441 0.55617509 0.02354356
v 0.53754384 0.55811633 0.02002215
v 0.54282606 0.55898976 0.01573130
v 0.54762806 0.55876181 0.01083591
v 0.55176532 0.55744125 0.00552410
v 0.63202200 0.45680428 0.09001690
v 0.63431851 0.45357496 0.08441569
v 0.63544385 0.44968705 0.07887549
v 0.63535478 0.44528996 0.07360921
v 0.63405471 0.44055266 0.06881923
v 0.63159361 0.43565721 0.06468963
v 0.62806606 0.43079173 0.06137911
v 0.62360762 0.42614320 0.05901489
v 0.61838962 0.42189027 0.05768782
v 0.61261259 0.41819636 0.05744890
v 0.60649854 0.41520345 0.05830732
v 0.60028242 0.41302653 0.06023008
v 0.59420312 0.41174927 0.06314329
v 0.58849427 0.41142076 0.06693501
v 0.58337525 0.41205362 0.07145952
v 0.57904278 0.41362352 0.07654294
v 0.57566335 0.41607014 0.08198992
v 0.57336684 0.41929946 0.08759113
v 0.57224150 0.42318736 0.09313134
v 0.57233057 0.42758446 0.09839762
v 0.57363064 0.43232176 0.10318759
v 0.57609174 0.43721721 0.10731719
v 0.57961929 0.44208269 0.11062771
v 0.58407773 0.44673122 0.11299194
v 0.58929573 0.45098415 0.11431901
v 0.59507276 0.45467806 0.11455792
v 0.60118681 0.45767097 0.11369951
v 0.60740293 0.45984789 0.11177674
v 0.61348222 0.46112514 0.10886353
v 0.61919108 0.46145366 0.10507181
v 0.62431010 0.46082080 0.10054730
v 0.62864257 0.45925090 0.09546388
v 0.68467692 0.34097500 0.17657451
v 0.68692832 0.33784492 0.17089914
v 0.68792007 0.33425089 0.16513932
v 0.68761405 0.33033104 0.15951641
v 0.68602202 0.32623599 0.15424648
v 0.68320516 0.32212313 0.14953207
v 0.67927173 0.31815050 0.14555433
v 0.67437288 0.31447077 0.14246614
v 0.66869687 0.31122535 0.14038616
v 0.66246183 0.30853897 0.13939434
v 0.65590737 0.30651485 0.13952879
v 0.64928538 0.30523078 0.14078434
v 0.64285032 0.30473612 0.14311274
v 0.63684951 0.30504986 0.14642451
v 0.63151353 0.30615995 0.15059238
v 0.62704747 0.30802374 0.15545618
v 0.62362293 0.31056959 0.16082901
v 0.62137153 0.31369967 0.16650438
v 0.62037979 0.31729370 0.17226420
v 0.62068581 0.32121356 0.17788711
v 0.62227784 0.32530860 0.18315703
v 0.62509470 0.32942147 0.18787145
v 0.62902813 0.33339409 0.19184919
v 0.63392698 0.33707382 0.19493738
v 0.63960298 0.34031924 0.19701735
v 0.64583802 0.34300562 0.19800917
v 0.65239248 0.34502974 0.19787473
v 0.65901448 0.34631381 0.19661918
v 0.66544953 0.34680848 0.19429078
v 0.67145035 0.34649473 0.19097901
v 0.67678632 0.34538464 0.18681114
v 0.68125239 0.34352086 0.18194733
v 0.71102010 0.21204225 0.25634645
v 0.71324893 0.20902262 0.25060274
v 0.71417384 0.20575572 0.24464053
v 0.71375928 0.20236710 0.23868894
v 0.71202118 0.19898696 0.23297669
v 0.70902634 0.19574522 0.22772330
v 0.70488984 0.19276645 0.22313066
v 0.69977066 0.19016511 0.21937525
v 0.69386551 0.18804119 0.21660140
v 0.68740133 0.18647630 0.21491570
v 0.68062654 0.18553058 0.21438293
v 0.67380148 0.18524037 0.21502357
v 0.66718844 0.18561683 0.21681299
v 0.66104155 0.18664548 0.21968244
v 0.65559704 0.18828680 0.22352164
v 0.65106414 0.19047771 0.22818305
v 0.64761703 0.19313402 0.23348753
v 0.64538820 0.19615365 0.23923124
v 0.64446329 0.19942055 0.24519346
v 0.64487786 0.20280918 0.25114505
v 0.64661596 0.20618931 0.25685729
v 0.64961080 0.20943105 0.26211068
v 0.65374729 0.21240983 0.26670333
v 0.65886648 0.21501116 0.27045873
v 0.66477162 0.21713508 0.27323259
v 0.67123580 0.21869997 0.27491829
v 0.67801059 0.21964569 0.27545106
v 0.68483565 0.21993590 0.27481042
v 0.69144869 0.21955945 0.27302099
v 0.69759558 0.21853079 0.27015154
v 0.70304009 0.21688947 0.26631235
v 0.70757300 0.21469856 0.26165094
v 0.71003917 0.07496083 0.32626715
v 0.71226884 0.07205864 0.32046353
v 0.71319624 0.06913955 0.31432392
v 0.71278572 0.06631572 0.30808424
v 0.71105306 0.06369568 0.30198430
v 0.70806484 0.06138011 0.29625850
v 0.70393591 0.05945801 0.29112688
v 0.69882493 0.05800323 0.28678665
v 0.69292832 0.05707168 0.28340461
v 0.68647267 0.05669917 0.28111072
v 0.67970608 0.05690000 0.27999313
v 0.67288858 0.05766646 0.28009480
v 0.66628217 0.05896909 0.28141181
v 0.66014072 0.06075784 0.28389356
v 0.65470026 0.06296396 0.28744467
v 0.65016984 0.06550268 0.29192868
v 0.64672358 0.06827642 0.29717326
v 0.64449390 0.07117861 0.30297687
v 0.64356651 0.07409771 0.30911649
v 0.64397703 0.07692154 0.31535616
v 0.64570969 0.07954157 0.32145611
v 0.64869790 0.08185714 0.32718191
v 0.65282684 0.08377924 0.33231353
v 0.65793782 0.08523402 0.33665375
v 0.66383443 0.08616557 0.34003580
v 0.67029008 0.08653809 0.34232969
v 0.67705666 0.08633726 0.34344728
v 0.68387416 0.08557080 0.34334561
v 0.69048057 0.08426816 0.34202859
v 0.69662202 0.08247942 0.33954685
v 0.70206249 0.08027329 0.33599574
v 0.70659291 0.07773458 0.33151173
v 0.68177183 -0.06500129 0.38364958
v 0.68402572 -0.06778357 0.37779680
v 0.68502484 -0.07034756 0.37151160
v 0.68473079 -0.07259471 0.36503550
v 0.68315486 -0.07443869 0.35861737
v 0.68035763 -0.07580861 0.35250387
v 0.67644660 -0.07665184 0.34692993
v 0.67157204 -0.07693597 0.34210976
v 0.66592131 -0.07665009 0.33822859
v 0.65971154 -0.07580517 0.33543557
v 0.65318138 -0.07443370 0.33383803
v 0.64658178 -0.07258836 0.33349738
v 0.64016635 -0.07034009 0.33442669
v 0.63418164 -0.06777527 0.33659026
v 0.62885764 -0.06499248 0.33990495
v 0.62439894 -0.06209865 0.34424336
v 0.62097689 -0.05920500 0.34943879
v 0.61872300 -0.05642272 0.35529156
v 0.61772389 -0.05385873 0.36157677
v 0.61801794 -0.05161158 0.36805287
v 0.61959386 -0.04976760 0.37447099
v 0.62239109 -0.04839768 0.38058449
v 0.62630213 -0.04755445 0.38615843
v 0.63117668 -0.04727032 0.39097860
v 0.63682742 -0.04755620 0.39485978
v 0.64303719 -0.04840112 0.39765280
v 0.64956735 -0.04977260 0.39925033
v 0.65616695 -0.05161793 0.39959099
v 0.66258238 -0.05386620 0.39866167
v 0.66856709 -0.05643102 0.39649810
v 0.67389109 -0.05921381 0.39318342
v 0.67834979 -0.06210764 0.38884500
v 0.62730439 -0.20246545 0.42628857
v 0.62960494 -0.20512996 0.42039927
v 0.63074225 -0.20734518 0.41400588
v 0.63067261 -0.20902595 0.40735410
v 0.62939870 -0.21010771 0.40069955
v 0.62696948 -0.21054887 0.39429796
v 0.62347829 -0.21033248 0.38839535
v 0.61905931 -0.20946686 0.38321854
v 0.61388235 -0.20798527 0.37896648
v 0.60814635 -0.20594465 0.37580257
v 0.60207176 -0.20342342 0.37384840
v 0.59589201 -0.20051847 0.37317907
v 0.58984459 -0.19734143 0.37382030
v 0.58416189 -0.19401440 0.37574745
v 0.57906230 -0.19066523 0.37888645
v 0.57474180 -0.18742263 0.38311668
v 0.57136642 -0.18441121 0.38827558
v 0.56906587 -0.18174669 0.39416488
v 0.56792856 -0.17953148 0.40055827
v 0.56799819 -0.17785070 0.40721005
v 0.56927210 -0.17676895 0.41386460
v 0.57170133 -0.17632779 0.42026619
v 0.57519251 -0.17654418 0.42616880
v 0.57961150 -0.17740980 0.43134561
v 0.58478846 -0.17889139 0.43559767
v 0.59052445 -0.18093201 0.43876158
v 0.59659905 -0.18345324 0.44071574
v 0.60277880 -0.18635819 0.44138507
v 0.60882622 -0.18953523 0.44074384
v 0.61450892 -0.19286226 0.43881670
v 0.61960850 -0.19621143 0.43567770
v 0.62392901 -0.19945403 0.43144746
v 0.54872999 -0.33214898 0.45254553
v 0.55109785 -0.33470239 0.44663373
v 0.55243452 -0.33658857 0.44017373
v 0.55268863 -0.33773503 0.43341376
v 0.55185040 -0.33809771 0.42661362
v 0.54995206 -0.33766267 0.42003463
v 0.54706655 -0.33644664 0.41392962
v 0.54330476 -0.33449634 0.40853320
v 0.53881126 -0.33188673 0.40405275
v 0.53375873 -0.32871808 0.40066045
v 0.52834134 -0.32511218 0.39848667
v 0.52276726 -0.32120758 0.39761494
v 0.51725072 -0.31715435 0.39807877
v 0.51200371 -0.31310824 0.39986032
v 0.50722786 -0.30922475 0.40289114
v 0.50310672 -0.30565312 0.40705475
v 0.49979865 -0.30253060 0.41219115
v 0.49743078 -0.29997718 0.41810295
v 0.49609412 -0.29809100 0.42456296
v 0.49584001 -0.29694455 0.43132292
v 0.49667824 -0.29658186 0.43812306
v 0.49857658 -0.29701690 0.44470205
v 0.50146209 -0.29823293 0.45080707
v 0.50522388 -0.30018323 0.45620349
v 0.50971738 -0.30279284 0.46068394
v 0.51476991 -0.30596149 0.46407624
v 0.52018730 -0.30956739 0.46625002
v 0.52576138 -0.31347199 0.46712175
v 0.53127792 -0.31752522 0.46665792
v 0.53652493 -0.32157133 0.46487636
v 0.54130078 -0.32545482 0.46184554
v 0.54542192 -0.32902645 0.45768193
v 0.44906820 -0.44906820 0.46141142
v 0.45152145 -0.45152145 0.45549203
v 0.45311098 -0.45311098 0.44900953
v 0.45377571 -0.45377571 0.44221303
v 0.45349009 -0.45349009 0.43536373
v 0.45226510 -0.45226510 0.42872484
v 0.45014782 -0.45014782 0.42255149
v 0.44721961 -0.44721961 0.41708091
v 0.44359299 -0.44359299 0.41252334
v 0.43940735 -0.43940735 0.40905393
v 0.43482353 -0.43482353 0.40680599
v 0.43001768 -0.43001768 0.40586592
v 0.42517450 -0.42517450 0.40626985
v 0.42048009 -0.42048009 0.40800224
v 0.41611487 -0.41611487 0.41099653
v 0.41224659 -0.41224659 0.41513765
v 0.40902390 -0.40902390 0.42026646
v 0.40657066 -0.40657066 0.42618585
v 0.40498112 -0.40498112 0.43266835
v 0.40431640 -0.40431640 0.43946485
v 0.40460201 -0.40460201 0.44631415
v 0.40582700 -0.40582700 0.45295304
v 0.40794428 -0.40794428 0.45912639
v 0.41087250 -0.41087250 0.46459697
v 0.41449911 -0.41449911 0.46915453
v 0.41868475 -0.41868475 0.47262395
v 0.42326857 -0.42326857 0.47487189
v 0.42807442 -0.42807442 0.47581196
v 0.43291761 -0.43291761 0.47540803
v 0.43761201 -0.43761201 0.47367564
v 0.44197723 -0.44197723 0.47068134
v 0.44584551 -0.44584551 0.46654023
v 0.33214898 -0.54872999 0.45254553
v 0.33470239 -0.55109785 0.44663373
v 0.33658857 -0.55243452 0.44017373
v 0.33773503 -0.55268863 0.43341376
v 0.33809771 -0.55185040 0.42661362
v 0.33766267 -0.54995206 0.42003463
v 0.33644664 -0.54706655 0.41392962
v 0.33449634 -0.54330476 0.40853320
v 0.33188673 -0.53881126 0.40405275
v 0.32871808 -0.53375873 0.40066045
v 0.32511218 -0.52834134 0.39848667
v 0.32120758 -0.52276726 0.39761494
v 0.31715435 -0.51725072 0.39807877
v 0.31310824 -0.51200371 0.39986032
v 0.30922475 -0.50722786 0.40289114
v 0.30565312 -0.50310672 0.40705475
v 0.30253060 -0.49979865 0.41219115
v 0.29997718 -0.49743078 0.41810295
v 0.29809100 -0.49609412 0.42456296
v 0.29694455 -0.49584001 0.43132292
v 0.29658186 -0.49667824 0.43812306
v 0.29701690 -0.49857658 0.44470205
v 0.29823293 -0.50146209 0.45080707
v 0.30018323 -0.50522388 0.45620349
v 0.30279284 -0.50971738 0.46068394
v 0.30596149 -0.51476991 0.46407624
v 0.30956739 -0.52018730 0.46625002
v 0.31347199 -0.52576138 0.46712175
v 0.31752522 -0.53127792 0.46665792
v 0.32157133 -0.53652493 0.46487636
v 0.32545482 -0.54130078 0.46184554
v 0.32902645 -0.54542192 0.45768193
v 0.20246545 -0.62730439 0.42628857
v 0.20512996 -0.62960494 0.42039927
v 0.20734518 -0.63074225 0.41400588
v 0.20902595 -0.63067261 0.40735410
v 0.21010771 -0.62939870 0.40069955
v 0.21054887 -0.62696948 0.39429796
v 0.21033248 -0.62347829 0.38839535
v 0.20946686 -0.61905931 0.38321854
v 0.20798527 -0.61388235 0.37896648
v 0.20594465 -0.60814635 0.37580257
v 0.20342342 -0.60207176 0.37384840
v 0.20051847 -0.59589201 0.37317907
v 0.19734143 -0.58984459 0.37382030
v 0.19401440 -0.58416189 0.37574745
v 0.19066523 -0.57906230 0.37888645
v 0.18742263 -0.57474180 0.38311668
v 0.18441121 -0.57136642 0.38827558
v 0.18174669 -0.56906587 0.39416488
v 0.17953148 -0.56792856 0.40055827
v 0.17785070 -0.56799819 0.40721005
v 0.17676895 -0.56927210 0.41386460
v 0.17632779 -0.57170133 0.42026619
v 0.17654418 -0.57519251 0.42616880
v 0.17740980 -0.57961150 0.43134561
v 0.17889139 -0.58478846 0.43559767
v 0.18093201 -0.59052445 0.43876158
v 0.18345324 -0.59659905 0.44071574
v 0.18635819 -0.60277880 0.44138507
v 0.18953523 -0.60882622 0.44074384
v 0.19286226 -0.61450892 0.43881670
v 0.19621143 -0.61960850 0.43567770
v 0.19945403 -0.62392901 0.43144746
v 0.06500129 -0.68177183 0.38364958
v 0.06778357 -0.68402572 0.37779680
v 0.07034756 -0.68502484 0.37151160
v 0.07259471 -0.68473079 0.36503550
v 0.07443869 -0.68315486 0.35861737
v 0.07580861 -0.68035763 0.35250387
v 0.07665184 -0.67644660 0.34692993
v 0.07693597 -0.67157204 0.34210976
v 0.07665009 -0.66592131 0.33822859
v 0.07580517 -0.65971154 0.33543557
v 0.07443370 -0.65318138 0.33383803
v 0.07258836 -0.64658178 0.33349738
v 0.07034009 -0.64016635 0.33442669
v 0.06777527 -0.63418164 0.33659026
v 0.06499248 -0.62885764 0.33990495
v 0.06209865 -0.62439894 0.34424336
v 0.05920500 -0.62097689 0.34943879
v 0.05642272 -0.61872300 0.35529156
v 0.05385873 -0.61772389 0.36157677
v 0.05161158 -0.61801794 0.36805287
v 0.04976760 -0.61959386 0.37447099
v 0.04839768 -0.62239109 0.38058449
v 0.04755445 -0.62630213 0.38615843
v 0.04727032 -0.63117668 0.39097860
v 0.04755620 -0.63682742 0.39485978
v 0.04840112 -0.64303719 0.39765280
v 0.04977260 -0.64956735 0.39925033
v 0.05161793 -0.65616695 0.39959099
v 0.05386620 -0.66258238 0.39866167
v 0.05643102 -0.66856709 0.39649810
v 0.05921381 -0.67389109 0.39318342
v 0.06210764 -0.67834979 0.38884500
v -0.07496083 -0.71003917 0.32626715
v -0.07205864 -0.71226884 0.32046353
v -0.06913955 -0.71319624 0.31432392
v -0.06631572 -0.71278572 0.30808424
v -0.06369568 -0.71105306 0.30198430
v -0.06138011 -0.70806484 0.29625850
v -0.05945801 -0.70393591 0.29112688
v -0.05800323 -0.69882493 0.28678665
v -0.05707168 -0.69292832 0.28340461
v -0.05669917 -0.68647267 0.28111072
v -0.05690000 -0.67970608 0.27999313
v -0.05766646 -0.67288858 0.28009480
v -0.05896909 -0.66628217 0.28141181
v -0.06075784 -0.66014072 0.28389356
v -0.06296396 -0.65470026 0.28744467
v -0.06550268 -0.65016984 0.29192868
v -0.06827642 -0.64672358 0.29717326
v -0.07117861 -0.64449390 0.30297687
v -0.07409771 -0.64356651 0.30911649
v -0.07692154 -0.64397703 0.31535616
v -0.07954157 -0.64570969 0.32145611
v -0.08185714 -0.64869790 0.32718191
v -0.08377924 -0.65282684 0.33231353
v -0.08523402 -0.65793782 0.33665375
v -0.08616557 -0.66383443 0.34003580
v -0.08653809 -0.67029008 0.34232969
v -0.08633726 -0.67705666 0.34344728
v -0.08557080 -0.68387416 0.34334561
v -0.08426816 -0.69048057 0.34202859
v -0.08247942 -0.69662202 0.33954685
v -0.08027329 -0.70206249 0.33599574
v -0.07773458 -0.70659291 0.33151173
v -0.21204225 -0.71102010 0.25634645
v -0.20902262 -0.71324893 0.25060274
v -0.20575572 -0.71417384 0.24464053
v -0.20236710 -0.71375928 0.23868894
v -0.19898696 -0.71202118 0.23297669
v -0.19574522 -0.70902634 0.22772330
v -0.19276645 -0.70488984 0.22313066
v -0.19016511 -0.69977066 0.21937525
v -0.18804119 -0.69386551 0.21660140
v -0.18647630 -0.68740133 0.21491570
v -0.18553058 -0.68062654 0.21438293
v -0.18524037 -0.67380148 0.21502357
v -0.18561683 -0.66718844 0.21681299
v -0.18664548 -0.66104155 0.21968244
v -0.18828680 -0.65559704 0.22352164
v -0.19047771 -0.65106414 0.22818305
v -0.19313402 -0.64761703 0.23348753
v -0.19615365 -0.64538820 0.23923124
v -0.19942055 -0.64446329 0.24519346
v -0.20280918 -0.64487786 0.25114505
v -0.20618931 -0.64661596 0.25685729
v -0.20943105 -0.64961080 0.26211068
v -0.21240983 -0.65374729 0.26670333
v -0.21501116 -0.65886648 0.27045873
v -0.21713508 -0.66477162 0.27323259
v -0.21869997 -0.67123580 0.27491829
v -0.21964569 -0.67801059 0.27545106
v -0.21993590 -0.68483565 0.27481042
v -0.21955945 -0.69144869 0.27302099
v -0.21853079 -0.69759558 0.27015154
v -0.21688947 -0.70304009 0.26631235
v -0.21469856 -0.70757300 0.26165094
v -0.34097500 -0.68467692 0.17657451
v -0.33784492 -0.68692832 0.17089914
v -0.33425089 -0.68792007 0.16513932
v -0.33033104 -0.68761405 0.15951641
v -0.32623599 -0.68602202 0.15424648
v -0.32212313 -0.68320516 0.14953207
v -0.31815050 -0.67927173 0.14555433
v -0.31447077 -0.67437288 0.14246614
v -0.31122535 -0.66869687 0.14038616
v -0.30853897 -0.66246183 0.13939434
v -0.30651485 -0.65590737 0.13952879
v -0.30523078 -0.64928538 0.14078434
v -0.30473612 -0.64285032 0.14311274
v -0.30504986 -0.63684951 0.14642451
v -0.30615995 -0.63151353 0.15059238
v -0.30802374 -0.62704747 0.15545618
v -0.31056959 -0.62362293 0.16082901
v -0.31369967 -0.62137153 0.16650438
v -0.31729370 -0.62037979 0.17226420
v -0.32121356 -0.62068581 0.17788711
v -0.32530860 -0.62227784 0.18315703
v -0.32942147 -0.62509470 0.18787145
v -0.33339409 -0.62902813 0.19184919
v -0.33707382 -0.63392698 0.19493738
v -0.34031924 -0.63960298 0.19701735
v -0.34300562 -0.64583802 0.19800917
v -0.34502974 -0.65239248 0.19787473
v -0.34631381 -0.65901448 0.19661918
v -0.34680848 -0.66544953 0.19429078
v -0.34649473 -0.67145035 0.19097901
v -0.34538464 -0.67678632 0.18681114
v -0.34352086 -0.68125239 0.18194733
v -0.45680428 -0.63202200 0.09001690
v -0.45357496 -0.63431851 0.08441569
v -0.44968705 -0.63544385 0.07887549
v -0.44528996 -0.63535478 0.07360921
v -0.44055266 -0.63405471 0.06881923
v -0.43565721 -0.63159361 0.06468963
v -0.43079173 -0.62806606 0.06137911
v -0.42614320 -0.62360762 0.05901489
v -0.42189027 -0.61838962 0.05768782
v -0.41819636 -0.61261259 0.05744890
v -0.41520345 -0.60649854 0.05830732
v -0.41302653 -0.60028242 0.06023008
v -0.41174927 -0.59420312 0.06314329
v -0.41142076 -0.58849427 0.06693501
v -0.41205362 -0.58337525 0.07145952
v -0.41362352 -0.57904278 0.07654294
v -0.41607014 -0.57566335 0.08198992
v -0.41929946 -0.57336684 0.08759113
v -0.42318736 -0.57224150 0.09313134
v -0.42758446 -0.57233057 0.09839762
v -0.43232176 -0.57363064 0.10318759
v -0.43721721 -0.57609174 0.10731719
v -0.44208269 -0.57961929 0.11062771
v -0.44673122 -0.58407773 0.11299194
v -0.45098415 -0.58929573 0.11431901
v -0.45467806 -0.59507276 0.11455792
v -0.45767097 -0.60118681 0.11369951
v -0.45984789 -0.60740293 0.11177674
v -0.46112514 -0.61348222 0.10886353
v -0.46145366 -0.61919108 0.10507181
v -0.46082080 -0.62431010 0.10054730
v -0.45925090 -0.62864257 0.09546388
v -0.55507882 -0.55507882 0.00000000
v -0.55176532 -0.55744125 -0.00552410
v -0.54762806 -0.55876181 -0.01083591
v -0.54282606 -0.55898976 -0.01573130
v -0.53754384 -0.55811633 -0.02002215
v -0.53198441 -0.55617509 -0.02354356
v -0.52636139 -0.55324064 -0.02616020
v -0.52089090 -0.54942575 -0.02777152
v -0.51578314 -0.54487703 -0.02831559
v -0.51123442 -0.53976927 -0.02777152
v -0.50741953 -0.53429878 -0.02616020
v -0.50448508 -0.52867577 -0.02354356
v -0.50254384 -0.52311633 -0.02002215
v -0.50167041 -0.51783411 -0.01573130
v -0.50189836 -0.51303211 -0.01083591
v -0.50321892 -0.50889486 -0.00552410
v -0.50558135 -0.50558135 0.00000000
v -0.50889486 -0.50321892 0.00552410
v -0.51303211 -0.50189836 0.01083591
v -0.51783411 -0.50167041 0.01573130
v -0.52311633 -0.50254384 0.02002215
v -0.52867577 -0.50448508 0.02354356
v -0.53429878 -0.50741953 0.02616020
v -0.53976927 -0.51123442 0.02777152
v -0.54487703 -0.51578314 0.02831559
v -0.54942575 -0.52089090 0.02777152
v -0.55324064 -0.52636139 0.02616020
v -0.55617509 -0.53198441 0.02354356
v -0.55811633 -0.53754384 0.02002215
v -0.55898976 -0.54282606 0.01573130
v -0.55876181 -0.54762806 0.01083591
v -0.55744125 -0.55176532 0.00552410
v -0.63202200 -0.45680428 -0.09001690
v -0.62864257 -0.45925090 -0.09546388
v -0.62431010 -0.46082080 -0.10054730
v -0.61919108 -0.46145366 -0.10507181
v -0.61348222 -0.46112514 -0.10886353
v -0.60740293 -0.45984789 -0.11177674
v -0.60118681 -0.45767097 -0.11369951
v -0.59507276 -0.45467806 -0.11455792
v -0.58929573 -0.45098415 -0.11431901
v -0.58407773 -0.44673122 -0.11299194
v -0.57961929 -0.44208269 -0.11062771
v -0.57609174 -0.43721721 -0.10731719
v -0.57363064 -0.43232176 -0.10318759
v -0.57233057 -0.42758446 -0.09839762
v -0.57224150 -0.42318736 -0.09313134
v -0.57336684 -0.41929946 -0.08759113
v -0.57566335 -0.41607014 -0.08198992
v -0.57904278 -0.41362352 -0.07654294
v -0.58337525 -0.41205362 -0.07145952
v -0.58849427 -0.41142076 -0.06693501
v -0.59420312 -0.41174927 -0.06314329
v -0.60028242 -0.41302653 -0.06023008
v -0.60649854 -0.41520345 -0.05830732
v -0.61261259 -0.41819636 -0.05744890
v -0.61838962 -0.42189027 -0.05768782
v -0.62360762 -0.42614320 -0.05901489
v -0.62806606 -0.43079173 -0.06137911
v -0.63159361 -0.43565721 -0.06468963
v -0.63405471 -0.44055266 -0.06881923
v -0.63535478 -0.44528996 -0.07360921
v -0.63544385 -0.44968705 -0.07887549
v -0.63431851 -0.45357496 -0.08441569
v -0.68467692 -0.34097500 -0.17657451
v -0.68125239 -0.34352086 -0.18194733
v -0.67678632 -0.34538464 -0.18681114
v -0.67145035 -0.34649473 -0.19097901
v -0.66544953 -0.34680848 -0.19429078
v -0.65901448 -0.34631381 -0.19661918
v -0.65239248 -0.34502974 -0.19787473
v -0.64583802 -0.34300562 -0.19800917
v -0.63960298 -0.34031924 -0.19701735
v -0.63392698 -0.33707382 -0.19493738
v -0.62902813 -0.33339409 -0.19184919
v -0.62509470 -0.32942147 -0.18787145
v -0.62227784 -0.32530860 -0.18315703
v -0.62068581 -0.32121356 -0.17788711
v -0.62037979 -0.31729370 -0.17226420
v -0.62137153 -0.31369967 -0.16650438
v -0.62362293 -0.31056959 -0.16082901
v -0.62704747 -0.30802374 -0.15545618
v -0.63151353 -0.30615995 -0.15059238
v -0.63684951 -0.30504986 -0.14642451
v -0.64285032 -0.30473612 -0.14311274
v -0.64928538 -0.30523078 -0.14078434
v -0.65590737 -0.30651485 -0.13952879
v -0.66246183 -0.30853897 -0.13939434
v -0.66869687 -0.31122535 -0.14038616
v -0.67437288 -0.31447077 -0.14246614
v -0.67927173 -0.31815050 -0.14555433
v -0.68320516 -0.32212313 -0.14953207
v -0.68602202 -0.32623599 -0.15424648
v -0.68761405 -0.33033104 -0.15951641
v -0.68792007 -0.33425089 -0.16513932
v -0.68692832 -0.33784492 -0.17089914
v -0.71102010 -0.21204225 -0.25634645
v -0.70757300 -0.21469856 -0.26165094
v -0.70304009 -0.21688947 -0.26631235
v -0.69759558 -0.21853079 -0.27015154
v -0.69144869 -0.21955945 -0.27302099
v -0.68483565 -0.21993590 -0.27481042
v -0.67801059 -0.21964569 -0.27545106
v -0.67123580 -0.21869997 -0.27491829
v -0.66477162 -0.21713508 -0.27323259
v -0.65886648 -0.21501116 -0.27045873
v -0.65374729 -0.21240983 -0.26670333
v -0.64961080 -0.20943105 -0.26211068
v -0.64661596 -0.20618931 -0.25685729
v -0.64487786 -0.20280918 -0.25114505
v -0.64446329 -0.19942055 -0.24519346
v -0.64538820 -0.19615365 -0.23923124
v -0.64761703 -0.19313402 -0.23348753
v -0.65106414 -0.19047771 -0.22818305
v -0.65559704 -0.18828680 -0.22352164
v -0.66104155 -0.18664548 -0.21968244
v -0.66718844 -0.18561683 -0.21681299
v -0.67380148 -0.18524037 -0.21502357
v -0.68062654 -0.18553058 -0.21438293
v -0.68740133 -0.18647630 -0.21491570
v -0.69386551 -0.18804119 -0.21660140
v -0.69977066 -0.19016511 -0.21937525
v -0.70488984 -0.19276645 -0.22313066
v -0.70902634 -0.19574522 -0.22772330
v -0.71202118 -0.19898696 -0.23297669
v -0.71375928 -0.20236710 -0.23868894
v -0.71417384 -0.20575572 -0.24464053
v -0.71324893 -0.20902262 -0.25060274
v -0.71003917 -0.07496083 -0.32626715
v -0.70659291 -0.07773458 -0.33151173
v -0.70206249 -0.08027329 -0.33599574
v -0.69662202 -0.08247942 -0.33954685
v -0.69048057 -0.08426816 -0.34202859
v -0.68387416 -0.08557080 -0.34334561
v -0.67705666 -0.08633726 -0.34344728
v -0.67029008 -0.08653809 -0.34232969
v -0.66383443 -0.08616557 -0.34003580
v -0.65793782 -0.08523402 -0.33665375
v -0.65282684 -0.08377924 -0.33231353
v -0.64869790 -0.08185714 -0.32718191
v -0.64570969 -0.07954157 -0.32145611
v -0.64397703 -0.07692154 -0.31535616
v -0.64356651 -0.07409771 -0.30911649
v -0.64449390 -0.07117861 -0.30297687
v -0.64672358 -0.06827642 -0.29717326
v -0.65016984 -0.06550268 -0.29192868
v -0.65470026 -0.06296396 -0.28744467
v -0.66014072 -0.06075784 -0.28389356
v -0.66628217 -0.05896909 -0.28141181
v -0.67288858 -0.05766646 -0.28009480
v -0.67970608 -0.05690000 -0.27999313
v -0.68647267 -0.05669917 -0.28111072
v -0.69292832 -0.05707168 -0.28340461
v -0.69882493 -0.05800323 -0.28678665
v -0.70393591 -0.05945801 -0.29112688
v -0.70806484 -0.06138011 -0.29625850
v -0.71105306 -0.06369568 -0.30198430
v -0.71278572 -0.06631572 -0.30808424
v -0.71319624 -0.06913955 -0.31432392
v -0.71226884 -0.07205864 -0.32046353
v -0.68177183 0.06500129 -0.38364958
v -0.67834979 0.06210764 -0.38884500
v -0.67389109 0.05921381 -0.39318342
v -0.66856709 0.05643102 -0.39649810
v -0.66258238 0.05386620 -0.39866167
v -0.65616695 0.05161793 -0.39959099
v -0.64956735 0.04977260 -0.39925033
v -0.64303719 0.04840112 -0.39765280
v -0.63682742 0.04755620 -0.39485978
v -0.63117668 0.04727032 -0.39097860
v -0.62630213 0.04755445 -0.38615843
v -0.62239109 0.04839768 -0.38058449
v -0.61959386 0.04976760 -0.37447099
v -0.61801794 0.05161158 -0.36805287
v -0.61772389 0.05385873 -0.36157677
v -0.61872300 0.05642272 -0.35529156
v -0.62097689 0.05920500 -0.34943879
v -0.62439894 0.06209865 -0.34424336
v -0.62885764 0.06499248 -0.33990495
v -0.63418164 0.06777527 -0.33659026
v -0.64016635 0.07034009 -0.33442669
v -0.64658178 0.07258836 -0.33349738
v -0.65318138 0.07443370 -0.33383803
v -0.65971154 0.07580517 -0.33543557
v -0.66592131 0.07665009 -0.33822859
v -0.67157204 0.07693597 -0.34210976
v -0.67644660 0.07665184 -0.34692993
v -0.68035763 0.07580861 -0.35250387
v -0.68315486 0.07443869 -0.35861737
v -0.68473079 0.07259471 -0.36503550
v -0.68502484 0.07034756 -0.37151160
v -0.68402572 0.06778357 -0.37779680
v -0.62730439 0.20246545 -0.42628857
v -0.62392901 0.19945403 -0.43144746
v -0.61960850 0.19621143 -0.43567770
v -0.61450892 0.19286226 -0.43881670
v -0.60882622 0.18953523 -0.44074384
v -0.60277880 0.18635819 -0.44138507
v -0.59659905 0.18345324 -0.44071574
v -0.59052445 0.18093201 -0.43876158
v -0.58478846 0.17889139 -0.43559767
v -0.57961150 0.17740980 -0.43134561
v -0.57519251 0.17654418 -0.42616880
v -0.57170133 0.17632779 -0.42026619
v -0.56927210 0.17676895 -0.41386460
v -0.56799819 0.17785070 -0.40721005
v -0.56792856 0.17953148 -0.40055827
v -0.56906587 0.18174669 -0.39416488
v -0.57136642 0.18441121 -0.38827558
v -0.57474180 0.18742263 -0.38311668
v -0.57906230 0.19066523 -0.37888645
v -0.58416189 0.19401440 -0.37574745
v -0.58984459 0.19734143 -0.37382030
v -0.59589201 0.20051847 -0.37317907
v -0.60207176 0.20342342 -0.37384840
v -0.60814635 0.20594465 -0.37580257
v -0.61388235 0.20798527 -0.37896648
v -0.61905931 0.20946686 -0.38321854
v -0.62347829 0.21033248 -0.38839535
v -0.62696948 0.21054887 -0.39429796
v -0.62939870 0.21010771 -0.40069955
v -0.63067261 0.20902595 -0.40735410
v -0.63074225 0.20734518 -0.41400588
v -0.62960494 0.20512996 -0.42039927
v -0.54872999 0.33214898 -0.45254553
v -0.54542192 0.32902645 -0.45768193
v -0.54130078 0.32545482 -0.46184554
v -0.53652493 0.32157133 -0.46487636
v -0.53127792 0.31752522 -0.46665792
v -0.52576138 0.31347199 -0.46712175
v -0.52018730 0.30956739 -0.46625002
v -0.51476991 0.30596149 -0.46407624
v -0.50971738 0.30279284 -0.46068394
v -0.50522388 0.30018323 -0.45620349
v -0.50146209 0.29823293 -0.45080707
v -0.49857658 0.29701690 -0.44470205
v -0.49667824 0.29658186 -0.43812306
v -0.49584001 0.29694455 -0.43132292
v -0.49609412 0.29809100 -0.42456296
v -0.49743078 0.29997718 -0.41810295
v -0.49979865 0.30253060 -0.41219115
v -0.50310672 0.30565312 -0.40705475
v -0.50722786 0.30922475 -0.40289114
v -0.51200371 0.31310824 -0.39986032
v -0.51725072 0.31715435 -0.39807877
v -0.52276726 0.32120758 -0.39761494
v -0.52834134 0.32511218 -0.39848667
v -0.53375873 0.32871808 -0.40066045
v -0.53881126 0.33188673 -0.40405275
v -0.54330476 0.33449634 -0.40853320
v -0.54706655 0.33644664 -0.41392962
v -0.54995206 0.33766267 -0.42003463
v -0.55185040 0.33809771 -0.42661362
v -0.55268863 0.33773503 -0.43341376
v -0.55243452 0.33658857 -0.44017373
v -0.55109785 0.33470239 -0.44663373
v -0.44906820 0.44906820 -0.46141142
v -0.44584551 0.44584551 -0.46654023
v -0.44197723 0.44197723 -0.47068134
v -0.43761201 0.43761201 -0.47367564
v -0.43291761 0.43291761 -0.47540803
v -0.42807442 0.42807442 -0.47581196
v -0.42326857 0.42326857 -0.47487189
v -0.41868475 0.41868475 -0.47262395
v -0.41449911 0.41449911 -0.46915453
v -0.41087250 0.41087250 -0.46459697
v -0.40794428 0.40794428 -0.45912639
v -0.40582700 0.40582700 -0.45295304
v -0.40460201 0.40460201 -0.44631415
v -0.40431640 0.40431640 -0.43946485
v -0.40498112 0.40498112 -0.43266835
v -0.40657066 0.40657066 -0.42618585
v -0.40902390 0.40902390 -0.42026646
v -0.41224659 0.41224659 -0.41513765
v -0.41611487 0.41611487 -0.41099653
v -0.42048009 0.42048009 -0.40800224
v -0.42517450 0.42517450 -0.40626985
v -0.43001768 0.43001768 -0.40586592
v -0.43482353 0.43482353 -0.40680599
v -0.43940735 0.43940735 -0.40905393
v -0.44359299 0.44359299 -0.41252334
v -0.44721961 0.44721961 -0.41708091
v -0.45014782 0.45014782 -0.42255149
v -0.45226510 0.45226510 -0.42872484
v -0.45349009 0.45349009 -0.43536373
v -0.45377571 0.45377571 -0.44221303
v -0.45311098 0.45311098 -0.44900953
v -0.45152145 0.45152145 -0.45549203
v -0.33214898 0.54872999 -0.45254553
v -0.32902645 0.54542192 -0.45768193
v -0.32545482 0.54130078 -0.46184554
v -0.32157133 0.53652493 -0.46487636
v -0.31752522 0.53127792 -0.46665792
v -0.31347199 0.52576138 -0.46712175
v -0.30956739 0.52018730 -0.46625002
v -0.30596149 0.51476991 -0.46407624
v -0.30279284 0.50971738 -0.46068394
v -0.30018323 0.50522388 -0.45620349
v -0.29823293 0.50146209 -0.45080707
v -0.29701690 0.49857658 -0.44470205
v -0.29658186 0.49667824 -0.43812306
v -0.29694455 0.49584001 -0.43132292
v -0.29809100 0.49609412 -0.42456296
v -0.29997718 0.49743078 -0.41810295
v -0.30253060 0.49979865 -0.41219115
v -0.30565312 0.50310672 -0.40705475
v -0.30922475 0.50722786 -0.40289114
v -0.31310824 0.51200371 -0.39986032
v -0.31715435 0.51725072 -0.39807877
v -0.32120758 0.52276726 -0.39761494
v -0.32511218 0.52834134 -0.39848667
v -0.32871808 0.53375873 -0.40066045
v -0.33188673 0.53881126 -0.40405275
v -0.33449634 0.54330476 -0.40853320
v -0.33644664 0.54706655 -0.41392962
v -0.33766267 0.54995206 -0.42003463
v -0.33809771 0.55185040 -0.42661362
v -0.33773503 0.55268863 -0.43341376
v -0.33658857 0.55243452 -0.44017373
v -0.33470239 0.55109785 -0.44663373
v -0.20246545 0.62730439 -0.42628857
v -0.19945403 0.62392901 -0.43144746
v -0.19621143 0.61960850 -0.43567770
v -0.19286226 0.61450892 -0.43881670
v -0.18953523 0.60882622 -0.44074384
v -0.18635819 0.60277880 -0.44138507
v -0.18345324 0.59659905 -0.44071574
v -0.18093201 0.59052445 -0.43876158
v -0.17889139 0.58478846 -0.43559767
v -0.17740980 0.57961150 -0.43134561
v -0.17654418 0.57519251 -0.42616880
v -0.17632779 0.57170133 -0.42026619
v -0.17676895 0.56927210 -0.41386460
v -0.17785070 0.56799819 -0.40721005
v -0.17953148 0.56792856 -0.40055827
v -0.18174669 0.56906587 -0.39416488
v -0.18441121 0.57136642 -0.38827558
v -0.18742263 0.57474180 -0.38311668
v -0.19066523 0.57906230 -0.37888645
v -0.19401440 0.58416189 -0.37574745
v -0.19734143 0.58984459 -0.37382030
v -0.20051847 0.59589201 -0.37317907
v -0.20342342 0.60207176 -0.37384840
v -0.20594465 0.60814635 -0.37580257
v -0.20798527 0.61388235 -0.37896648
v -0.20946686 0.61905931 -0.38321854
v -0.21033248 0.62347829 -0.38839535
v -0.21054887 0.62696948 -0.39429796
v -0.21010771 0.62939870 -0.40069955
v -0.20902595 0.63067261 -0.40735410
v -0.20734518 0.63074225 -0.41400588
v -0.20512996 0.62960494 -0.42039927
v -0.06500129 0.68177183 -0.38364958
v -0.06210764 0.67834979 -0.38884500
v -0.05921381 0.67389109 -0.39318342
v -0.05643102 0.66856709 -0.39649810
v -0.05386620 0.66258238 -0.39866167
v -0.05161793 0.65616695 -0.39959099
v -0.04977260 0.64956735 -0.39925033
v -0.04840112 0.64303719 -0.39765280
v -0.04755620 0.63682742 -0.39485978
v -0.04727032 0.63117668 -0.39097860
v -0.04755445 0.62630213 -0.38615843
v -0.04839768 0.62239109 -0.38058449
v -0.04976760 0.61959386 -0.37447099
v -0.05161158 0.61801794 -0.36805287
v -0.05385873 0.61772389 -0.36157677
v -0.05642272 0.61872300 -0.35529156
v -0.05920500 0.62097689 -0.34943879
v -0.06209865 0.62439894 -0.34424336
v -0.06499248 0.62885764 -0.33990495
v -0.06777527 0.63418164 -0.33659026
v -0.07034009 0.64016635 -0.33442669
v -0.07258836 0.64658178 -0.33349738
v -0.07443370 0.65318138 -0.33383803
v -0.07580517 0.65971154 -0.33543557
v -0.07665009 0.66592131 -0.33822859
v -0.07693597 0.67157204 -0.34210976
v -0.07665184 0.67644660 -0.34692993
v -0.07580861 0.68035763 -0.35250387
v -0.07443869 0.68315486 -0.35861737
v -0.07259471 0.68473079 -0.36503550
v -0.07034756 0.68502484 -0.37151160
v -0.06778357 0.68402572 -0.37779680
v 0.19467076 -0.25793157 0.39722269
v 0.23584590 -0.32785462 0.38946298
v 0.12281962 -0.38014319 0.26088891
v 0.08164448 -0.31022014 0.26864861
v 0.14671189 -0.29240739 0.45340278
v 0.03368561 -0.34469595 0.32482870
v 0.15349562 -0.18800852 0.40498239
v 0.04046934 -0.24029709 0.27640831
v 0.24262963 -0.22345576 0.34104259
v 0.12960336 -0.27574433 0.21246851
v -0.22426037 -0.14723033 -0.08115853
v -0.20303071 -0.14654664 -0.15534138
v -0.27515088 0.07845432 -0.17390709
v -0.29638054 0.07777064 -0.09972424
v -0.26604292 -0.16575308 -0.14333077
v -0.33816309 0.05924789 -0.16189648
v -0.29759202 -0.17101150 -0.08450319
v -0.36971219 0.05398947 -0.10306890
v -0.27392089 -0.15836221 -0.02315702
v -0.34604106 0.06663875 -0.04172273
v -0.21285438 -0.13733039 -0.00548716
v -0.28497455 0.08767057 -0.02405287
v -0.16037682 -0.12375342 -0.04479939
v -0.23249698 0.10124754 -0.06336510
v -0.15600487 -0.12785504 -0.11149079
v -0.22812504 0.09714593 -0.13005650
v 0.01015626 -0.26453209 0.09952177
v 0.06961961 -0.21357571 0.11242415
v -0.02991303 -0.06637733 -0.01020069
v -0.08937638 -0.11733370 -0.02310307
v 0.04789544 -0.29235791 0.03548747
v -0.05163720 -0.14515953 -0.08713737
v -0.04930709 -0.31548846 0.08661939
v -0.14883973 -0.16829008 -0.03600545
v -0.02758292 -0.23670626 0.16355607
v -0.12711556 -0.08950788 0.04093123
v 0.04697228 0.16992527 -0.13264886
v 0.08797665 0.11541513 -0.17379083
v 0.17836226 0.13688743 -0.11215677
v 0.13735788 0.19139757 -0.07101479
v 0.08990355 0.17973977 -0.19902625
v 0.18028915 0.20121206 -0.13739218
v 0.05950232 0.23667389 -0.17427813
v 0.14988792 0.25814618 -0.11264406
v 0.01966572 0.24334494 -0.11818232
v 0.11005132 0.26481723 -0.05654825
v 0.00039151 0.19472948 -0.07298011
v 0.09077711 0.21620177 -0.01134604
v 0.01619357 0.12743595 -0.07270968
v 0.10657917 0.14890824 -0.01107561
v 0.05517263 0.09213774 -0.11757467
v 0.14555823 0.11361004 -0.05594061
v -0.30397997 -0.10471293 -0.27212057
v -0.28772315 -0.15497861 -0.32773018
v -0.10726902 0.00785665 -0.42216377
v -0.12352584 0.05812233 -0.36655416
v -0.35690940 -0.07211692 -0.31705749
v -0.17645527 0.09071834 -0.41149108
v -0.32023679 -0.05444724 -0.21651096
v -0.13978266 0.10838801 -0.31094455
v -0.25105054 -0.13730893 -0.22718364
v -0.07059641 0.02552632 -0.32161723
v 0.14254654 0.35312594 -0.17275066
v 0.19426040 0.32840480 -0.21462093
v 0.25183433 0.27666655 -0.11296411
v 0.20012047 0.30138769 -0.07109384
v 0.20342243 0.38463087 -0.19119363
v 0.26099636 0.33289262 -0.08953682
v 0.16674367 0.41713308 -0.15387840
v 0.22431760 0.36539483 -0.05222158
v 0.11184398 0.40143661 -0.13077436
v 0.16941791 0.34969836 -0.02911755
v 0.08006395 0.34936121 -0.13927933
v 0.13763788 0.29762297 -0.03762252
v 0.09533458 0.30012073 -0.17298889
v 0.15290851 0.24838249 -0.07133207
v 0.14615679 0.29079425 -0.20651906
v 0.20373072 0.23905601 -0.10486224
v -0.30781861 0.05757555 -0.21507010
v -0.34197051 0.03438558 -0.21775489
v -0.24444318 -0.11477861 -0.16994161
v -0.21029128 -0.09158865 -0.16725681
v -0.32271706 0.03730745 -0.24791177
v -0.22518973 -0.11185674 -0.20009848
v -0.29224478 0.05549161 -0.25333820
v -0.19471744 -0.09367259 -0.20552492
v -0.27349991 0.07524501 -0.22994797
v -0.17597257 -0.07391918 -0.18213469
v -0.28059772 0.08169295 -0.19535440
v -0.18307039 -0.06747125 -0.14754112
v -0.30819342 0.06997999 -0.17560715
v -0.21066609 -0.07918421 -0.12779387
v -0.33550689 0.04892623 -0.18557631
v -0.23797955 -0.10023797 -0.13776303
v 0.20228445 0.17688328 -0.03194562
v 0.21810581 0.12802931 -0.00903957
v 0.27928639 0.05463389 -0.20783504
v 0.26346503 0.10348786 -0.23074108
v 0.15804762 0.14218209 -0.03274808
v 0.21922821 0.06878666 -0.23154354
v 0.15912322 0.20429074 -0.05534761
v 0.22030380 0.13089531 -0.25414308
v 0.21984616 0.22852322 -0.04560639
v 0.28102675 0.15512779 -0.24440185
v 0.25629941 0.18139106 -0.01698644
v 0.31747999 0.10799564 -0.21578191
v -0.22619091 0.15236300 -0.16109284
v -0.20423896 0.20052995 -0.15530653
v -0.04819779 0.15129766 -0.33746737
v -0.07014974 0.10313071 -0.34325368
v -0.18539785 0.16674348 -0.13003560
v -0.02935668 0.11751119 -0.31219644
v -0.19727475 0.12212822 -0.12815141
v -0.04123358 0.07289593 -0.31031224
v -0.23092611 0.10028036 -0.15107279
v -0.07488493 0.05104807 -0.33323362
v -0.26101177 0.11765179 -0.18153947
v -0.10497059 0.06841950 -0.36370031
v -0.26487662 0.16116146 -0.19660943
v -0.10883544 0.11192917 -0.37877027
v -0.23961034 0.19804571 -0.18493467
v -0.08356917 0.14881342 -0.36709551
v 0.21643887 0.17779725 0.16565677
v 0.23936146 0.16628071 0.18204651
v 0.20817785 0.04147741 0.13796449
v 0.18525526 0.05299395 0.12157476
v 0.21605155 0.16774562 0.19438853
v 0.18486794 0.04294232 0.15030652
v 0.19303330 0.17677961 0.18509496
v 0.16184969 0.05197631 0.14101294
v 0.18763992 0.18657991 0.16116403
v 0.15645631 0.06177660 0.11708202
v 0.20393274 0.18976668 0.14061623
v 0.17274912 0.06496338 0.09653422
v 0.22964293 0.18394023 0.13892447
v 0.19845931 0.05913693 0.09484245
v 0.24541019 0.17348799 0.15736268
v 0.21422658 0.04868469 0.11328066
v -0.24499416 -0.26022018 0.20839567
v -0.18153689 -0.26846745 0.20425991
v -0.19583276 -0.28768498 0.02323272
v -0.25929004 -0.27943772 0.02736848
v -0.23274669 -0.32290670 0.21408316
v -0.24704256 -0.34212423 0.03305598
v -0.30088208 -0.29071531 0.21604649
v -0.31517796 -0.30993285 0.03501931
v -0.29178228 -0.21638069 0.20743664
v -0.30607815 -0.23559823 0.02640945
v -0.21802289 -0.20263075 0.20015213
v -0.23231876 -0.22184829 0.01912494
v 0.21052443 0.05511261 -0.04234038
v 0.25581212 0.09956399 -0.04996411
v 0.20576166 0.17794441 0.10972781
v 0.16047397 0.13349304 0.11735154
v 0.20620065 0.11181038 -0.07152409
v 0.15615020 0.19019080 0.08816784
v 0.15984508 0.08136220 -0.07110814
v 0.10979463 0.15974262 0.08858379
v 0.15165209 0.03114755 -0.04902948
v 0.10160164 0.10952797 0.11066244
v 0.18779117 -0.00102093 -0.02191380
v 0.13774071 0.07735950 0.13777813
v 0.24104885 0.00908030 -0.01017975
v 0.19099840 0.08746072 0.14951218
v 0.27132102 0.05384480 -0.02266331
v 0.22127057 0.13222522 0.13702861
f 1 533 197
f 533 138 535
f 197 535 54
f 533 535 197
f 138 534 542
f 534 38 540
f 542 540 140
f 534 540 542
f 54 541 198
f 541 140 539
f 198 539 17
f 541 539 198
f 138 542 535
f 542 140 541
f 535 541 54
f 542 541 535
f 38 538 601
f 538 139 603
f 601 603 155
f 538 603 601
f 139 537 589
f 537 12 587
f 589 587 152
f 537 587 589
f 155 605 602
f 605 152 588
f 602 588 41
f 605 588 602
f 139 589 603
f 589 152 605
f 603 605 155
f 589 605 603
f 17 591 201
f 591 153 593
f 201 593 55
f 591 593 201
f 153 592 595
f 592 41 584
f 595 584 151
f 592 584 595
f 55 585 200
f 585 151 583
f 200 583 6
f 585 583 200
f 153 595 593
f 595 151 585
f 593 585 55
f 595 585 593
f 38 601 540
f 601 155 604
f 540 604 140
f 601 604 540
f 155 602 606
f 602 41 592
f 606 592 153
f 602 592 606
f 140 594 539
f 594 153 591
f 539 591 17
f 594 591 539
f 155 606 604
f 606 153 594
f 604 594 140
f 606 594 604
f 1 197 163
f 197 54 199
f 163 199 43
f 197 199 163
f 54 198 205
f 198 17 203
f 205 203 56
f 198 203 205
f 43 204 164
f 204 56 202
f 164 202 13
f 204 202 164
f 54 205 199
f 205 56 204
f 199 204 43
f 205 204 199
f 17 201 217
f 201 55 219
f 217 219 60
f 201 219 217
f 55 200 211
f 200 6 209
f 211 209 58
f 200 209 211
f 60 221 218
f 221 58 210
f 218 210 18
f 221 210 218
f 55 211 219
f 211 58 221
f 219 221 60
f 211 221 219
f 13 212 166
f 212 59 214
f 166 214 44
f 212 214 166
f 59 213 216
f 213 18 207
f 216 207 57
f 213 207 216
f 44 208 165
f 208 57 206
f 165 206 2
f 208 206 165
f 59 216 214
f 216 57 208
f 214 208 44
f 216 208 214
f 17 217 203
f 217 60 220
f 203 220 56
f 217 220 203
f 60 218 222
f 218 18 213
f 222 213 59
f 218 213 222
f 56 215 202
f 215 59 212
f 202 212 13
f 215 212 202
f 60 222 220
f 222 59 215
f 220 215 56
f 222 215 220
f 1 163 253
f 163 43 255
f 253 255 70
f 163 255 253
f 43 164 260
f 164 13 258
f 260 258 72
f 164 258 260
f 70 261 254
f 261 72 259
f 254 259 22
f 261 259 254
f 43 260 255
f 260 72 261
f 255 261 70
f 260 261 255
f 13 166 268
f 166 44 270
f 268 270 75
f 166 270 268
f 44 165 264
f 165 2 262
f 264 262 73
f 165 262 264
f 75 272 269
f 272 73 263
f 269 263 23
f 272 263 269
f 44 264 270
f 264 73 272
f 270 272 75
f 264 272 270
f 22 273 257
f 273 76 275
f 257 275 71
f 273 275 257
f 76 274 277
f 274 23 266
f 277 266 74
f 274 266 277
f 71 267 256
f 267 74 265
f 256 265 8
f 267 265 256
f 76 277 275
f 277 74 267
f 275 267 71
f 277 267 275
f 13 268 258
f 268 75 271
f 258 271 72
f 268 271 258
f 75 269 278
f 269 23 274
f 278 274 76
f 269 274 278
f 72 276 259
f 276 76 273
f 259 273 22
f 276 273 259
f 75 278 271
f 278 76 276
f 271 276 72
f 278 276 271
f 1 253 463
f 253 70 465
f 463 465 121
f 253 465 463
f 70 254 470
f 254 22 468
f 470 468 123
f 254 468 470
f 121 471 464
f 471 123 469
f 464 469 34
f 471 469 464
f 70 470 465
f 470 123 471
f 465 471 121
f 470 471 465
f 22 257 511
f 257 71 513
f 511 513 134
f 257 513 511
f 71 256 505
f 256 8 503
f 505 503 132
f 256 503 505
f 134 515 512
f 515 132 504
f 512 504 37
f 515 504 512
f 71 505 513
f 505 132 515
f 513 515 134
f 505 515 513
f 34 521 467
f 521 136 523
f 467 523 122
f 521 523 467
f 136 522 525
f 522 37 508
f 525 508 133
f 522 508 525
f 122 509 466
f 509 133 507
f 466 507 11
f 509 507 466
f 136 525 523
f 525 133 509
f 523 509 122
f 525 509 523
f 22 511 468
f 511 134 514
f 468 514 123
f 511 514 468
f 134 512 526
f 512 37 522
f 526 522 136
f 512 522 526
f 123 524 469
f 524 136 521
f 469 521 34
f 524 521 469
f 134 526 514
f 526 136 524
f 514 524 123
f 526 524 514
f 1 463 533
f 463 121 536
f 533 536 138
f 463 536 533
f 121 464 545
f 464 34 543
f 545 543 141
f 464 543 545
f 138 546 534
f 546 141 544
f 534 544 38
f 546 544 534
f 121 545 536
f 545 141 546
f 536 546 138
f 545 546 536
f 34 467 621
f 467 122 623
f 621 623 159
f 467 623 621
f 122 466 615
f 466 11 613
f 615 613 157
f 466 613 615
f 159 625 622
f 625 157 614
f 622 614 42
f 625 614 622
f 122 615 623
f 615 157 625
f 623 625 159
f 615 625 623
f 38 631 538
f 631 161 633
f 538 633 139
f 631 633 538
f 161 632 635
f 632 42 618
f 635 618 158
f 632 618 635
f 139 619 537
f 619 158 617
f 537 617 12
f 619 617 537
f 161 635 633
f 635 158 619
f 633 619 139
f 635 619 633
f 34 621 543
f 621 159 624
f 543 624 141
f 621 624 543
f 159 622 636
f 622 42 632
f 636 632 161
f 622 632 636
f 141 634 544
f 634 161 631
f 544 631 38
f 634 631 544
f 159 636 624
f 636 161 634
f 624 634 141
f 636 634 624
f 2 206 353
f 206 57 355
f 353 355 96
f 206 355 353
f 57 207 361
f 207 18 359
f 361 359 98
f 207 359 361
f 96 362 354
f 362 98 360
f 354 360 29
f 362 360 354
f 57 361 355
f 361 98 362
f 355 362 96
f 361 362 355
f 18 210 411
f 210 58 413
f 411 413 111
f 210 413 411
f 58 209 405
f 209 6 403
f 405 403 109
f 209 403 405
f 111 415 412
f 415 109 404
f 412 404 32
f 415 404 412
f 58 405 413
f 405 109 415
f 413 415 111
f 405 415 413
f 29 421 358
f 421 113 423
f 358 423 97
f 421 423 358
f 113 422 425
f 422 32 408
f 425 408 110
f 422 408 425
f 97 409 357
f 409 110 407
f 357 407 10
f 409 407 357
f 113 425 423
f 425 110 409
f 423 409 97
f 425 409 423
f 18 411 359
f 411 111 414
f 359 414 98
f 411 414 359
f 111 412 426
f 412 32 422
f 426 422 113
f 412 422 426
f 98 424 360
f 424 113 421
f 360 421 29
f 424 421 360
f 111 426 414
f 426 113 424
f 414 424 98
f 426 424 414
f 6 583 225
f 583 151 586
f 225 586 62
f 583 586 225
f 151 584 600
f 584 41 597
f 600 597 154
f 584 597 600
f 62 598 226
f 598 154 596
f 226 596 19
f 598 596 226
f 151 600 586
f 600 154 598
f 586 598 62
f 600 598 586
f 41 588 608
f 588 152 611
f 608 611 156
f 588 611 608
f 152 587 590
f 587 12 565
f 590 565 147
f 587 565 590
f 156 609 607
f 609 147 566
f 607 566 40
f 609 566 607
f 152 590 611
f 590 147 609
f 611 609 156
f 590 609 611
f 19 573 224
f 573 149 575
f 224 575 61
f 573 575 224
f 149 574 576
f 574 40 562
f 576 562 146
f 574 562 576
f 61 564 223
f 564 146 561
f 223 561 5
f 564 561 223
f 149 576 575
f 576 146 564
f 575 564 61
f 576 564 575
f 41 608 597
f 608 156 612
f 597 612 154
f 608 612 597
f 156 607 610
f 607 40 574
f 610 574 149
f 607 574 610
f 154 599 596
f 599 149 573
f 596 573 19
f 599 573 596
f 156 610 612
f 610 149 599
f 612 599 154
f 610 599 612
f 12 617 551
f 617 158 620
f 551 620 143
f 617 620 551
f 158 618 641
f 618 42 638
f 641 638 162
f 618 638 641
f 143 639 552
f 639 162 637
f 552 637 39
f 639 637 552
f 158 641 620
f 641 162 639
f 620 639 143
f 641 639 620
f 42 614 627
f 614 157 630
f 627 630 160
f 614 630 627
f 157 613 616
f 613 11 475
f 616 475 125
f 613 475 616
f 160 628 626
f 628 125 476
f 626 476 35
f 628 476 626
f 157 616 630
f 616 125 628
f 630 628 160
f 616 628 630
f 39 558 548
f 558 145 560
f 548 560 142
f 558 560 548
f 145 557 559
f 557 35 473
f 559 473 124
f 557 473 559
f 142 550 547
f 550 124 472
f 547 472 3
f 550 472 547
f 145 559 560
f 559 124 550
f 560 550 142
f 559 550 560
f 42 627 638
f 627 160 642
f 638 642 162
f 627 642 638
f 160 626 629
f 626 35 557
f 629 557 145
f 626 557 629
f 162 640 637
f 640 145 558
f 637 558 39
f 640 558 637
f 160 629 642
f 629 145 640
f 642 640 162
f 629 640 642
f 11 507 485
f 507 133 510
f 485 510 128
f 507 510 485
f 133 508 531
f 508 37 528
f 531 528 137
f 508 528 531
f 128 529 486
f 529 137 527
f 486 527 36
f 529 527 486
f 133 531 510
f 531 137 529
f 510 529 128
f 531 529 510
f 37 504 517
f 504 132 520
f 517 520 135
f 504 520 517
f 132 503 506
f 503 8 281
f 506 281 78
f 503 281 506
f 135 518 516
f 518 78 282
f 516 282 24
f 518 282 516
f 132 506 520
f 506 78 518
f 520 518 135
f 506 518 520
f 36 494 482
f 494 130 496
f 482 496 127
f 494 496 482
f 130 493 495
f 493 24 280
f 495 280 77
f 493 280 495
f 127 484 481
f 484 77 279
f 481 279 7
f 484 279 481
f 130 495 496
f 495 77 484
f 496 484 127
f 495 484 496
f 37 517 528
f 517 135 532
f 528 532 137
f 517 532 528
f 135 516 519
f 516 24 493
f 519 493 130
f 516 493 519
f 137 530 527
f 530 130 494
f 527 494 36
f 530 494 527
f 135 519 532
f 519 130 530
f 532 530 137
f 519 530 532
f 8 265 323
f 265 74 325
f 323 325 90
f 265 325 323
f 74 266 333
f 266 23 331
f 333 331 92
f 266 331 333
f 90 335 324
f 335 92 332
f 324 332 28
f 335 332 324
f 74 333 325
f 333 92 335
f 325 335 90
f 333 335 325
f 23 263 288
f 263 73 290
f 288 290 81
f 263 290 288
f 73 262 285
f 262 2 283
f 285 283 79
f 262 283 285
f 81 291 289
f 291 79 284
f 289 284 25
f 291 284 289
f 73 285 290
f 285 79 291
f 290 291 81
f 285 291 290
f 28 342 328
f 342 94 345
f 328 345 91
f 342 345 328
f 94 341 343
f 341 25 287
f 343 287 80
f 341 287 343
f 91 329 327
f 329 80 286
f 327 286 9
f 329 286 327
f 94 343 345
f 343 80 329
f 345 329 91
f 343 329 345
f 23 288 331
f 288 81 334
f 331 334 92
f 288 334 331
f 81 289 344
f 289 25 341
f 344 341 94
f 289 341 344
f 92 346 332
f 346 94 342
f 332 342 28
f 346 342 332
f 81 344 334
f 344 94 346
f 334 346 92
f 344 346 334
f 4 367 180
f 367 100 369
f 180 369 50
f 367 369 180
f 100 368 376
f 368 30 374
f 376 374 102
f 368 374 376
f 50 375 181
f 375 102 373
f 181 373 16
f 375 373 181
f 100 376 369
f 376 102 375
f 369 375 50
f 376 375 369
f 30 372 397
f 372 101 399
f 397 399 108
f 372 399 397
f 101 371 387
f 371 10 385
f 387 385 105
f 371 385 387
f 108 401 398
f 401 105 386
f 398 386 31
f 401 386 398
f 101 387 399
f 387 105 401
f 399 401 108
f 387 401 399
f 16 388 184
f 388 106 390
f 184 390 51
f 388 390 184
f 106 389 392
f 389 31 382
f 392 382 104
f 389 382 392
f 51 383 183
f 383 104 381
f 183 381 5
f 383 381 183
f 106 392 390
f 392 104 383
f 390 383 51
f 392 383 390
f 30 397 374
f 397 108 400
f 374 400 102
f 397 400 374
f 108 398 402
f 398 31 389
f 402 389 106
f 398 389 402
f 102 391 373
f 391 106 388
f 373 388 16
f 391 388 373
f 108 402 400
f 402 106 391
f 400 391 102
f 402 391 400
f 4 180 169
f 180 50 182
f 169 182 46
f 180 182 169
f 50 181 190
f 181 16 187
f 190 187 52
f 181 187 190
f 46 188 170
f 188 52 186
f 170 186 14
f 188 186 170
f 50 190 182
f 190 52 188
f 182 188 46
f 190 188 182
f 16 184 192
f 184 51 195
f 192 195 53
f 184 195 192
f 51 183 185
f 183 5 174
f 185 174 48
f 183 174 185
f 53 193 191
f 193 48 175
f 191 175 15
f 193 175 191
f 51 185 195
f 185 48 193
f 195 193 53
f 185 193 195
f 14 176 168
f 176 49 178
f 168 178 45
f 176 178 168
f 49 177 179
f 177 15 172
f 179 172 47
f 177 172 179
f 45 173 167
f 173 47 171
f 167 171 3
f 173 171 167
f 49 179 178
f 179 47 173
f 178 173 45
f 179 173 178
f 16 192 187
f 192 53 196
f 187 196 52
f 192 196 187
f 53 191 194
f 191 15 177
f 194 177 49
f 191 177 194
f 52 189 186
f 189 49 176
f 186 176 14
f 189 176 186
f 53 194 196
f 194 49 189
f 196 189 52
f 194 189 196
f 4 169 236
f 169 46 238
f 236 238 66
f 169 238 236
f 46 170 244
f 170 14 242
f 244 242 68
f 170 242 244
f 66 246 237
f 246 68 243
f 237 243 21
f 246 243 237
f 46 244 238
f 244 68 246
f 238 246 66
f 244 246 238
f 14 168 232
f 168 45 234
f 232 234 65
f 168 234 232
f 45 167 229
f 167 3 227
f 229 227 63
f 167 227 229
f 65 235 233
f 235 63 228
f 233 228 20
f 235 228 233
f 45 229 234
f 229 63 235
f 234 235 65
f 229 235 234
f 21 248 240
f 248 69 251
f 240 251 67
f 248 251 240
f 69 247 249
f 247 20 231
f 249 231 64
f 247 231 249
f 67 241 239
f 241 64 230
f 239 230 7
f 241 230 239
f 69 249 251
f 249 64 241
f 251 241 67
f 249 241 251
f 14 232 242
f 232 65 245
f 242 245 68
f 232 245 242
f 65 233 250
f 233 20 247
f 250 247 69
f 233 247 250
f 68 252 243
f 252 69 248
f 243 248 21
f 252 248 243
f 65 250 245
f 250 69 252
f 245 252 68
f 250 252 245
f 4 236 292
f 236 66 294
f 292 294 82
f 236 294 292
f 66 237 299
f 237 21 297
f 299 297 84
f 237 297 299
f 82 300 293
f 300 84 298
f 293 298 26
f 300 298 293
f 66 299 294
f 299 84 300
f 294 300 82
f 299 300 294
f 21 240 308
f 240 67 310
f 308 310 87
f 240 310 308
f 67 239 303
f 239 7 301
f 303 301 85
f 239 301 303
f 87 312 309
f 312 85 302
f 309 302 27
f 312 302 309
f 67 303 310
f 303 85 312
f 310 312 87
f 303 312 310
f 26 317 296
f 317 89 319
f 296 319 83
f 317 319 296
f 89 318 321
f 318 27 306
f 321 306 86
f 318 306 321
f 83 307 295
f 307 86 305
f 295 305 9
f 307 305 295
f 89 321 319
f 321 86 307
f 319 307 83
f 321 307 319
f 21 308 297
f 308 87 311
f 297 311 84
f 308 311 297
f 87 309 322
f 309 27 318
f 322 318 89
f 309 318 322
f 84 320 298
f 320 89 317
f 298 317 26
f 320 317 298
f 87 322 311
f 322 89 320
f 311 320 84
f 322 320 311
f 4 292 367
f 292 82 370
f 367 370 100
f 292 370 367
f 82 293 379
f 293 26 377
f 379 377 103
f 293 377 379
f 100 380 368
f 380 103 378
f 368 378 30
f 380 378 368
f 82 379 370
f 379 103 380
f 370 380 100
f 379 380 370
f 26 296 446
f 296 83 448
f 446 448 118
f 296 448 446
f 83 295 436
f 295 9 433
f 436 433 115
f 295 433 436
f 118 450 447
f 450 115 434
f 447 434 33
f 450 434 447
f 83 436 448
f 436 115 450
f 448 450 118
f 436 450 448
f 30 457 372
f 457 120 459
f 372 459 101
f 457 459 372
f 120 458 461
f 458 33 438
f 461 438 116
f 458 438 461
f 101 440 371
f 440 116 437
f 371 437 10
f 440 437 371
f 120 461 459
f 461 116 440
f 459 440 101
f 461 440 459
f 26 446 377
f 446 118 449
f 377 449 103
f 446 449 377
f 118 447 462
f 447 33 458
f 462 458 120
f 447 458 462
f 103 460 378
f 460 120 457
f 378 457 30
f 460 457 378
f 118 462 449
f 462 120 460
f 449 460 103
f 462 460 449
f 5 381 223
f 381 104 384
f 223 384 61
f 381 384 223
f 104 382 396
f 382 31 394
f 396 394 107
f 382 394 396
f 61 395 224
f 395 107 393
f 224 393 19
f 395 393 224
f 104 396 384
f 396 107 395
f 384 395 61
f 396 395 384
f 31 386 427
f 386 105 429
f 427 429 114
f 386 429 427
f 105 385 410
f 385 10 407
f 410 407 110
f 385 407 410
f 114 431 428
f 431 110 408
f 428 408 32
f 431 408 428
f 105 410 429
f 410 110 431
f 429 431 114
f 410 431 429
f 19 416 226
f 416 112 418
f 226 418 62
f 416 418 226
f 112 417 420
f 417 32 404
f 420 404 109
f 417 404 420
f 62 406 225
f 406 109 403
f 225 403 6
f 406 403 225
f 112 420 418
f 420 109 406
f 418 406 62
f 420 406 418
f 31 427 394
f 427 114 430
f 394 430 107
f 427 430 394
f 114 428 432
f 428 32 417
f 432 417 112
f 428 417 432
f 107 419 393
f 419 112 416
f 393 416 19
f 419 416 393
f 114 432 430
f 432 112 419
f 430 419 107
f 432 419 430
f 3 171 547
f 171 47 549
f 547 549 142
f 171 549 547
f 47 172 555
f 172 15 553
f 555 553 144
f 172 553 555
f 142 556 548
f 556 144 554
f 548 554 39
f 556 554 548
f 47 555 549
f 555 144 556
f 549 556 142
f 555 556 549
f 15 175 568
f 175 48 570
f 568 570 148
f 175 570 568
f 48 174 563
f 174 5 561
f 563 561 146
f 174 561 563
f 148 572 569
f 572 146 562
f 569 562 40
f 572 562 569
f 48 563 570
f 563 146 572
f 570 572 148
f 563 572 570
f 39 577 552
f 577 150 579
f 552 579 143
f 577 579 552
f 150 578 581
f 578 40 566
f 581 566 147
f 578 566 581
f 143 567 551
f 567 147 565
f 551 565 12
f 567 565 551
f 150 581 579
f 581 147 567
f 579 567 143
f 581 567 579
f 15 568 553
f 568 148 571
f 553 571 144
f 568 571 553
f 148 569 582
f 569 40 578
f 582 578 150
f 569 578 582
f 144 580 554
f 580 150 577
f 554 577 39
f 580 577 554
f 148 582 571
f 582 150 580
f 571 580 144
f 582 580 571
f 7 230 481
f 230 64 483
f 481 483 127
f 230 483 481
f 64 231 490
f 231 20 488
f 490 488 129
f 231 488 490
f 127 492 482
f 492 129 489
f 482 489 36
f 492 489 482
f 64 490 483
f 490 129 492
f 483 492 127
f 490 492 483
f 20 228 477
f 228 63 479
f 477 479 126
f 228 479 477
f 63 227 474
f 227 3 472
f 474 472 124
f 227 472 474
f 126 480 478
f 480 124 473
f 478 473 35
f 480 473 478
f 63 474 479
f 474 124 480
f 479 480 126
f 474 480 479
f 36 498 486
f 498 131 501
f 486 501 128
f 498 501 486
f 131 497 499
f 497 35 476
f 499 476 125
f 497 476 499
f 128 487 485
f 487 125 475
f 485 475 11
f 487 475 485
f 131 499 501
f 499 125 487
f 501 487 128
f 499 487 501
f 20 477 488
f 477 126 491
f 488 491 129
f 477 491 488
f 126 478 500
f 478 35 497
f 500 497 131
f 478 497 500
f 129 502 489
f 502 131 498
f 489 498 36
f 502 498 489
f 126 500 491
f 500 131 502
f 491 502 129
f 500 502 491
f 9 305 327
f 305 86 330
f 327 330 91
f 305 330 327
f 86 306 349
f 306 27 347
f 349 347 95
f 306 347 349
f 91 351 328
f 351 95 348
f 328 348 28
f 351 348 328
f 86 349 330
f 349 95 351
f 330 351 91
f 349 351 330
f 27 302 314
f 302 85 316
f 314 316 88
f 302 316 314
f 85 301 304
f 301 7 279
f 304 279 77
f 301 279 304
f 88 315 313
f 315 77 280
f 313 280 24
f 315 280 313
f 85 304 316
f 304 77 315
f 316 315 88
f 304 315 316
f 28 337 324
f 337 93 340
f 324 340 90
f 337 340 324
f 93 336 338
f 336 24 282
f 338 282 78
f 336 282 338
f 90 326 323
f 326 78 281
f 323 281 8
f 326 281 323
f 93 338 340
f 338 78 326
f 340 326 90
f 338 326 340
f 27 314 347
f 314 88 350
f 347 350 95
f 314 350 347
f 88 313 339
f 313 24 336
f 339 336 93
f 313 336 339
f 95 352 348
f 352 93 337
f 348 337 28
f 352 337 348
f 88 339 350
f 339 93 352
f 350 352 95
f 339 352 350
f 10 437 357
f 437 116 439
f 357 439 97
f 437 439 357
f 116 438 455
f 438 33 452
f 455 452 119
f 438 452 455
f 97 453 358
f 453 119 451
f 358 451 29
f 453 451 358
f 116 455 439
f 455 119 453
f 439 453 97
f 455 453 439
f 33 434 442
f 434 115 445
f 442 445 117
f 434 445 442
f 115 433 435
f 433 9 286
f 435 286 80
f 433 286 435
f 117 443 441
f 443 80 287
f 441 287 25
f 443 287 441
f 115 435 445
f 435 80 443
f 445 443 117
f 435 443 445
f 29 364 354
f 364 99 366
f 354 366 96
f 364 366 354
f 99 363 365
f 363 25 284
f 365 284 79
f 363 284 365
f 96 356 353
f 356 79 283
f 353 283 2
f 356 283 353
f 99 365 366
f 365 79 356
f 366 356 96
f 365 356 366
f 33 442 452
f 442 117 456
f 452 456 119
f 442 456 452
f 117 441 444
f 441 25 363
f 444 363 99
f 441 363 444
f 119 454 451
f 454 99 364
f 451 364 29
f 454 364 451
f 117 444 456
f 444 99 454
f 456 454 119
f 444 454 456
f 644 643 646
f 644 646 645
f 646 643 647
f 646 647 645
f 647 643 648
f 647 648 645
f 648 643 644
f 648 644 645
f 650 649 652
f 650 652 651
f 652 649 653
f 652 653 651
f 653 649 654
f 653 654 651
f 654 649 650
f 654 650 651
f 656 655 658
f 656 658 657
f 658 655 659
f 658 659 657
f 659 655 656
f 659 656 657
f 661 660 663
f 661 663 662
f 663 660 664
f 663 664 662
f 664 660 661
f 664 661 662
f 666 665 668
f 666 668 667
f 668 665 669
f 668 669 667
f 669 665 670
f 669 670 667
f 670 665 666
f 670 666 667
f 672 671 674
f 672 674 673
f 674 671 675
f 674 675 673
f 675 671 676
f 675 676 673
f 676 671 672
f 676 672 673
f 678 677 680
f 678 680 679
f 680 677 681
f 680 681 679
f 681 677 678
f 681 678 679
f 683 682 685
f 683 685 684
f 685 682 686
f 685 686 684
f 686 682 683
f 686 683 684
f 688 687 690
f 688 690 689
f 690 687 691
f 690 691 689
f 691 687 692
f 691 692 689
f 692 687 688
f 692 688 689
f 694 693 696
f 694 696 695
f 696 693 697
f 696 697 695
f 697 693 698
f 697 698 695
f 698 693 694
f 698 694 695
f 700 699 702
f 700 702 701
f 702 699 703
f 702 703 701
f 703 699 700
f 703 700 701
f 705 704 707
f 705 707 706
f 707 704 708
f 707 708 706
f 708 704 709
f 708 709 706
f 709 704 705
f 709 705 706
f 711 710 713
f 711 713 712
f 713 710 714
f 713 714 712
f 714 710 711
f 714 711 712
f 716 715 718
f 716 718 717
f 718 715 719
f 718 719 717
f 719 715 720
f 719 720 717
f 720 715 716
f 720 716 717
f 722 721 725
f 722 725 723
f 723 725 726
f 723 726 724
f 725 721 727
f 725 727 726
f 726 727 728
f 726 728 724
f 727 721 729
f 727 729 728
f 728 729 730
f 728 730 724
f 729 721 731
f 729 731 730
f 730 731 732
f 730 732 724
f 731 721 733
f 731 733 732
f 732 733 734
f 732 734 724
f 733 721 722
f 733 722 734
f 734 722 723
f 734 723 724
f 736 735 739
f 736 739 737
f 737 739 740
f 737 740 738
f 739 735 741
f 739 741 740
f 740 741 742
f 740 742 738
f 741 735 743
f 741 743 742
f 742 743 744
f 742 744 738
f 743 735 745
f 743 745 744
f 744 745 746
f 744 746 738
f 745 735 747
f 745 747 746
f 746 747 748
f 746 748 738
f 747 735 736
f 747 736 748
f 748 736 737
f 748 737 738
f 750 749 753
f 750 753 751
f 751 753 754
f 751 754 752
f 753 749 755
f 753 755 754
f 754 755 756
f 754 756 752
f 755 749 757
f 755 757 756
f 756 757 758
f 756 758 752
f 757 749 759
f 757 759 758
f 758 759 760
f 758 760 752
f 759 749 761
f 759 761 760
f 760 761 762
f 760 762 752
f 761 749 750
f 761 750 762
f 762 750 751
f 762 751 752
f 764 763 767
f 764 767 765
f 765 767 768
f 765 768 766
f 767 763 769
f 767 769 768
f 768 769 770
f 768 770 766
f 769 763 771
f 769 771 770
f 770 771 772
f 770 772 766
f 771 763 773
f 771 773 772
f 772 773 774
f 772 774 766
f 773 763 775
f 773 775 774
f 774 775 776
f 774 776 766
f 775 763 764
f 775 764 776
f 776 764 765
f 776 765 766
f 778 777 781
f 778 781 779
f 779 781 782
f 779 782 780
f 781 777 783
f 781 783 782
f 782 783 784
f 782 784 780
f 783 777 785
f 783 785 784
f 784 785 786
f 784 786 780
f 785 777 787
f 785 787 786
f 786 787 788
f 786 788 780
f 787 777 789
f 787 789 788
f 788 789 790
f 788 790 780
f 789 777 778
f 789 778 790
f 790 778 779
f 790 779 780
f 792 791 795
f 792 795 793
f 793 795 796
f 793 796 794
f 795 791 797
f 795 797 796
f 796 797 798
f 796 798 794
f 797 791 799
f 797 799 798
f 798 799 800
f 798 800 794
f 799 791 801
f 799 801 800
f 800 801 802
f 800 802 794
f 801 791 803
f 801 803 802
f 802 803 804
f 802 804 794
f 803 791 792
f 803 792 804
f 804 792 793
f 804 793 794
f 806 805 809
f 806 809 807
f 807 809 810
f 807 810 808
f 809 805 811
f 809 811 810
f 810 811 812
f 810 812 808
f 811 805 813
f 811 813 812
f 812 813 814
f 812 814 808
f 813 805 815
f 813 815 814
f 814 815 816
f 814 816 808
f 815 805 817
f 815 817 816
f 816 817 818
f 816 818 808
f 817 805 806
f 817 806 818
f 818 806 807
f 818 807 808
f 820 819 823
f 820 823 821
f 821 823 824
f 821 824 822
f 823 819 825
f 823 825 824
f 824 825 826
f 824 826 822
f 825 819 827
f 825 827 826
f 826 827 828
f 826 828 822
f 827 819 829
f 827 829 828
f 828 829 830
f 828 830 822
f 829 819 831
f 829 831 830
f 830 831 832
f 830 832 822
f 831 819 820
f 831 820 832
f 832 820 821
f 832 821 822
f 834 833 837
f 834 837 835
f 835 837 838
f 835 838 836
f 837 833 839
f 837 839 838
f 838 839 840
f 838 840 836
f 839 833 841
f 839 841 840
f 840 841 842
f 840 842 836
f 841 833 843
f 841 843 842
f 842 843 844
f 842 844 836
f 843 833 845
f 843 845 844
f 844 845 846
f 844 846 836
f 845 833 834
f 845 834 846
f 846 834 835
f 846 835 836
f 848 847 851
f 848 851 849
f 849 851 852
f 849 852 850
f 851 847 853
f 851 853 852
f 852 853 854
f 852 854 850
f 853 847 855
f 853 855 854
f 854 855 856
f 854 856 850
f 855 847 857
f 855 857 856
f 856 857 858
f 856 858 850
f 857 847 859
f 857 859 858
f 858 859 860
f 858 860 850
f 859 847 848
f 859 848 860
f 860 848 849
f 860 849 850
f 862 861 865
f 862 865 863
f 863 865 866
f 863 866 864
f 865 861 867
f 865 867 866
f 866 867 868
f 866 868 864
f 867 861 869
f 867 869 868
f 868 869 870
f 868 870 864
f 869 861 871
f 869 871 870
f 870 871 872
f 870 872 864
f 871 861 873
f 871 873 872
f 872 873 874
f 872 874 864
f 873 861 862
f 873 862 874
f 874 862 863
f 874 863 864
f 876 875 879
f 876 879 877
f 877 879 880
f 877 880 878
f 879 875 881
f 879 881 880
f 880 881 882
f 880 882 878
f 881 875 883
f 881 883 882
f 882 883 884
f 882 884 878
f 883 875 885
f 883 885 884
f 884 885 886
f 884 886 878
f 885 875 887
f 885 887 886
f 886 887 888
f 886 888 878
f 887 875 876
f 887 876 888
f 888 876 877
f 888 877 878
f 890 889 893
f 890 893 891
f 891 893 894
f 891 894 892
f 893 889 895
f 893 895 894
f 894 895 896
f 894 896 892
f 895 889 897
f 895 897 896
f 896 897 898
f 896 898 892
f 897 889 899
f 897 899 898
f 898 899 900
f 898 900 892
f 899 889 901
f 899 901 900
f 900 901 902
f 900 902 892
f 901 889 890
f 901 890 902
f 902 890 891
f 902 891 892
f 904 903 907
f 904 907 905
f 905 907 908
f 905 908 906
f 907 903 909
f 907 909 908
f 908 909 910
f 908 910 906
f 909 903 911
f 909 911 910
f 910 911 912
f 910 912 906
f 911 903 913
f 911 913 912
f 912 913 914
f 912 914 906
f 913 903 915
f 913 915 914
f 914 915 916
f 914 916 906
f 915 903 904
f 915 904 916
f 916 904 905
f 916 905 906
f 918 917 921
f 918 921 919
f 919 921 922
f 919 922 920
f 921 917 923
f 921 923 922
f 922 923 924
f 922 924 920
f 923 917 925
f 923 925 924
f 924 925 926
f 924 926 920
f 925 917 927
f 925 927 926
f 926 927 928
f 926 928 920
f 927 917 929
f 927 929 928
f 928 929 930
f 928 930 920
f 929 917 918
f 929 918 930
f 930 918 919
f 930 919 920
f 932 931 935
f 932 935 933
f 933 935 936
f 933 936 934
f 935 931 937
f 935 937 936
f 936 937 938
f 936 938 934
f 937 931 939
f 937 939 938
f 938 939 940
f 938 940 934
f 939 931 941
f 939 941 940
f 940 941 942
f 940 942 934
f 941 931 943
f 941 943 942
f 942 943 944
f 942 944 934
f 943 931 932
f 943 932 944
f 944 932 933
f 944 933 934
f 946 945 949
f 946 949 947
f 947 949 950
f 947 950 948
f 949 945 951
f 949 951 950
f 950 951 952
f 950 952 948
f 951 945 953
f 951 953 952
f 952 953 954
f 952 954 948
f 953 945 955
f 953 955 954
f 954 955 956
f 954 956 948
f 955 945 957
f 955 957 956
f 956 957 958
f 956 958 948
f 957 945 946
f 957 946 958
f 958 946 947
f 958 947 948
f 960 959 963
f 960 963 961
f 961 963 964
f 961 964 962
f 963 959 965
f 963 965 964
f 964 965 966
f 964 966 962
f 965 959 967
f 965 967 966
f 966 967 968
f 966 968 962
f 967 959 969
f 967 969 968
f 968 969 970
f 968 970 962
f 969 959 971
f 969 971 970
f 970 971 972
f 970 972 962
f 971 959 960
f 971 960 972
f 972 960 961
f 972 961 962
f 974 973 977
f 974 977 975
f 975 977 978
f 975 978 976
f 977 973 979
f 977 979 978
f 978 979 980
f 978 980 976
f 979 973 981
f 979 981 980
f 980 981 982
f 980 982 976
f 981 973 983
f 981 983 982
f 982 983 984
f 982 984 976
f 983 973 985
f 983 985 984
f 984 985 986
f 984 986 976
f 985 973 974
f 985 974 986
f 986 974 975
f 986 975 976
f 988 987 991
f 988 991 989
f 989 991 992
f 989 992 990
f 991 987 993
f 991 993 992
f 992 993 994
f 992 994 990
f 993 987 995
f 993 995 994
f 994 995 996
f 994 996 990
f 995 987 997
f 995 997 996
f 996 997 998
f 996 998 990
f 997 987 999
f 997 999 998
f 998 999 1000
f 998 1000 990
f 999 987 988
f 999 988 1000
f 1000 988 989
f 1000 989 990
f 1002 1001 1005
f 1002 1005 1003
f 1003 1005 1006
f 1003 1006 1004
f 1005 1001 1007
f 1005 1007 1006
f 1006 1007 1008
f 1006 1008 1004
f 1007 1001 1009
f 1007 1009 1008
f 1008 1009 1010
f 1008 1010 1004
f 1009 1001 1011
f 1009 1011 1010
f 1010 1011 1012
f 1010 1012 1004
f 1011 1001 1013
f 1011 1013 1012
f 1012 1013 1014
f 1012 1014 1004
f 1013 1001 1002
f 1013 1002 1014
f 1014 1002 1003
f 1014 1003 1004
f 1016 1015 1019
f 1016 1019 1017
f 1017 1019 1020
f 1017 1020 1018
f 1019 1015 1021
f 1019 1021 1020
f 1020 1021 1022
f 1020 1022 1018
f 1021 1015 1023
f 1021 1023 1022
f 1022 1023 1024
f 1022 1024 1018
f 1023 1015 1025
f 1023 1025 1024
f 1024 1025 1026
f 1024 1026 1018
f 1025 1015 1027
f 1025 1027 1026
f 1026 1027 1028
f 1026 1028 1018
f 1027 1015 1016
f 1027 1016 1028
f 1028 1016 1017
f 1028 1017 1018
f 1030 1029 1033
f 1030 1033 1031
f 1031 1033 1034
f 1031 1034 1032
f 1033 1029 1035
f 1033 1035 1034
f 1034 1035 1036
f 1034 1036 1032
f 1035 1029 1037
f 1035 1037 1036
f 1036 1037 1038
f 1036 1038 1032
f 1037 1029 1039
f 1037 1039 1038
f 1038 1039 1040
f 1038 1040 1032
f 1039 1029 1041
f 1039 1041 1040
f 1040 1041 1042
f 1040 1042 1032
f 1041 1029 1030
f 1041 1030 1042
f 1042 1030 1031
f 1042 1031 1032
f 1044 1043 1047
f 1044 1047 1045
f 1045 1047 1048
f 1045 1048 1046
f 1047 1043 1049
f 1047 1049 1048
f 1048 1049 1050
f 1048 1050 1046
f 1049 1043 1051
f 1049 1051 1050
f 1050 1051 1052
f 1050 1052 1046
f 1051 1043 1053
f 1051 1053 1052
f 1052 1053 1054
f 1052 1054 1046
f 1053 1043 1055
f 1053 1055 1054
f 1054 1055 1056
f 1054 1056 1046
f 1055 1043 1044
f 1055 1044 1056
f 1056 1044 1045
f 1056 1045 1046
f 1058 1057 1061
f 1058 1061 1059
f 1059 1061 1062
f 1059 1062 1060
f 1061 1057 1063
f 1061 1063 1062
f 1062 1063 1064
f 1062 1064 1060
f 1063 1057 1065
f 1063 1065 1064
f 1064 1065 1066
f 1064 1066 1060
f 1065 1057 1067
f 1065 1067 1066
f 1066 1067 1068
f 1066 1068 1060
f 1067 1057 1069
f 1067 1069 1068
f 1068 1069 1070
f 1068 1070 1060
f 1069 1057 1058
f 1069 1058 1070
f 1070 1058 1059
f 1070 1059 1060
f 1072 1071 1075
f 1072 1075 1073
f 1073 1075 1076
f 1073 1076 1074
f 1075 1071 1077
f 1075 1077 1076
f 1076 1077 1078
f 1076 1078 1074
f 1077 1071 1079
f 1077 1079 1078
f 1078 1079 1080
f 1078 1080 1074
f 1079 1071 1081
f 1079 1081 1080
f 1080 1081 1082
f 1080 1082 1074
f 1081 1071 1083
f 1081 1083 1082
f 1082 1083 1084
f 1082 1084 1074
f 1083 1071 1072
f 1083 1072 1084
f 1084 1072 1073
f 1084 1073 1074
f 1086 1085 1089
f 1086 1089 1087
f 1087 1089 1090
f 1087 1090 1088
f 1089 1085 1091
f 1089 1091 1090
f 1090 1091 1092
f 1090 1092 1088
f 1091 1085 1093
f 1091 1093 1092
f 1092 1093 1094
f 1092 1094 1088
f 1093 1085 1095
f 1093 1095 1094
f 1094 1095 1096
f 1094 1096 1088
f 1095 1085 1097
f 1095 1097 1096
f 1096 1097 1098
f 1096 1098 1088
f 1097 1085 1086
f 1097 1086 1098
f 1098 1086 1087
f 1098 1087 1088
f 1100 1099 1103
f 1100 1103 1101
f 1101 1103 1104
f 1101 1104 1102
f 1103 1099 1105
f 1103 1105 1104
f 1104 1105 1106
f 1104 1106 1102
f 1105 1099 1107
f 1105 1107 1106
f 1106 1107 1108
f 1106 1108 1102
f 1107 1099 1109
f 1107 1109 1108
f 1108 1109 1110
f 1108 1110 1102
f 1109 1099 1111
f 1109 1111 1110
f 1110 1111 1112
f 1110 1112 1102
f 1111 1099 1100
f 1111 1100 1112
f 1112 1100 1101
f 1112 1101 1102
f 1114 1113 1117
f 1114 1117 1115
f 1115 1117 1118
f 1115 1118 1116
f 1117 1113 1119
f 1117 1119 1118
f 1118 1119 1120
f 1118 1120 1116
f 1119 1113 1121
f 1119 1121 1120
f 1120 1121 1122
f 1120 1122 1116
f 1121 1113 1123
f 1121 1123 1122
f 1122 1123 1124
f 1122 1124 1116
f 1123 1113 1125
f 1123 1125 1124
f 1124 1125 1126
f 1124 1126 1116
f 1125 1113 1114
f 1125 1114 1126
f 1126 1114 1115
f 1126 1115 1116
f 1128 1127 1131
f 1128 1131 1129
f 1129 1131 1132
f 1129 1132 1130
f 1131 1127 1133
f 1131 1133 1132
f 1132 1133 1134
f 1132 1134 1130
f 1133 1127 1135
f 1133 1135 1134
f 1134 1135 1136
f 1134 1136 1130
f 1135 1127 1137
f 1135 1137 1136
f 1136 1137 1138
f 1136 1138 1130
f 1137 1127 1139
f 1137 1139 1138
f 1138 1139 1140
f 1138 1140 1130
f 1139 1127 1128
f 1139 1128 1140
f 1140 1128 1129
f 1140 1129 1130
f 1142 1141 1145
f 1142 1145 1143
f 1143 1145 1146
f 1143 1146 1144
f 1145 1141 1147
f 1145 1147 1146
f 1146 1147 1148
f 1146 1148 1144
f 1147 1141 1149
f 1147 1149 1148
f 1148 1149 1150
f 1148 1150 1144
f 1149 1141 1151
f 1149 1151 1150
f 1150 1151 1152
f 1150 1152 1144
f 1151 1141 1153
f 1151 1153 1152
f 1152 1153 1154
f 1152 1154 1144
f 1153 1141 1142
f 1153 1142 1154
f 1154 1142 1143
f 1154 1143 1144
f 1156 1155 1159
f 1156 1159 1157
f 1157 1159 1160
f 1157 1160 1158
f 1159 1155 1161
f 1159 1161 1160
f 1160 1161 1162
f 1160 1162 1158
f 1161 1155 1163
f 1161 1163 1162
f 1162 1163 1164
f 1162 1164 1158
f 1163 1155 1165
f 1163 1165 1164
f 1164 1165 1166
f 1164 1166 1158
f 1165 1155 1167
f 1165 1167 1166
f 1166 1167 1168
f 1166 1168 1158
f 1167 1155 1156
f 1167 1156 1168
f 1168 1156 1157
f 1168 1157 1158
f 1170 1169 1173
f 1170 1173 1171
f 1171 1173 1174
f 1171 1174 1172
f 1173 1169 1175
f 1173 1175 1174
f 1174 1175 1176
f 1174 1176 1172
f 1175 1169 1177
f 1175 1177 1176
f 1176 1177 1178
f 1176 1178 1172
f 1177 1169 1179
f 1177 1179 1178
f 1178 1179 1180
f 1178 1180 1172
f 1179 1169 1181
f 1179 1181 1180
f 1180 1181 1182
f 1180 1182 1172
f 1181 1169 1170
f 1181 1170 1182
f 1182 1170 1171
f 1182 1171 1172
f 1184 1183 1187
f 1184 1187 1185
f 1185 1187 1188
f 1185 1188 1186
f 1187 1183 1189
f 1187 1189 1188
f 1188 1189 1190
f 1188 1190 1186
f 1189 1183 1191
f 1189 1191 1190
f 1190 1191 1192
f 1190 1192 1186
f 1191 1183 1193
f 1191 1193 1192
f 1192 1193 1194
f 1192 1194 1186
f 1193 1183 1195
f 1193 1195 1194
f 1194 1195 1196
f 1194 1196 1186
f 1195 1183 1184
f 1195 1184 1196
f 1196 1184 1185
f 1196 1185 1186
f 1198 1197 1201
f 1198 1201 1199
f 1199 1201 1202
f 1199 1202 1200
f 1201 1197 1203
f 1201 1203 1202
f 1202 1203 1204
f 1202 1204 1200
f 1203 1197 1205
f 1203 1205 1204
f 1204 1205 1206
f 1204 1206 1200
f 1205 1197 1207
f 1205 1207 1206
f 1206 1207 1208
f 1206 1208 1200
f 1207 1197 1209
f 1207 1209 1208
f 1208 1209 1210
f 1208 1210 1200
f 1209 1197 1198
f 1209 1198 1210
f 1210 1198 1199
f 1210 1199 1200
f 1212 1211 1215
f 1212 1215 1213
f 1213 1215 1216
f 1213 1216 1214
f 1215 1211 1217
f 1215 1217 1216
f 1216 1217 1218
f 1216 1218 1214
f 1217 1211 1219
f 1217 1219 1218
f 1218 1219 1220
f 1218 1220 1214
f 1219 1211 1221
f 1219 1221 1220
f 1220 1221 1222
f 1220 1222 1214
f 1221 1211 1223
f 1221 1223 1222
f 1222 1223 1224
f 1222 1224 1214
f 1223 1211 1212
f 1223 1212 1224
f 1224 1212 1213
f 1224 1213 1214
f 1226 1225 1229
f 1226 1229 1227
f 1227 1229 1230
f 1227 1230 1228
f 1229 1225 1231
f 1229 1231 1230
f 1230 1231 1232
f 1230 1232 1228
f 1231 1225 1233
f 1231 1233 1232
f 1232 1233 1234
f 1232 1234 1228
f 1233 1225 1235
f 1233 1235 1234
f 1234 1235 1236
f 1234 1236 1228
f 1235 1225 1237
f 1235 1237 1236
f 1236 1237 1238
f 1236 1238 1228
f 1237 1225 1226
f 1237 1226 1238
f 1238 1226 1227
f 1238 1227 1228
f 1240 1239 1243
f 1240 1243 1241
f 1241 1243 1244
f 1241 1244 1242
f 1243 1239 1245
f 1243 1245 1244
f 1244 1245 1246
f 1244 1246 1242
f 1245 1239 1247
f 1245 1247 1246
f 1246 1247 1248
f 1246 1248 1242
f 1247 1239 1249
f 1247 1249 1248
f 1248 1249 1250
f 1248 1250 1242
f 1249 1239 1251
f 1249 1251 1250
f 1250 1251 1252
f 1250 1252 1242
f 1251 1239 1240
f 1251 1240 1252
f 1252 1240 1241
f 1252 1241 1242
f 1254 1253 1257
f 1254 1257 1255
f 1255 1257 1258
f 1255 1258 1256
f 1257 1253 1259
f 1257 1259 1258
f 1258 1259 1260
f 1258 1260 1256
f 1259 1253 1261
f 1259 1261 1260
f 1260 1261 1262
f 1260 1262 1256
f 1261 1253 1263
f 1261 1263 1262
f 1262 1263 1264
f 1262 1264 1256
f 1263 1253 1265
f 1263 1265 1264
f 1264 1265 1266
f 1264 1266 1256
f 1265 1253 1254
f 1265 1254 1266
f 1266 1254 1255
f 1266 1255 1256
f 1268 1267 1271
f 1268 1271 1269
f 1269 1271 1272
f 1269 1272 1270
f 1271 1267 1273
f 1271 1273 1272
f 1272 1273 1274
f 1272 1274 1270
f 1273 1267 1275
f 1273 1275 1274
f 1274 1275 1276
f 1274 1276 1270
f 1275 1267 1277
f 1275 1277 1276
f 1276 1277 1278
f 1276 1278 1270
f 1277 1267 1279
f 1277 1279 1278
f 1278 1279 1280
f 1278 1280 1270
f 1279 1267 1268
f 1279 1268 1280
f 1280 1268 1269
f 1280 1269 1270
f 1282 1281 1285
f 1282 1285 1283
f 1283 1285 1286
f 1283 1286 1284
f 1285 1281 1287
f 1285 1287 1286
f 1286 1287 1288
f 1286 1288 1284
f 1287 1281 1289
f 1287 1289 1288
f 1288 1289 1290
f 1288 1290 1284
f 1289 1281 1291
f 1289 1291 1290
f 1290 1291 1292
f 1290 1292 1284
f 1291 1281 1293
f 1291 1293 1292
f 1292 1293 1294
f 1292 1294 1284
f 1293 1281 1282
f 1293 1282 1294
f 1294 1282 1283
f 1294 1283 1284
f 1296 1295 1299
f 1296 1299 1297
f 1297 1299 1300
f 1297 1300 1298
f 1299 1295 1301
f 1299 1301 1300
f 1300 1301 1302
f 1300 1302 1298
f 1301 1295 1303
f 1301 1303 1302
f 1302 1303 1304
f 1302 1304 1298
f 1303 1295 1305
f 1303 1305 1304
f 1304 1305 1306
f 1304 1306 1298
f 1305 1295 1307
f 1305 1307 1306
f 1306 1307 1308
f 1306 1308 1298
f 1307 1295 1296
f 1307 1296 1308
f 1308 1296 1297
f 1308 1297 1298
f 1310 1309 1313
f 1310 1313 1311
f 1311 1313 1314
f 1311 1314 1312
f 1313 1309 1315
f 1313 1315 1314
f 1314 1315 1316
f 1314 1316 1312
f 1315 1309 1317
f 1315 1317 1316
f 1316 1317 1318
f 1316 1318 1312
f 1317 1309 1319
f 1317 1319 1318
f 1318 1319 1320
f 1318 1320 1312
f 1319 1309 1321
f 1319 1321 1320
f 1320 1321 1322
f 1320 1322 1312
f 1321 1309 1310
f 1321 1310 1322
f 1322 1310 1311
f 1322 1311 1312
f 1324 1323 1327
f 1324 1327 1325
f 1325 1327 1328
f 1325 1328 1326
f 1327 1323 1329
f 1327 1329 1328
f 1328 1329 1330
f 1328 1330 1326
f 1329 1323 1331
f 1329 1331 1330
f 1330 1331 1332
f 1330 1332 1326
f 1331 1323 1333
f 1331 1333 1332
f 1332 1333 1334
f 1332 1334 1326
f 1333 1323 1335
f 1333 1335 1334
f 1334 1335 1336
f 1334 1336 1326
f 1335 1323 1324
f 1335 1324 1336
f 1336 1324 1325
f 1336 1325 1326
f 1338 1337 1341
f 1338 1341 1339
f 1339 1341 1342
f 1339 1342 1340
f 1341 1337 1343
f 1341 1343 1342
f 1342 1343 1344
f 1342 1344 1340
f 1343 1337 1345
f 1343 1345 1344
f 1344 1345 1346
f 1344 1346 1340
f 1345 1337 1347
f 1345 1347 1346
f 1346 1347 1348
f 1346 1348 1340
f 1347 1337 1349
f 1347 1349 1348
f 1348 1349 1350
f 1348 1350 1340
f 1349 1337 1338
f 1349 1338 1350
f 1350 1338 1339
f 1350 1339 1340
f 1352 1351 1355
f 1352 1355 1353
f 1353 1355 1356
f 1353 1356 1354
f 1355 1351 1357
f 1355 1357 1356
f 1356 1357 1358
f 1356 1358 1354
f 1357 1351 1359
f 1357 1359 1358
f 1358 1359 1360
f 1358 1360 1354
f 1359 1351 1361
f 1359 1361 1360
f 1360 1361 1362
f 1360 1362 1354
f 1361 1351 1363
f 1361 1363 1362
f 1362 1363 1364
f 1362 1364 1354
f 1363 1351 1352
f 1363 1352 1364
f 1364 1352 1353
f 1364 1353 1354
f 1366 1365 1369
f 1366 1369 1367
f 1367 1369 1370
f 1367 1370 1368
f 1369 1365 1371
f 1369 1371 1370
f 1370 1371 1372
f 1370 1372 1368
f 1371 1365 1373
f 1371 1373 1372
f 1372 1373 1374
f 1372 1374 1368
f 1373 1365 1375
f 1373 1375 1374
f 1374 1375 1376
f 1374 1376 1368
f 1375 1365 1377
f 1375 1377 1376
f 1376 1377 1378
f 1376 1378 1368
f 1377 1365 1366
f 1377 1366 1378
f 1378 1366 1367
f 1378 1367 1368
f 1380 1379 1383
f 1380 1383 1381
f 1381 1383 1384
f 1381 1384 1382
f 1383 1379 1385
f 1383 1385 1384
f 1384 1385 1386
f 1384 1386 1382
f 1385 1379 1387
f 1385 1387 1386
f 1386 1387 1388
f 1386 1388 1382
f 1387 1379 1389
f 1387 1389 1388
f 1388 1389 1390
f 1388 1390 1382
f 1389 1379 1391
f 1389 1391 1390
f 1390 1391 1392
f 1390 1392 1382
f 1391 1379 1380
f 1391 1380 1392
f 1392 1380 1381
f 1392 1381 1382
f 1394 1393 1397
f 1394 1397 1395
f 1395 1397 1398
f 1395 1398 1396
f 1397 1393 1399
f 1397 1399 1398
f 1398 1399 1400
f 1398 1400 1396
f 1399 1393 1401
f 1399 1401 1400
f 1400 1401 1402
f 1400 1402 1396
f 1401 1393 1403
f 1401 1403 1402
f 1402 1403 1404
f 1402 1404 1396
f 1403 1393 1405
f 1403 1405 1404
f 1404 1405 1406
f 1404 1406 1396
f 1405 1393 1394
f 1405 1394 1406
f 1406 1394 1395
f 1406 1395 1396
f 1408 1407 1411
f 1408 1411 1409
f 1409 1411 1412
f 1409 1412 1410
f 1411 1407 1413
f 1411 1413 1412
f 1412 1413 1414
f 1412 1414 1410
f 1413 1407 1415
f 1413 1415 1414
f 1414 1415 1416
f 1414 1416 1410
f 1415 1407 1417
f 1415 1417 1416
f 1416 1417 1418
f 1416 1418 1410
f 1417 1407 1419
f 1417 1419 1418
f 1418 1419 1420
f 1418 1420 1410
f 1419 1407 1408
f 1419 1408 1420
f 1420 1408 1409
f 1420 1409 1410
f 1422 1421 1425
f 1422 1425 1423
f 1423 1425 1426
f 1423 1426 1424
f 1425 1421 1427
f 1425 1427 1426
f 1426 1427 1428
f 1426 1428 1424
f 1427 1421 1429
f 1427 1429 1428
f 1428 1429 1430
f 1428 1430 1424
f 1429 1421 1431
f 1429 1431 1430
f 1430 1431 1432
f 1430 1432 1424
f 1431 1421 1433
f 1431 1433 1432
f 1432 1433 1434
f 1432 1434 1424
f 1433 1421 1422
f 1433 1422 1434
f 1434 1422 1423
f 1434 1423 1424
f 1436 1435 1439
f 1436 1439 1437
f 1437 1439 1440
f 1437 1440 1438
f 1439 1435 1441
f 1439 1441 1440
f 1440 1441 1442
f 1440 1442 1438
f 1441 1435 1443
f 1441 1443 1442
f 1442 1443 1444
f 1442 1444 1438
f 1443 1435 1445
f 1443 1445 1444
f 1444 1445 1446
f 1444 1446 1438
f 1445 1435 1447
f 1445 1447 1446
f 1446 1447 1448
f 1446 1448 1438
f 1447 1435 1436
f 1447 1436 1448
f 1448 1436 1437
f 1448 1437 1438
f 1450 1449 1453
f 1450 1453 1451
f 1451 1453 1454
f 1451 1454 1452
f 1453 1449 1455
f 1453 1455 1454
f 1454 1455 1456
f 1454 1456 1452
f 1455 1449 1457
f 1455 1457 1456
f 1456 1457 1458
f 1456 1458 1452
f 1457 1449 1459
f 1457 1459 1458
f 1458 1459 1460
f 1458 1460 1452
f 1459 1449 1461
f 1459 1461 1460
f 1460 1461 1462
f 1460 1462 1452
f 1461 1449 1450
f 1461 1450 1462
f 1462 1450 1451
f 1462 1451 1452
f 1464 1463 1467
f 1464 1467 1465
f 1465 1467 1468
f 1465 1468 1466
f 1467 1463 1469
f 1467 1469 1468
f 1468 1469 1470
f 1468 1470 1466
f 1469 1463 1471
f 1469 1471 1470
f 1470 1471 1472
f 1470 1472 1466
f 1471 1463 1473
f 1471 1473 1472
f 1472 1473 1474
f 1472 1474 1466
f 1473 1463 1475
f 1473 1475 1474
f 1474 1475 1476
f 1474 1476 1466
f 1475 1463 1464
f 1475 1464 1476
f 1476 1464 1465
f 1476 1465 1466
f 1478 1477 1481
f 1478 1481 1479
f 1479 1481 1482
f 1479 1482 1480
f 1481 1477 1483
f 1481 1483 1482
f 1482 1483 1484
f 1482 1484 1480
f 1483 1477 1485
f 1483 1485 1484
f 1484 1485 1486
f 1484 1486 1480
f 1485 1477 1487
f 1485 1487 1486
f 1486 1487 1488
f 1486 1488 1480
f 1487 1477 1489
f 1487 1489 1488
f 1488 1489 1490
f 1488 1490 1480
f 1489 1477 1478
f 1489 1478 1490
f 1490 1478 1479
f 1490 1479 1480
f 1492 1491 1495
f 1492 1495 1493
f 1493 1495 1496
f 1493 1496 1494
f 1495 1491 1497
f 1495 1497 1496
f 1496 1497 1498
f 1496 1498 1494
f 1497 1491 1499
f 1497 1499 1498
f 1498 1499 1500
f 1498 1500 1494
f 1499 1491 1501
f 1499 1501 1500
f 1500 1501 1502
f 1500 1502 1494
f 1501 1491 1503
f 1501 1503 1502
f 1502 1503 1504
f 1502 1504 1494
f 1503 1491 1492
f 1503 1492 1504
f 1504 1492 1493
f 1504 1493 1494
f 1506 1505 1509
f 1506 1509 1507
f 1507 1509 1510
f 1507 1510 1508
f 1509 1505 1511
f 1509 1511 1510
f 1510 1511 1512
f 1510 1512 1508
f 1511 1505 1513
f 1511 1513 1512
f 1512 1513 1514
f 1512 1514 1508
f 1513 1505 1515
f 1513 1515 1514
f 1514 1515 1516
f 1514 1516 1508
f 1515 1505 1517
f 1515 1517 1516
f 1516 1517 1518
f 1516 1518 1508
f 1517 1505 1506
f 1517 1506 1518
f 1518 1506 1507
f 1518 1507 1508
f 1520 1519 1523
f 1520 1523 1521
f 1521 1523 1524
f 1521 1524 1522
f 1523 1519 1525
f 1523 1525 1524
f 1524 1525 1526
f 1524 1526 1522
f 1525 1519 1527
f 1525 1527 1526
f 1526 1527 1528
f 1526 1528 1522
f 1527 1519 1529
f 1527 1529 1528
f 1528 1529 1530
f 1528 1530 1522
f 1529 1519 1531
f 1529 1531 1530
f 1530 1531 1532
f 1530 1532 1522
f 1531 1519 1520
f 1531 1520 1532
f 1532 1520 1521
f 1532 1521 1522
f 1534 1533 1537
f 1534 1537 1535
f 1535 1537 1538
f 1535 1538 1536
f 1537 1533 1539
f 1537 1539 1538
f 1538 1539 1540
f 1538 1540 1536
f 1539 1533 1541
f 1539 1541 1540
f 1540 1541 1542
f 1540 1542 1536
f 1541 1533 1543
f 1541 1543 1542
f 1542 1543 1544
f 1542 1544 1536
f 1543 1533 1545
f 1543 1545 1544
f 1544 1545 1546
f 1544 1546 1536
f 1545 1533 1534
f 1545 1534 1546
f 1546 1534 1535
f 1546 1535 1536
f 1548 1547 1551
f 1548 1551 1549
f 1549 1551 1552
f 1549 1552 1550
f 1551 1547 1553
f 1551 1553 1552
f 1552 1553 1554
f 1552 1554 1550
f 1553 1547 1555
f 1553 1555 1554
f 1554 1555 1556
f 1554 1556 1550
f 1555 1547 1557
f 1555 1557 1556
f 1556 1557 1558
f 1556 1558 1550
f 1557 1547 1559
f 1557 1559 1558
f 1558 1559 1560
f 1558 1560 1550
f 1559 1547 1548
f 1559 1548 1560
f 1560 1548 1549
f 1560 1549 1550
f 1561 1593 1562
f 1562 1593 1594
f 1562 1594 1563
f 1563 1594 1595
f 1563 1595 1564
f 1564 1595 1596
f 1564 1596 1565
f 1565 1596 1597
f 1565 1597 1566
f 1566 1597 1598
f 1566 1598 1567
f 1567 1598 1599
f 1567 1599 1568
f 1568 1599 1600
f 1568 1600 1569
f 1569 1600 1601
f 1569 1601 1570
f 1570 1601 1602
f 1570 1602 1571
f 1571 1602 1603
f 1571 1603 1572
f 1572 1603 1604
f 1572 1604 1573
f 1573 1604 1605
f 1573 1605 1574
f 1574 1605 1606
f 1574 1606 1575
f 1575 1606 1607
f 1575 1607 1576
f 1576 1607 1608
f 1576 1608 1577
f 1577 1608 1609
f 1577 1609 1578
f 1578 1609 1610
f 1578 1610 1579
f 1579 1610 1611
f 1579 1611 1580
f 1580 1611 1612
f 1580 1612 1581
f 1581 1612 1613
f 1581 1613 1582
f 1582 1613 1614
f 1582 1614 1583
f 1583 1614 1615
f 1583 1615 1584
f 1584 1615 1616
f 1584 1616 1585
f 1585 1616 1617
f 1585 1617 1586
f 1586 1617 1618
f 1586 1618 1587
f 1587 1618 1619
f 1587 1619 1588
f 1588 1619 1620
f 1588 1620 1589
f 1589 1620 1621
f 1589 1621 1590
f 1590 1621 1622
f 1590 1622 1591
f 1591 1622 1623
f 1591 1623 1592
f 1592 1623 1624
f 1592 1624 1561
f 1561 1624 1593
f 1593 1625 1594
f 1594 1625 1626
f 1594 1626 1595
f 1595 1626 1627
f 1595 1627 1596
f 1596 1627 1628
f 1596 1628 1597
f 1597 1628 1629
f 1597 1629 1598
f 1598 1629 1630
f 1598 1630 1599
f 1599 1630 1631
f 1599 1631 1600
f 1600 1631 1632
f 1600 1632 1601
f 1601 1632 1633
f 1601 1633 1602
f 1602 1633 1634
f 1602 1634 1603
f 1603 1634 1635
f 1603 1635 1604
f 1604 1635 1636
f 1604 1636 1605
f 1605 1636 1637
f 1605 1637 1606
f 1606 1637 1638
f 1606 1638 1607
f 1607 1638 1639
f 1607 1639 1608
f 1608 1639 1640
f 1608 1640 1609
f 1609 1640 1641
f 1609 1641 1610
f 1610 1641 1642
f 1610 1642 1611
f 1611 1642 1643
f 1611 1643 1612
f 1612 1643 1644
f 1612 1644 1613
f 1613 1644 1645
f 1613 1645 1614
f 1614 1645 1646
f 1614 1646 1615
f 1615 1646 1647
f 1615 1647 1616
f 1616 1647 1648
f 1616 1648 1617
f 1617 1648 1649
f 1617 1649 1618
f 1618 1649 1650
f 1618 1650 1619
f 1619 1650 1651
f 1619 1651 1620
f 1620 1651 1652
f 1620 1652 1621
f 1621 1652 1653
f 1621 1653 1622
f 1622 1653 1654
f 1622 1654 1623
f 1623 1654 1655
f 1623 1655 1624
f 1624 1655 1656
f 1624 1656 1593
f 1593 1656 1625
f 1625 1657 1626
f 1626 1657 1658
f 1626 1658 1627
f 1627 1658 1659
f 1627 1659 1628
f 1628 1659 1660
f 1628 1660 1629
f 1629 1660 1661
f 1629 1661 1630
f 1630 1661 1662
f 1630 1662 1631
f 1631 1662 1663
f 1631 1663 1632
f 1632 1663 1664
f 1632 1664 1633
f 1633 1664 1665
f 1633 1665 1634
f 1634 1665 1666
f 1634 1666 1635
f 1635 1666 1667
f 1635 1667 1636
f 1636 1667 1668
f 1636 1668 1637
f 1637 1668 1669
f 1637 1669 1638
f 1638 1669 1670
f 1638 1670 1639
f 1639 1670 1671
f 1639 1671 1640
f 1640 1671 1672
f 1640 1672 1641
f 1641 1672 1673
f 1641 1673 1642
f 1642 1673 1674
f 1642 1674 1643
f 1643 1674 1675
f 1643 1675 1644
f 1644 1675 1676
f 1644 1676 1645
f 1645 1676 1677
f 1645 1677 1646
f 1646 1677 1678
f 1646 1678 1647
f 1647 1678 1679
f 1647 1679 1648
f 1648 1679 1680
f 1648 1680 1649
f 1649 1680 1681
f 1649 1681 1650
f 1650 1681 1682
f 1650 1682 1651
f 1651 1682 1683
f 1651 1683 1652
f 1652 1683 1684
f 1652 1684 1653
f 1653 1684 1685
f 1653 1685 1654
f 1654 1685 1686
f 1654 1686 1655
f 1655 1686 1687
f 1655 1687 1656
f 1656 1687 1688
f 1656 1688 1625
f 1625 1688 1657
f 1657 1689 1658
f 1658 1689 1690
f 1658 1690 1659
f 1659 1690 1691
f 1659 1691 1660
f 1660 1691 1692
f 1660 1692 1661
f 1661 1692 1693
f 1661 1693 1662
f 1662 1693 1694
f 1662 1694 1663
f 1663 1694 1695
f 1663 1695 1664
f 1664 1695 1696
f 1664 1696 1665
f 1665 1696 1697
f 1665 1697 1666
f 1666 1697 1698
f 1666 1698 1667
f 1667 1698 1699
f 1667 1699 1668
f 1668 1699 1700
f 1668 1700 1669
f 1669 1700 1701
f 1669 1701 1670
f 1670 1701 1702
f 1670 1702 1671
f 1671 1702 1703
f 1671 1703 1672
f 1672 1703 1704
f 1672 1704 1673
f 1673 1704 1705
f 1673 1705 1674
f 1674 1705 1706
f 1674 1706 1675
f 1675 1706 1707
f 1675 1707 1676
f 1676 1707 1708
f 1676 1708 1677
f 1677 1708 1709
f 1677 1709 1678
f 1678 1709 1710
f 1678 1710 1679
f 1679 1710 1711
f 1679 1711 1680
f 1680 1711 1712
f 1680 1712 1681
f 1681 1712 1713
f 1681 1713 1682
f 1682 1713 1714
f 1682 1714 1683
f 1683 1714 1715
f 1683 1715 1684
f 1684 1715 1716
f 1684 1716 1685
f 1685 1716 1717
f 1685 1717 1686
f 1686 1717 1718
f 1686 1718 1687
f 1687 1718 1719
f 1687 1719 1688
f 1688 1719 1720
f 1688 1720 1657
f 1657 1720 1689
f 1689 1721 1690
f 1690 1721 1722
f 1690 1722 1691
f 1691 1722 1723
f 1691 1723 1692
f 1692 1723 1724
f 1692 1724 1693
f 1693 1724 1725
f 1693 1725 1694
f 1694 1725 1726
f 1694 1726 1695
f 1695 1726 1727
f 1695 1727 1696
f 1696 1727 1728
f 1696 1728 1697
f 1697 1728 1729
f 1697 1729 1698
f 1698 1729 1730
f 1698 1730 1699
f 1699 1730 1731
f 1699 1731 1700
f 1700 1731 1732
f 1700 1732 1701
f 1701 1732 1733
f 1701 1733 1702
f 1702 1733 1734
f 1702 1734 1703
f 1703 1734 1735
f 1703 1735 1704
f 1704 1735 1736
f 1704 1736 1705
f 1705 1736 1737
f 1705 1737 1706
f 1706 1737 1738
f 1706 1738 1707
f 1707 1738 1739
f 1707 1739 1708
f 1708 1739 1740
f 1708 1740 1709
f 1709 1740 1741
f 1709 1741 1710
f 1710 1741 1742
f 1710 1742 1711
f 1711 1742 1743
f 1711 1743 1712
f 1712 1743 1744
f 1712 1744 1713
f 1713 1744 1745
f 1713 1745 1714
f 1714 1745 1746
f 1714 1746 1715
f 1715 1746 1747
f 1715 1747 1716
f 1716 1747 1748
f 1716 1748 1717
f 1717 1748 1749
f 1717 1749 1718
f 1718 1749 1750
f 1718 1750 1719
f 1719 1750 1751
f 1719 1751 1720
f 1720 1751 1752
f 1720 1752 1689
f 1689 1752 1721
f 1721 1753 1722
f 1722 1753 1754
f 1722 1754 1723
f 1723 1754 1755
f 1723 1755 1724
f 1724 1755 1756
f 1724 1756 1725
f 1725 1756 1757
f 1725 1757 1726
f 1726 1757 1758
f 1726 1758 1727
f 1727 1758 1759
f 1727 1759 1728
f 1728 1759 1760
f 1728 1760 1729
f 1729 1760 1761
f 1729 1761 1730
f 1730 1761 1762
f 1730 1762 1731
f 1731 1762 1763
f 1731 1763 1732
f 1732 1763 1764
f 1732 1764 1733
f 1733 1764 1765
f 1733 1765 1734
f 1734 1765 1766
f 1734 1766 1735
f 1735 1766 1767
f 1735 1767 1736
f 1736 1767 1768
f 1736 1768 1737
f 1737 1768 1769
f 1737 1769 1738
f 1738 1769 1770
f 1738 1770 1739
f 1739 1770 1771
f 1739 1771 1740
f 1740 1771 1772
f 1740 1772 1741
f 1741 1772 1773
f 1741 1773 1742
f 1742 1773 1774
f 1742 1774 1743
f 1743 1774 1775
f 1743 1775 1744
f 1744 1775 1776
f 1744 1776 1745
f 1745 1776 1777
f 1745 1777 1746
f 1746 1777 1778
f 1746 1778 1747
f 1747 1778 1779
f 1747 1779 1748
f 1748 1779 1780
f 1748 1780 1749
f 1749 1780 1781
f 1749 1781 1750
f 1750 1781 1782
f 1750 1782 1751
f 1751 1782 1783
f 1751 1783 1752
f 1752 1783 1784
f 1752 1784 1721
f 1721 1784 1753
f 1753 1785 1754
f 1754 1785 1786
f 1754 1786 1755
f 1755 1786 1787
f 1755 1787 1756
f 1756 1787 1788
f 1756 1788 1757
f 1757 1788 1789
f 1757 1789 1758
f 1758 1789 1790
f 1758 1790 1759
f 1759 1790 1791
f 1759 1791 1760
f 1760 1791 1792
f 1760 1792 1761
f 1761 1792 1793
f 1761 1793 1762
f 1762 1793 1794
f 1762 1794 1763
f 1763 1794 1795
f 1763 1795 1764
f 1764 1795 1796
f 1764 1796 1765
f 1765 1796 1797
f 1765 1797 1766
f 1766 1797 1798
f 1766 1798 1767
f 1767 1798 1799
f 1767 1799 1768
f 1768 1799 1800
f 1768 1800 1769
f 1769 1800 1801
f 1769 1801 1770
f 1770 1801 1802
f 1770 1802 1771
f 1771 1802 1803
f 1771 1803 1772
f 1772 1803 1804
f 1772 1804 1773
f 1773 1804 1805
f 1773 1805 1774
f 1774 1805 1806
f 1774 1806 1775
f 1775 1806 1807
f 1775 1807 1776
f 1776 1807 1808
f 1776 1808 1777
f 1777 1808 1809
f 1777 1809 1778
f 1778 1809 1810
f 1778 1810 1779
f 1779 1810 1811
f 1779 1811 1780
f 1780 1811 1812
f 1780 1812 1781
f 1781 1812 1813
f 1781 1813 1782
f 1782 1813 1814
f 1782 1814 1783
f 1783 1814 1815
f 1783 1815 1784
f 1784 1815 1816
f 1784 1816 1753
f 1753 1816 1785
f 1785 1817 1786
f 1786 1817 1818
f 1786 1818 1787
f 1787 1818 1819
f 1787 1819 1788
f 1788 1819 1820
f 1788 1820 1789
f 1789 1820 1821
f 1789 1821 1790
f 1790 1821 1822
f 1790 1822 1791
f 1791 1822 1823
f 1791 1823 1792
f 1792 1823 1824
f 1792 1824 1793
f 1793 1824 1825
f 1793 1825 1794
f 1794 1825 1826
f 1794 1826 1795
f 1795 1826 1827
f 1795 1827 1796
f 1796 1827 1828
f 1796 1828 1797
f 1797 1828 1829
f 1797 1829 1798
f 1798 1829 1830
f 1798 1830 1799
f 1799 1830 1831
f 1799 1831 1800
f 1800 1831 1832
f 1800 1832 1801
f 1801 1832 1833
f 1801 1833 1802
f 1802 1833 1834
f 1802 1834 1803
f 1803 1834 1835
f 1803 1835 1804
f 1804 1835 1836
f 1804 1836 1805
f 1805 1836 1837
f 1805 1837 1806
f 1806 1837 1838
f 1806 1838 1807
f 1807 1838 1839
f 1807 1839 1808
f 1808 1839 1840
f 1808 1840 1809
f 1809 1840 1841
f 1809 1841 1810
f 1810 1841 1842
f 1810 1842 1811
f 1811 1842 1843
f 1811 1843 1812
f 1812 1843 1844
f 1812 1844 1813
f 1813 1844 1845
f 1813 1845 1814
f 1814 1845 1846
f 1814 1846 1815
f 1815 1846 1847
f 1815 1847 1816
f 1816 1847 1848
f 1816 1848 1785
f 1785 1848 1817
f 1817 1849 1818
f 1818 1849 1850
f 1818 1850 1819
f 1819 1850 1851
f 1819 1851 1820
f 1820 1851 1852
f 1820 1852 1821
f 1821 1852 1853
f 1821 1853 1822
f 1822 1853 1854
f 1822 1854 1823
f 1823 1854 1855
f 1823 1855 1824
f 1824 1855 1856
f 1824 1856 1825
f 1825 1856 1857
f 1825 1857 1826
f 1826 1857 1858
f 1826 1858 1827
f 1827 1858 1859
f 1827 1859 1828
f 1828 1859 1860
f 1828 1860 1829
f 1829 1860 1861
f 1829 1861 1830
f 1830 1861 1862
f 1830 1862 1831
f 1831 1862 1863
f 1831 1863 1832
f 1832 1863 1864
f 1832 1864 1833
f 1833 1864 1865
f 1833 1865 1834
f 1834 1865 1866
f 1834 1866 1835
f 1835 1866 1867
f 1835 1867 1836
f 1836 1867 1868
f 1836 1868 1837
f 1837 1868 1869
f 1837 1869 1838
f 1838 1869 1870
f 1838 1870 1839
f 1839 1870 1871
f 1839 1871 1840
f 1840 1871 1872
f 1840 1872 1841
f 1841 1872 1873
f 1841 1873 1842
f 1842 1873 1874
f 1842 1874 1843
f 1843 1874 1875
f 1843 1875 1844
f 1844 1875 1876
f 1844 1876 1845
f 1845 1876 1877
f 1845 1877 1846
f 1846 1877 1878
f 1846 1878 1847
f 1847 1878 1879
f 1847 1879 1848
f 1848 1879 1880
f 1848 1880 1817
f 1817 1880 1849
f 1849 1881 1850
f 1850 1881 1882
f 1850 1882 1851
f 1851 1882 1883
f 1851 1883 1852
f 1852 1883 1884
f 1852 1884 1853
f 1853 1884 1885
f 1853 1885 1854
f 1854 1885 1886
f 1854 1886 1855
f 1855 1886 1887
f 1855 1887 1856
f 1856 1887 1888
f 1856 1888 1857
f 1857 1888 1889
f 1857 1889 1858
f 1858 1889 1890
f 1858 1890 1859
f 1859 1890 1891
f 1859 1891 1860
f 1860 1891 1892
f 1860 1892 1861
f 1861 1892 1893
f 1861 1893 1862
f 1862 1893 1894
f 1862 1894 1863
f 1863 1894 1895
f 1863 1895 1864
f 1864 1895 1896
f 1864 1896 1865
f 1865 1896 1897
f 1865 1897 1866
f 1866 1897 1898
f 1866 1898 1867
f 1867 1898 1899
f 1867 1899 1868
f 1868 1899 1900
f 1868 1900 1869
f 1869 1900 1901
f 1869 1901 1870
f 1870 1901 1902
f 1870 1902 1871
f 1871 1902 1903
f 1871 1903 1872
f 1872 1903 1904
f 1872 1904 1873
f 1873 1904 1905
f 1873 1905 1874
f 1874 1905 1906
f 1874 1906 1875
f 1875 1906 1907
f 1875 1907 1876
f 1876 1907 1908
f 1876 1908 1877
f 1877 1908 1909
f 1877 1909 1878
f 1878 1909 1910
f 1878 1910 1879
f 1879 1910 1911
f 1879 1911 1880
f 1880 1911 1912
f 1880 1912 1849
f 1849 1912 1881
f 1881 1913 1882
f 1882 1913 1914
f 1882 1914 1883
f 1883 1914 1915
f 1883 1915 1884
f 1884 1915 1916
f 1884 1916 1885
f 1885 1916 1917
f 1885 1917 1886
f 1886 1917 1918
f 1886 1918 1887
f 1887 1918 1919
f 1887 1919 1888
f 1888 1919 1920
f 1888 1920 1889
f 1889 1920 1921
f 1889 1921 1890
f 1890 1921 1922
f 1890 1922 1891
f 1891 1922 1923
f 1891 1923 1892
f 1892 1923 1924
f 1892 1924 1893
f 1893 1924 1925
f 1893 1925 1894
f 1894 1925 1926
f 1894 1926 1895
f 1895 1926 1927
f 1895 1927 1896
f 1896 1927 1928
f 1896 1928 1897
f 1897 1928 1929
f 1897 1929 1898
f 1898 1929 1930
f 1898 1930 1899
f 1899 1930 1931
f 1899 1931 1900
f 1900 1931 1932
f 1900 1932 1901
f 1901 1932 1933
f 1901 1933 1902
f 1902 1933 1934
f 1902 1934 1903
f 1903 1934 1935
f 1903 1935 1904
f 1904 1935 1936
f 1904 1936 1905
f 1905 1936 1937
f 1905 1937 1906
f 1906 1937 1938
f 1906 1938 1907
f 1907 1938 1939
f 1907 1939 1908
f 1908 1939 1940
f 1908 1940 1909
f 1909 1940 1941
f 1909 1941 1910
f 1910 1941 1942
f 1910 1942 1911
f 1911 1942 1943
f 1911 1943 1912
f 1912 1943 1944
f 1912 1944 1881
f 1881 1944 1913
f 1913 1945 1914
f 1914 1945 1946
f 1914 1946 1915
f 1915 1946 1947
f 1915 1947 1916
f 1916 1947 1948
f 1916 1948 1917
f 1917 1948 1949
f 1917 1949 1918
f 1918 1949 1950
f 1918 1950 1919
f 1919 1950 1951
f 1919 1951 1920
f 1920 1951 1952
f 1920 1952 1921
f 1921 1952 1953
f 1921 1953 1922
f 1922 1953 1954
f 1922 1954 1923
f 1923 1954 1955
f 1923 1955 1924
f 1924 1955 1956
f 1924 1956 1925
f 1925 1956 1957
f 1925 1957 1926
f 1926 1957 1958
f 1926 1958 1927
f 1927 1958 1959
f 1927 1959 1928
f 1928 1959 1960
f 1928 1960 1929
f 1929 1960 1961
f 1929 1961 1930
f 1930 1961 1962
f 1930 1962 1931
f 1931 1962 1963
f 1931 1963 1932
f 1932 1963 1964
f 1932 1964 1933
f 1933 1964 1965
f 1933 1965 1934
f 1934 1965 1966
f 1934 1966 1935
f 1935 1966 1967
f 1935 1967 1936
f 1936 1967 1968
f 1936 1968 1937
f 1937 1968 1969
f 1937 1969 1938
f 1938 1969 1970
f 1938 1970 1939
f 1939 1970 1971
f 1939 1971 1940
f 1940 1971 1972
f 1940 1972 1941
f 1941 1972 1973
f 1941 1973 1942
f 1942 1973 1974
f 1942 1974 1943
f 1943 1974 1975
f 1943 1975 1944
f 1944 1975 1976
f 1944 1976 1913
f 1913 1976 1945
f 1945 1977 1946
f 1946 1977 1978
f 1946 1978 1947
f 1947 1978 1979
f 1947 1979 1948
f 1948 1979 1980
f 1948 1980 1949
f 1949 1980 1981
f 1949 1981 1950
f 1950 1981 1982
f 1950 1982 1951
f 1951 1982 1983
f 1951 1983 1952
f 1952 1983 1984
f 1952 1984 1953
f 1953 1984 1985
f 1953 1985 1954
f 1954 1985 1986
f 1954 1986 1955
f 1955 1986 1987
f 1955 1987 1956
f 1956 1987 1988
f 1956 1988 1957
f 1957 1988 1989
f 1957 1989 1958
f 1958 1989 1990
f 1958 1990 1959
f 1959 1990 1991
f 1959 1991 1960
f 1960 1991 1992
f 1960 1992 1961
f 1961 1992 1993
f 1961 1993 1962
f 1962 1993 1994
f 1962 1994 1963
f 1963 1994 1995
f 1963 1995 1964
f 1964 1995 1996
f 1964 1996 1965
f 1965 1996 1997
f 1965 1997 1966
f 1966 1997 1998
f 1966 1998 1967
f 1967 1998 1999
f 1967 1999 1968
f 1968 1999 2000
f 1968 2000 1969
f 1969 2000 2001
f 1969 2001 1970
f 1970 2001 2002
f 1970 2002 1971
f 1971 2002 2003
f 1971 2003 1972
f 1972 2003 2004
f 1972 2004 1973
f 1973 2004 2005
f 1973 2005 1974
f 1974 2005 2006
f 1974 2006 1975
f 1975 2006 2007
f 1975 2007 1976
f 1976 2007 2008
f 1976 2008 1945
f 1945 2008 1977
f 1977 2009 1978
f 1978 2009 2010
f 1978 2010 1979
f 1979 2010 2011
f 1979 2011 1980
f 1980 2011 2012
f 1980 2012 1981
f 1981 2012 2013
f 1981 2013 1982
f 1982 2013 2014
f 1982 2014 1983
f 1983 2014 2015
f 1983 2015 1984
f 1984 2015 2016
f 1984 2016 1985
f 1985 2016 2017
f 1985 2017 1986
f 1986 2017 2018
f 1986 2018 1987
f 1987 2018 2019
f 1987 2019 1988
f 1988 2019 2020
f 1988 2020 1989
f 1989 2020 2021
f 1989 2021 1990
f 1990 2021 2022
f 1990 2022 1991
f 1991 2022 2023
f 1991 2023 1992
f 1992 2023 2024
f 1992 2024 1993
f 1993 2024 2025
f 1993 2025 1994
f 1994 2025 2026
f 1994 2026 1995
f 1995 2026 2027
f 1995 2027 1996
f 1996 2027 2028
f 1996 2028 1997
f 1997 2028 2029
f 1997 2029 1998
f 1998 2029 2030
f 1998 2030 1999
f 1999 2030 2031
f 1999 2031 2000
f 2000 2031 2032
f 2000 2032 2001
f 2001 2032 2033
f 2001 2033 2002
f 2002 2033 2034
f 2002 2034 2003
f 2003 2034 2035
f 2003 2035 2004
f 2004 2035 2036
f 2004 2036 2005
f 2005 2036 2037
f 2005 2037 2006
f 2006 2037 2038
f 2006 2038 2007
f 2007 2038 2039
f 2007 2039 2008
f 2008 2039 2040
f 2008 2040 1977
f 1977 2040 2009
f 2009 2041 2010
f 2010 2041 2042
f 2010 2042 2011
f 2011 2042 2043
f 2011 2043 2012
f 2012 2043 2044
f 2012 2044 2013
f 2013 2044 2045
f 2013 2045 2014
f 2014 2045 2046
f 2014 2046 2015
f 2015 2046 2047
f 2015 2047 2016
f 2016 2047 2048
f 2016 2048 2017
f 2017 2048 2049
f 2017 2049 2018
f 2018 2049 2050
f 2018 2050 2019
f 2019 2050 2051
f 2019 2051 2020
f 2020 2051 2052
f 2020 2052 2021
f 2021 2052 2053
f 2021 2053 2022
f 2022 2053 2054
f 2022 2054 2023
f 2023 2054 2055
f 2023 2055 2024
f 2024 2055 2056
f 2024 2056 2025
f 2025 2056 2057
f 2025 2057 2026
f 2026 2057 2058
f 2026 2058 2027
f 2027 2058 2059
f 2027 2059 2028
f 2028 2059 2060
f 2028 2060 2029
f 2029 2060 2061
f 2029 2061 2030
f 2030 2061 2062
f 2030 2062 2031
f 2031 2062 2063
f 2031 2063 2032
f 2032 2063 2064
f 2032 2064 2033
f 2033 2064 2065
f 2033 2065 2034
f 2034 2065 2066
f 2034 2066 2035
f 2035 2066 2067
f 2035 2067 2036
f 2036 2067 2068
f 2036 2068 2037
f 2037 2068 2069
f 2037 2069 2038
f 2038 2069 2070
f 2038 2070 2039
f 2039 2070 2071
f 2039 2071 2040
f 2040 2071 2072
f 2040 2072 2009
f 2009 2072 2041
f 2041 2073 2042
f 2042 2073 2074
f 2042 2074 2043
f 2043 2074 2075
f 2043 2075 2044
f 2044 2075 2076
f 2044 2076 2045
f 2045 2076 2077
f 2045 2077 2046
f 2046 2077 2078
f 2046 2078 2047
f 2047 2078 2079
f 2047 2079 2048
f 2048 2079 2080
f 2048 2080 2049
f 2049 2080 2081
f 2049 2081 2050
f 2050 2081 2082
f 2050 2082 2051
f 2051 2082 2083
f 2051 2083 2052
f 2052 2083 2084
f 2052 2084 2053
f 2053 2084 2085
f 2053 2085 2054
f 2054 2085 2086
f 2054 2086 2055
f 2055 2086 2087
f 2055 2087 2056
f 2056 2087 2088
f 2056 2088 2057
f 2057 2088 2089
f 2057 2089 2058
f 2058 2089 2090
f 2058 2090 2059
f 2059 2090 2091
f 2059 2091 2060
f 2060 2091 2092
f 2060 2092 2061
f 2061 2092 2093
f 2061 2093 2062
f 2062 2093 2094
f 2062 2094 2063
f 2063 2094 2095
f 2063 2095 2064
f 2064 2095 2096
f 2064 2096 2065
f 2065 2096 2097
f 2065 2097 2066
f 2066 2097 2098
f 2066 2098 2067
f 2067 2098 2099
f 2067 2099 2068
f 2068 2099 2100
f 2068 2100 2069
f 2069 2100 2101
f 2069 2101 2070
f 2070 2101 2102
f 2070 2102 2071
f 2071 2102 2103
f 2071 2103 2072
f 2072 2103 2104
f 2072 2104 2041
f 2041 2104 2073
f 2073 2105 2074
f 2074 2105 2106
f 2074 2106 2075
f 2075 2106 2107
f 2075 2107 2076
f 2076 2107 2108
f 2076 2108 2077
f 2077 2108 2109
f 2077 2109 2078
f 2078 2109 2110
f 2078 2110 2079
f 2079 2110 2111
f 2079 2111 2080
f 2080 2111 2112
f 2080 2112 2081
f 2081 2112 2113
f 2081 2113 2082
f 2082 2113 2114
f 2082 2114 2083
f 2083 2114 2115
f 2083 2115 2084
f 2084 2115 2116
f 2084 2116 2085
f 2085 2116 2117
f 2085 2117 2086
f 2086 2117 2118
f 2086 2118 2087
f 2087 2118 2119
f 2087 2119 2088
f 2088 2119 2120
f 2088 2120 2089
f 2089 2120 2121
f 2089 2121 2090
f 2090 2121 2122
f 2090 2122 2091
f 2091 2122 2123
f 2091 2123 2092
f 2092 2123 2124
f 2092 2124 2093
f 2093 2124 2125
f 2093 2125 2094
f 2094 2125 2126
f 2094 2126 2095
f 2095 2126 2127
f 2095 2127 2096
f 2096 2127 2128
f 2096 2128 2097
f 2097 2128 2129
f 2097 2129 2098
f 2098 2129 2130
f 2098 2130 2099
f 2099 2130 2131
f 2099 2131 2100
f 2100 2131 2132
f 2100 2132 2101
f 2101 2132 2133
f 2101 2133 2102
f 2102 2133 2134
f 2102 2134 2103
f 2103 2134 2135
f 2103 2135 2104
f 2104 2135 2136
f 2104 2136 2073
f 2073 2136 2105
f 2105 2137 2106
f 2106 2137 2138
f 2106 2138 2107
f 2107 2138 2139
f 2107 2139 2108
f 2108 2139 2140
f 2108 2140 2109
f 2109 2140 2141
f 2109 2141 2110
f 2110 2141 2142
f 2110 2142 2111
f 2111 2142 2143
f 2111 2143 2112
f 2112 2143 2144
f 2112 2144 2113
f 2113 2144 2145
f 2113 2145 2114
f 2114 2145 2146
f 2114 2146 2115
f 2115 2146 2147
f 2115 2147 2116
f 2116 2147 2148
f 2116 2148 2117
f 2117 2148 2149
f 2117 2149 2118
f 2118 2149 2150
f 2118 2150 2119
f 2119 2150 2151
f 2119 2151 2120
f 2120 2151 2152
f 2120 2152 2121
f 2121 2152 2153
f 2121 2153 2122
f 2122 2153 2154
f 2122 2154 2123
f 2123 2154 2155
f 2123 2155 2124
f 2124 2155 2156
f 2124 2156 2125
f 2125 2156 2157
f 2125 2157 2126
f 2126 2157 2158
f 2126 2158 2127
f 2127 2158 2159
f 2127 2159 2128
f 2128 2159 2160
f 2128 2160 2129
f 2129 2160 2161
f 2129 2161 2130
f 2130 2161 2162
f 2130 2162 2131
f 2131 2162 2163
f 2131 2163 2132
f 2132 2163 2164
f 2132 2164 2133
f 2133 2164 2165
f 2133 2165 2134
f 2134 2165 2166
f 2134 2166 2135
f 2135 2166 2167
f 2135 2167 2136
f 2136 2167 2168
f 2136 2168 2105
f 2105 2168 2137
f 2137 2169 2138
f 2138 2169 2170
f 2138 2170 2139
f 2139 2170 2171
f 2139 2171 2140
f 2140 2171 2172
f 2140 2172 2141
f 2141 2172 2173
f 2141 2173 2142
f 2142 2173 2174
f 2142 2174 2143
f 2143 2174 2175
f 2143 2175 2144
f 2144 2175 2176
f 2144 2176 2145
f 2145 2176 2177
f 2145 2177 2146
f 2146 2177 2178
f 2146 2178 2147
f 2147 2178 2179
f 2147 2179 2148
f 2148 2179 2180
f 2148 2180 2149
f 2149 2180 2181
f 2149 2181 2150
f 2150 2181 2182
f 2150 2182 2151
f 2151 2182 2183
f 2151 2183 2152
f 2152 2183 2184
f 2152 2184 2153
f 2153 2184 2185
f 2153 2185 2154
f 2154 2185 2186
f 2154 2186 2155
f 2155 2186 2187
f 2155 2187 2156
f 2156 2187 2188
f 2156 2188 2157
f 2157 2188 2189
f 2157 2189 2158
f 2158 2189 2190
f 2158 2190 2159
f 2159 2190 2191
f 2159 2191 2160
f 2160 2191 2192
f 2160 2192 2161
f 2161 2192 2193
f 2161 2193 2162
f 2162 2193 2194
f 2162 2194 2163
f 2163 2194 2195
f 2163 2195 2164
f 2164 2195 2196
f 2164 2196 2165
f 2165 2196 2197
f 2165 2197 2166
f 2166 2197 2198
f 2166 2198 2167
f 2167 2198 2199
f 2167 2199 2168
f 2168 2199 2200
f 2168 2200 2137
f 2137 2200 2169
f 2169 2201 2170
f 2170 2201 2202
f 2170 2202 2171
f 2171 2202 2203
f 2171 2203 2172
f 2172 2203 2204
f 2172 2204 2173
f 2173 2204 2205
f 2173 2205 2174
f 2174 2205 2206
f 2174 2206 2175
f 2175 2206 2207
f 2175 2207 2176
f 2176 2207 2208
f 2176 2208 2177
f 2177 2208 2209
f 2177 2209 2178
f 2178 2209 2210
f 2178 2210 2179
f 2179 2210 2211
f 2179 2211 2180
f 2180 2211 2212
f 2180 2212 2181
f 2181 2212 2213
f 2181 2213 2182
f 2182 2213 2214
f 2182 2214 2183
f 2183 2214 2215
f 2183 2215 2184
f 2184 2215 2216
f 2184 2216 2185
f 2185 2216 2217
f 2185 2217 2186
f 2186 2217 2218
f 2186 2218 2187
f 2187 2218 2219
f 2187 2219 2188
f 2188 2219 2220
f 2188 2220 2189
f 2189 2220 2221
f 2189 2221 2190
f 2190 2221 2222
f 2190 2222 2191
f 2191 2222 2223
f 2191 2223 2192
f 2192 2223 2224
f 2192 2224 2193
f 2193 2224 2225
f 2193 2225 2194
f 2194 2225 2226
f 2194 2226 2195
f 2195 2226 2227
f 2195 2227 2196
f 2196 2227 2228
f 2196 2228 2197
f 2197 2228 2229
f 2197 2229 2198
f 2198 2229 2230
f 2198 2230 2199
f 2199 2230 2231
f 2199 2231 2200
f 2200 2231 2232
f 2200 2232 2169
f 2169 2232 2201
f 2201 2233 2202
f 2202 2233 2234
f 2202 2234 2203
f 2203 2234 2235
f 2203 2235 2204
f 2204 2235 2236
f 2204 2236 2205
f 2205 2236 2237
f 2205 2237 2206
f 2206 2237 2238
f 2206 2238 2207
f 2207 2238 2239
f 2207 2239 2208
f 2208 2239 2240
f 2208 2240 2209
f 2209 2240 2241
f 2209 2241 2210
f 2210 2241 2242
f 2210 2242 2211
f 2211 2242 2243
f 2211 2243 2212
f 2212 2243 2244
f 2212 2244 2213
f 2213 2244 2245
f 2213 2245 2214
f 2214 2245 2246
f 2214 2246 2215
f 2215 2246 2247
f 2215 2247 2216
f 2216 2247 2248
f 2216 2248 2217
f 2217 2248 2249
f 2217 2249 2218
f 2218 2249 2250
f 2218 2250 2219
f 2219 2250 2251
f 2219 2251 2220
f 2220 2251 2252
f 2220 2252 2221
f 2221 2252 2253
f 2221 2253 2222
f 2222 2253 2254
f 2222 2254 2223
f 2223 2254 2255
f 2223 2255 2224
f 2224 2255 2256
f 2224 2256 2225
f 2225 2256 2257
f 2225 2257 2226
f 2226 2257 2258
f 2226 2258 2227
f 2227 2258 2259
f 2227 2259 2228
f 2228 2259 2260
f 2228 2260 2229
f 2229 2260 2261
f 2229 2261 2230
f 2230 2261 2262
f 2230 2262 2231
f 2231 2262 2263
f 2231 2263 2232
f 2232 2263 2264
f 2232 2264 2201
f 2201 2264 2233
f 2233 2265 2234
f 2234 2265 2266
f 2234 2266 2235
f 2235 2266 2267
f 2235 2267 2236
f 2236 2267 2268
f 2236 2268 2237
f 2237 2268 2269
f 2237 2269 2238
f 2238 2269 2270
f 2238 2270 2239
f 2239 2270 2271
f 2239 2271 2240
f 2240 2271 2272
f 2240 2272 2241
f 2241 2272 2273
f 2241 2273 2242
f 2242 2273 2274
f 2242 2274 2243
f 2243 2274 2275
f 2243 2275 2244
f 2244 2275 2276
f 2244 2276 2245
f 2245 2276 2277
f 2245 2277 2246
f 2246 2277 2278
f 2246 2278 2247
f 2247 2278 2279
f 2247 2279 2248
f 2248 2279 2280
f 2248 2280 2249
f 2249 2280 2281
f 2249 2281 2250
f 2250 2281 2282
f 2250 2282 2251
f 2251 2282 2283
f 2251 2283 2252
f 2252 2283 2284
f 2252 2284 2253
f 2253 2284 2285
f 2253 2285 2254
f 2254 2285 2286
f 2254 2286 2255
f 2255 2286 2287
f 2255 2287 2256
f 2256 2287 2288
f 2256 2288 2257
f 2257 2288 2289
f 2257 2289 2258
f 2258 2289 2290
f 2258 2290 2259
f 2259 2290 2291
f 2259 2291 2260
f 2260 2291 2292
f 2260 2292 2261
f 2261 2292 2293
f 2261 2293 2262
f 2262 2293 2294
f 2262 2294 2263
f 2263 2294 2295
f 2263 2295 2264
f 2264 2295 2296
f 2264 2296 2233
f 2233 2296 2265
f 2265 2297 2266
f 2266 2297 2298
f 2266 2298 2267
f 2267 2298 2299
f 2267 2299 2268
f 2268 2299 2300
f 2268 2300 2269
f 2269 2300 2301
f 2269 2301 2270
f 2270 2301 2302
f 2270 2302 2271
f 2271 2302 2303
f 2271 2303 2272
f 2272 2303 2304
f 2272 2304 2273
f 2273 2304 2305
f 2273 2305 2274
f 2274 2305 2306
f 2274 2306 2275
f 2275 2306 2307
f 2275 2307 2276
f 2276 2307 2308
f 2276 2308 2277
f 2277 2308 2309
f 2277 2309 2278
f 2278 2309 2310
f 2278 2310 2279
f 2279 2310 2311
f 2279 2311 2280
f 2280 2311 2312
f 2280 2312 2281
f 2281 2312 2313
f 2281 2313 2282
f 2282 2313 2314
f 2282 2314 2283
f 2283 2314 2315
f 2283 2315 2284
f 2284 2315 2316
f 2284 2316 2285
f 2285 2316 2317
f 2285 2317 2286
f 2286 2317 2318
f 2286 2318 2287
f 2287 2318 2319
f 2287 2319 2288
f 2288 2319 2320
f 2288 2320 2289
f 2289 2320 2321
f 2289 2321 2290
f 2290 2321 2322
f 2290 2322 2291
f 2291 2322 2323
f 2291 2323 2292
f 2292 2323 2324
f 2292 2324 2293
f 2293 2324 2325
f 2293 2325 2294
f 2294 2325 2326
f 2294 2326 2295
f 2295 2326 2327
f 2295 2327 2296
f 2296 2327 2328
f 2296 2328 2265
f 2265 2328 2297
f 2297 2329 2298
f 2298 2329 2330
f 2298 2330 2299
f 2299 2330 2331
f 2299 2331 2300
f 2300 2331 2332
f 2300 2332 2301
f 2301 2332 2333
f 2301 2333 2302
f 2302 2333 2334
f 2302 2334 2303
f 2303 2334 2335
f 2303 2335 2304
f 2304 2335 2336
f 2304 2336 2305
f 2305 2336 2337
f 2305 2337 2306
f 2306 2337 2338
f 2306 2338 2307
f 2307 2338 2339
f 2307 2339 2308
f 2308 2339 2340
f 2308 2340 2309
f 2309 2340 2341
f 2309 2341 2310
f 2310 2341 2342
f 2310 2342 2311
f 2311 2342 2343
f 2311 2343 2312
f 2312 2343 2344
f 2312 2344 2313
f 2313 2344 2345
f 2313 2345 2314
f 2314 2345 2346
f 2314 2346 2315
f 2315 2346 2347
f 2315 2347 2316
f 2316 2347 2348
f 2316 2348 2317
f 2317 2348 2349
f 2317 2349 2318
f 2318 2349 2350
f 2318 2350 2319
f 2319 2350 2351
f 2319 2351 2320
f 2320 2351 2352
f 2320 2352 2321
f 2321 2352 2353
f 2321 2353 2322
f 2322 2353 2354
f 2322 2354 2323
f 2323 2354 2355
f 2323 2355 2324
f 2324 2355 2356
f 2324 2356 2325
f 2325 2356 2357
f 2325 2357 2326
f 2326 2357 2358
f 2326 2358 2327
f 2327 2358 2359
f 2327 2359 2328
f 2328 2359 2360
f 2328 2360 2297
f 2297 2360 2329
f 2329 2361 2330
f 2330 2361 2362
f 2330 2362 2331
f 2331 2362 2363
f 2331 2363 2332
f 2332 2363 2364
f 2332 2364 2333
f 2333 2364 2365
f 2333 2365 2334
f 2334 2365 2366
f 2334 2366 2335
f 2335 2366 2367
f 2335 2367 2336
f 2336 2367 2368
f 2336 2368 2337
f 2337 2368 2369
f 2337 2369 2338
f 2338 2369 2370
f 2338 2370 2339
f 2339 2370 2371
f 2339 2371 2340
f 2340 2371 2372
f 2340 2372 2341
f 2341 2372 2373
f 2341 2373 2342
f 2342 2373 2374
f 2342 2374 2343
f 2343 2374 2375
f 2343 2375 2344
f 2344 2375 2376
f 2344 2376 2345
f 2345 2376 2377
f 2345 2377 2346
f 2346 2377 2378
f 2346 2378 2347
f 2347 2378 2379
f 2347 2379 2348
f 2348 2379 2380
f 2348 2380 2349
f 2349 2380 2381
f 2349 2381 2350
f 2350 2381 2382
f 2350 2382 2351
f 2351 2382 2383
f 2351 2383 2352
f 2352 2383 2384
f 2352 2384 2353
f 2353 2384 2385
f 2353 2385 2354
f 2354 2385 2386
f 2354 2386 2355
f 2355 2386 2387
f 2355 2387 2356
f 2356 2387 2388
f 2356 2388 2357
f 2357 2388 2389
f 2357 2389 2358
f 2358 2389 2390
f 2358 2390 2359
f 2359 2390 2391
f 2359 2391 2360
f 2360 2391 2392
f 2360 2392 2329
f 2329 2392 2361
f 2361 2393 2362
f 2362 2393 2394
f 2362 2394 2363
f 2363 2394 2395
f 2363 2395 2364
f 2364 2395 2396
f 2364 2396 2365
f 2365 2396 2397
f 2365 2397 2366
f 2366 2397 2398
f 2366 2398 2367
f 2367 2398 2399
f 2367 2399 2368
f 2368 2399 2400
f 2368 2400 2369
f 2369 2400 2401
f 2369 2401 2370
f 2370 2401 2402
f 2370 2402 2371
f 2371 2402 2403
f 2371 2403 2372
f 2372 2403 2404
f 2372 2404 2373
f 2373 2404 2405
f 2373 2405 2374
f 2374 2405 2406
f 2374 2406 2375
f 2375 2406 2407
f 2375 2407 2376
f 2376 2407 2408
f 2376 2408 2377
f 2377 2408 2409
f 2377 2409 2378
f 2378 2409 2410
f 2378 2410 2379
f 2379 2410 2411
f 2379 2411 2380
f 2380 2411 2412
f 2380 2412 2381
f 2381 2412 2413
f 2381 2413 2382
f 2382 2413 2414
f 2382 2414 2383
f 2383 2414 2415
f 2383 2415 2384
f 2384 2415 2416
f 2384 2416 2385
f 2385 2416 2417
f 2385 2417 2386
f 2386 2417 2418
f 2386 2418 2387
f 2387 2418 2419
f 2387 2419 2388
f 2388 2419 2420
f 2388 2420 2389
f 2389 2420 2421
f 2389 2421 2390
f 2390 2421 2422
f 2390 2422 2391
f 2391 2422 2423
f 2391 2423 2392
f 2392 2423 2424
f 2392 2424 2361
f 2361 2424 2393
f 2393 2425 2394
f 2394 2425 2426
f 2394 2426 2395
f 2395 2426 2427
f 2395 2427 2396
f 2396 2427 2428
f 2396 2428 2397
f 2397 2428 2429
f 2397 2429 2398
f 2398 2429 2430
f 2398 2430 2399
f 2399 2430 2431
f 2399 2431 2400
f 2400 2431 2432
f 2400 2432 2401
f 2401 2432 2433
f 2401 2433 2402
f 2402 2433 2434
f 2402 2434 2403
f 2403 2434 2435
f 2403 2435 2404
f 2404 2435 2436
f 2404 2436 2405
f 2405 2436 2437
f 2405 2437 2406
f 2406 2437 2438
f 2406 2438 2407
f 2407 2438 2439
f 2407 2439 2408
f 2408 2439 2440
f 2408 2440 2409
f 2409 2440 2441
f 2409 2441 2410
f 2410 2441 2442
f 2410 2442 2411
f 2411 2442 2443
f 2411 2443 2412
f 2412 2443 2444
f 2412 2444 2413
f 2413 2444 2445
f 2413 2445 2414
f 2414 2445 2446
f 2414 2446 2415
f 2415 2446 2447
f 2415 2447 2416
f 2416 2447 2448
f 2416 2448 2417
f 2417 2448 2449
f 2417 2449 2418
f 2418 2449 2450
f 2418 2450 2419
f 2419 2450 2451
f 2419 2451 2420
f 2420 2451 2452
f 2420 2452 2421
f 2421 2452 2453
f 2421 2453 2422
f 2422 2453 2454
f 2422 2454 2423
f 2423 2454 2455
f 2423 2455 2424
f 2424 2455 2456
f 2424 2456 2393
f 2393 2456 2425
f 2425 2457 2426
f 2426 2457 2458
f 2426 2458 2427
f 2427 2458 2459
f 2427 2459 2428
f 2428 2459 2460
f 2428 2460 2429
f 2429 2460 2461
f 2429 2461 2430
f 2430 2461 2462
f 2430 2462 2431
f 2431 2462 2463
f 2431 2463 2432
f 2432 2463 2464
f 2432 2464 2433
f 2433 2464 2465
f 2433 2465 2434
f 2434 2465 2466
f 2434 2466 2435
f 2435 2466 2467
f 2435 2467 2436
f 2436 2467 2468
f 2436 2468 2437
f 2437 2468 2469
f 2437 2469 2438
f 2438 2469 2470
f 2438 2470 2439
f 2439 2470 2471
f 2439 2471 2440
f 2440 2471 2472
f 2440 2472 2441
f 2441 2472 2473
f 2441 2473 2442
f 2442 2473 2474
f 2442 2474 2443
f 2443 2474 2475
f 2443 2475 2444
f 2444 2475 2476
f 2444 2476 2445
f 2445 2476 2477
f 2445 2477 2446
f 2446 2477 2478
f 2446 2478 2447
f 2447 2478 2479
f 2447 2479 2448
f 2448 2479 2480
f 2448 2480 2449
f 2449 2480 2481
f 2449 2481 2450
f 2450 2481 2482
f 2450 2482 2451
f 2451 2482 2483
f 2451 2483 2452
f 2452 2483 2484
f 2452 2484 2453
f 2453 2484 2485
f 2453 2485 2454
f 2454 2485 2486
f 2454 2486 2455
f 2455 2486 2487
f 2455 2487 2456
f 2456 2487 2488
f 2456 2488 2425
f 2425 2488 2457
f 2457 2489 2458
f 2458 2489 2490
f 2458 2490 2459
f 2459 2490 2491
f 2459 2491 2460
f 2460 2491 2492
f 2460 2492 2461
f 2461 2492 2493
f 2461 2493 2462
f 2462 2493 2494
f 2462 2494 2463
f 2463 2494 2495
f 2463 2495 2464
f 2464 2495 2496
f 2464 2496 2465
f 2465 2496 2497
f 2465 2497 2466
f 2466 2497 2498
f 2466 2498 2467
f 2467 2498 2499
f 2467 2499 2468
f 2468 2499 2500
f 2468 2500 2469
f 2469 2500 2501
f 2469 2501 2470
f 2470 2501 2502
f 2470 2502 2471
f 2471 2502 2503
f 2471 2503 2472
f 2472 2503 2504
f 2472 2504 2473
f 2473 2504 2505
f 2473 2505 2474
f 2474 2505 2506
f 2474 2506 2475
f 2475 2506 2507
f 2475 2507 2476
f 2476 2507 2508
f 2476 2508 2477
f 2477 2508 2509
f 2477 2509 2478
f 2478 2509 2510
f 2478 2510 2479
f 2479 2510 2511
f 2479 2511 2480
f 2480 2511 2512
f 2480 2512 2481
f 2481 2512 2513
f 2481 2513 2482
f 2482 2513 2514
f 2482 2514 2483
f 2483 2514 2515
f 2483 2515 2484
f 2484 2515 2516
f 2484 2516 2485
f 2485 2516 2517
f 2485 2517 2486
f 2486 2517 2518
f 2486 2518 2487
f 2487 2518 2519
f 2487 2519 2488
f 2488 2519 2520
f 2488 2520 2457
f 2457 2520 2489
f 2489 2521 2490
f 2490 2521 2522
f 2490 2522 2491
f 2491 2522 2523
f 2491 2523 2492
f 2492 2523 2524
f 2492 2524 2493
f 2493 2524 2525
f 2493 2525 2494
f 2494 2525 2526
f 2494 2526 2495
f 2495 2526 2527
f 2495 2527 2496
f 2496 2527 2528
f 2496 2528 2497
f 2497 2528 2529
f 2497 2529 2498
f 2498 2529 2530
f 2498 2530 2499
f 2499 2530 2531
f 2499 2531 2500
f 2500 2531 2532
f 2500 2532 2501
f 2501 2532 2533
f 2501 2533 2502
f 2502 2533 2534
f 2502 2534 2503
f 2503 2534 2535
f 2503 2535 2504
f 2504 2535 2536
f 2504 2536 2505
f 2505 2536 2537
f 2505 2537 2506
f 2506 2537 2538
f 2506 2538 2507
f 2507 2538 2539
f 2507 2539 2508
f 2508 2539 2540
f 2508 2540 2509
f 2509 2540 2541
f 2509 2541 2510
f 2510 2541 2542
f 2510 2542 2511
f 2511 2542 2543
f 2511 2543 2512
f 2512 2543 2544
f 2512 2544 2513
f 2513 2544 2545
f 2513 2545 2514
f 2514 2545 2546
f 2514 2546 2515
f 2515 2546 2547
f 2515 2547 2516
f 2516 2547 2548
f 2516 2548 2517
f 2517 2548 2549
f 2517 2549 2518
f 2518 2549 2550
f 2518 2550 2519
f 2519 2550 2551
f 2519 2551 2520
f 2520 2551 2552
f 2520 2552 2489
f 2489 2552 2521
f 2521 2553 2522
f 2522 2553 2554
f 2522 2554 2523
f 2523 2554 2555
f 2523 2555 2524
f 2524 2555 2556
f 2524 2556 2525
f 2525 2556 2557
f 2525 2557 2526
f 2526 2557 2558
f 2526 2558 2527
f 2527 2558 2559
f 2527 2559 2528
f 2528 2559 2560
f 2528 2560 2529
f 2529 2560 2561
f 2529 2561 2530
f 2530 2561 2562
f 2530 2562 2531
f 2531 2562 2563
f 2531 2563 2532
f 2532 2563 2564
f 2532 2564 2533
f 2533 2564 2565
f 2533 2565 2534
f 2534 2565 2566
f 2534 2566 2535
f 2535 2566 2567
f 2535 2567 2536
f 2536 2567 2568
f 2536 2568 2537
f 2537 2568 2569
f 2537 2569 2538
f 2538 2569 2570
f 2538 2570 2539
f 2539 2570 2571
f 2539 2571 2540
f 2540 2571 2572
f 2540 2572 2541
f 2541 2572 2573
f 2541 2573 2542
f 2542 2573 2574
f 2542 2574 2543
f 2543 2574 2575
f 2543 2575 2544
f 2544 2575 2576
f 2544 2576 2545
f 2545 2576 2577
f 2545 2577 2546
f 2546 2577 2578
f 2546 2578 2547
f 2547 2578 2579
f 2547 2579 2548
f 2548 2579 2580
f 2548 2580 2549
f 2549 2580 2581
f 2549 2581 2550
f 2550 2581 2582
f 2550 2582 2551
f 2551 2582 2583
f 2551 2583 2552
f 2552 2583 2584
f 2552 2584 2521
f 2521 2584 2553
f 2553 1561 2554
f 2554 1561 1562
f 2554 1562 2555
f 2555 1562 1563
f 2555 1563 2556
f 2556 1563 1564
f 2556 1564 2557
f 2557 1564 1565
f 2557 1565 2558
f 2558 1565 1566
f 2558 1566 2559
f 2559 1566 1567
f 2559 1567 2560
f 2560 1567 1568
f 2560 1568 2561
f 2561 1568 1569
f 2561 1569 2562
f 2562 1569 1570
f 2562 1570 2563
f 2563 1570 1571
f 2563 1571 2564
f 2564 1571 1572
f 2564 1572 2565
f 2565 1572 1573
f 2565 1573 2566
f 2566 1573 1574
f 2566 1574 2567
f 2567 1574 1575
f 2567 1575 2568
f 2568 1575 1576
f 2568 1576 2569
f 2569 1576 1577
f 2569 1577 2570
f 2570 1577 1578
f 2570 1578 2571
f 2571 1578 1579
f 2571 1579 2572
f 2572 1579 1580
f 2572 1580 2573
f 2573 1580 1581
f 2573 1581 2574
f 2574 1581 1582
f 2574 1582 2575
f 2575 1582 1583
f 2575 1583 2576
f 2576 1583 1584
f 2576 1584 2577
f 2577 1584 1585
f 2577 1585 2578
f 2578 1585 1586
f 2578 1586 2579
f 2579 1586 1587
f 2579 1587 2580
f 2580 1587 1588
f 2580 1588 2581
f 2581 1588 1589
f 2581 1589 2582
f 2582 1589 1590
f 2582 1590 2583
f 2583 1590 1591
f 2583 1591 2584
f 2584 1591 1592
f 2584 1592 2553
f 2553 1592 1561
f 2585 2617 2586
f 2586 2617 2618
f 2586 2618 2587
f 2587 2618 2619
f 2587 2619 2588
f 2588 2619 2620
f 2588 2620 2589
f 2589 2620 2621
f 2589 2621 2590
f 2590 2621 2622
f 2590 2622 2591
f 2591 2622 2623
f 2591 2623 2592
f 2592 2623 2624
f 2592 2624 2593
f 2593 2624 2625
f 2593 2625 2594
f 2594 2625 2626
f 2594 2626 2595
f 2595 2626 2627
f 2595 2627 2596
f 2596 2627 2628
f 2596 2628 2597
f 2597 2628 2629
f 2597 2629 2598
f 2598 2629 2630
f 2598 2630 2599
f 2599 2630 2631
f 2599 2631 2600
f 2600 2631 2632
f 2600 2632 2601
f 2601 2632 2633
f 2601 2633 2602
f 2602 2633 2634
f 2602 2634 2603
f 2603 2634 2635
f 2603 2635 2604
f 2604 2635 2636
f 2604 2636 2605
f 2605 2636 2637
f 2605 2637 2606
f 2606 2637 2638
f 2606 2638 2607
f 2607 2638 2639
f 2607 2639 2608
f 2608 2639 2640
f 2608 2640 2609
f 2609 2640 2641
f 2609 2641 2610
f 2610 2641 2642
f 2610 2642 2611
f 2611 2642 2643
f 2611 2643 2612
f 2612 2643 2644
f 2612 2644 2613
f 2613 2644 2645
f 2613 2645 2614
f 2614 2645 2646
f 2614 2646 2615
f 2615 2646 2647
f 2615 2647 2616
f 2616 2647 2648
f 2616 2648 2585
f 2585 2648 2617
f 2617 2649 2618
f 2618 2649 2650
f 2618 2650 2619
f 2619 2650 2651
f 2619 2651 2620
f 2620 2651 2652
f 2620 2652 2621
f 2621 2652 2653
f 2621 2653 2622
f 2622 2653 2654
f 2622 2654 2623
f 2623 2654 2655
f 2623 2655 2624
f 2624 2655 2656
f 2624 2656 2625
f 2625 2656 2657
f 2625 2657 2626
f 2626 2657 2658
f 2626 2658 2627
f 2627 2658 2659
f 2627 2659 2628
f 2628 2659 2660
f 2628 2660 2629
f 2629 2660 2661
f 2629 2661 2630
f 2630 2661 2662
f 2630 2662 2631
f 2631 2662 2663
f 2631 2663 2632
f 2632 2663 2664
f 2632 2664 2633
f 2633 2664 2665
f 2633 2665 2634
f 2634 2665 2666
f 2634 2666 2635
f 2635 2666 2667
f 2635 2667 2636
f 2636 2667 2668
f 2636 2668 2637
f 2637 2668 2669
f 2637 2669 2638
f 2638 2669 2670
f 2638 2670 2639
f 2639 2670 2671
f 2639 2671 2640
f 2640 2671 2672
f 2640 2672 2641
f 2641 2672 2673
f 2641 2673 2642
f 2642 2673 2674
f 2642 2674 2643
f 2643 2674 2675
f 2643 2675 2644
f 2644 2675 2676
f 2644 2676 2645
f 2645 2676 2677
f 2645 2677 2646
f 2646 2677 2678
f 2646 2678 2647
f 2647 2678 2679
f 2647 2679 2648
f 2648 2679 2680
f 2648 2680 2617
f 2617 2680 2649
f 2649 2681 2650
f 2650 2681 2682
f 2650 2682 2651
f 2651 2682 2683
f 2651 2683 2652
f 2652 2683 2684
f 2652 2684 2653
f 2653 2684 2685
f 2653 2685 2654
f 2654 2685 2686
f 2654 2686 2655
f 2655 2686 2687
f 2655 2687 2656
f 2656 2687 2688
f 2656 2688 2657
f 2657 2688 2689
f 2657 2689 2658
f 2658 2689 2690
f 2658 2690 2659
f 2659 2690 2691
f 2659 2691 2660
f 2660 2691 2692
f 2660 2692 2661
f 2661 2692 2693
f 2661 2693 2662
f 2662 2693 2694
f 2662 2694 2663
f 2663 2694 2695
f 2663 2695 2664
f 2664 2695 2696
f 2664 2696 2665
f 2665 2696 2697
f 2665 2697 2666
f 2666 2697 2698
f 2666 2698 2667
f 2667 2698 2699
f 2667 2699 2668
f 2668 2699 2700
f 2668 2700 2669
f 2669 2700 2701
f 2669 2701 2670
f 2670 2701 2702
f 2670 2702 2671
f 2671 2702 2703
f 2671 2703 2672
f 2672 2703 2704
f 2672 2704 2673
f 2673 2704 2705
f 2673 2705 2674
f 2674 2705 2706
f 2674 2706 2675
f 2675 2706 2707
f 2675 2707 2676
f 2676 2707 2708
f 2676 2708 2677
f 2677 2708 2709
f 2677 2709 2678
f 2678 2709 2710
f 2678 2710 2679
f 2679 2710 2711
f 2679 2711 2680
f 2680 2711 2712
f 2680 2712 2649
f 2649 2712 2681
f 2681 2713 2682
f 2682 2713 2714
f 2682 2714 2683
f 2683 2714 2715
f 2683 2715 2684
f 2684 2715 2716
f 2684 2716 2685
f 2685 2716 2717
f 2685 2717 2686
f 2686 2717 2718
f 2686 2718 2687
f 2687 2718 2719
f 2687 2719 2688
f 2688 2719 2720
f 2688 2720 2689
f 2689 2720 2721
f 2689 2721 2690
f 2690 2721 2722
f 2690 2722 2691
f 2691 2722 2723
f 2691 2723 2692
f 2692 2723 2724
f 2692 2724 2693
f 2693 2724 2725
f 2693 2725 2694
f 2694 2725 2726
f 2694 2726 2695
f 2695 2726 2727
f 2695 2727 2696
f 2696 2727 2728
f 2696 2728 2697
f 2697 2728 2729
f 2697 2729 2698
f 2698 2729 2730
f 2698 2730 2699
f 2699 2730 2731
f 2699 2731 2700
f 2700 2731 2732
f 2700 2732 2701
f 2701 2732 2733
f 2701 2733 2702
f 2702 2733 2734
f 2702 2734 2703
f 2703 2734 2735
f 2703 2735 2704
f 2704 2735 2736
f 2704 2736 2705
f 2705 2736 2737
f 2705 2737 2706
f 2706 2737 2738
f 2706 2738 2707
f 2707 2738 2739
f 2707 2739 2708
f 2708 2739 2740
f 2708 2740 2709
f 2709 2740 2741
f 2709 2741 2710
f 2710 2741 2742
f 2710 2742 2711
f 2711 2742 2743
f 2711 2743 2712
f 2712 2743 2744
f 2712 2744 2681
f 2681 2744 2713
f 2713 2745 2714
f 2714 2745 2746
f 2714 2746 2715
f 2715 2746 2747
f 2715 2747 2716
f 2716 2747 2748
f 2716 2748 2717
f 2717 2748 2749
f 2717 2749 2718
f 2718 2749 2750
f 2718 2750 2719
f 2719 2750 2751
f 2719 2751 2720
f 2720 2751 2752
f 2720 2752 2721
f 2721 2752 2753
f 2721 2753 2722
f 2722 2753 2754
f 2722 2754 2723
f 2723 2754 2755
f 2723 2755 2724
f 2724 2755 2756
f 2724 2756 2725
f 2725 2756 2757
f 2725 2757 2726
f 2726 2757 2758
f 2726 2758 2727
f 2727 2758 2759
f 2727 2759 2728
f 2728 2759 2760
f 2728 2760 2729
f 2729 2760 2761
f 2729 2761 2730
f 2730 2761 2762
f 2730 2762 2731
f 2731 2762 2763
f 2731 2763 2732
f 2732 2763 2764
f 2732 2764 2733
f 2733 2764 2765
f 2733 2765 2734
f 2734 2765 2766
f 2734 2766 2735
f 2735 2766 2767
f 2735 2767 2736
f 2736 2767 2768
f 2736 2768 2737
f 2737 2768 2769
f 2737 2769 2738
f 2738 2769 2770
f 2738 2770 2739
f 2739 2770 2771
f 2739 2771 2740
f 2740 2771 2772
f 2740 2772 2741
f 2741 2772 2773
f 2741 2773 2742
f 2742 2773 2774
f 2742 2774 2743
f 2743 2774 2775
f 2743 2775 2744
f 2744 2775 2776
f 2744 2776 2713
f 2713 2776 2745
f 2745 2777 2746
f 2746 2777 2778
f 2746 2778 2747
f 2747 2778 2779
f 2747 2779 2748
f 2748 2779 2780
f 2748 2780 2749
f 2749 2780 2781
f 2749 2781 2750
f 2750 2781 2782
f 2750 2782 2751
f 2751 2782 2783
f 2751 2783 2752
f 2752 2783 2784
f 2752 2784 2753
f 2753 2784 2785
f 2753 2785 2754
f 2754 2785 2786
f 2754 2786 2755
f 2755 2786 2787
f 2755 2787 2756
f 2756 2787 2788
f 2756 2788 2757
f 2757 2788 2789
f 2757 2789 2758
f 2758 2789 2790
f 2758 2790 2759
f 2759 2790 2791
f 2759 2791 2760
f 2760 2791 2792
f 2760 2792 2761
f 2761 2792 2793
f 2761 2793 2762
f 2762 2793 2794
f 2762 2794 2763
f 2763 2794 2795
f 2763 2795 2764
f 2764 2795 2796
f 2764 2796 2765
f 2765 2796 2797
f 2765 2797 2766
f 2766 2797 2798
f 2766 2798 2767
f 2767 2798 2799
f 2767 2799 2768
f 2768 2799 2800
f 2768 2800 2769
f 2769 2800 2801
f 2769 2801 2770
f 2770 2801 2802
f 2770 2802 2771
f 2771 2802 2803
f 2771 2803 2772
f 2772 2803 2804
f 2772 2804 2773
f 2773 2804 2805
f 2773 2805 2774
f 2774 2805 2806
f 2774 2806 2775
f 2775 2806 2807
f 2775 2807 2776
f 2776 2807 2808
f 2776 2808 2745
f 2745 2808 2777
f 2777 2809 2778
f 2778 2809 2810
f 2778 2810 2779
f 2779 2810 2811
f 2779 2811 2780
f 2780 2811 2812
f 2780 2812 2781
f 2781 2812 2813
f 2781 2813 2782
f 2782 2813 2814
f 2782 2814 2783
f 2783 2814 2815
f 2783 2815 2784
f 2784 2815 2816
f 2784 2816 2785
f 2785 2816 2817
f 2785 2817 2786
f 2786 2817 2818
f 2786 2818 2787
f 2787 2818 2819
f 2787 2819 2788
f 2788 2819 2820
f 2788 2820 2789
f 2789 2820 2821
f 2789 2821 2790
f 2790 2821 2822
f 2790 2822 2791
f 2791 2822 2823
f 2791 2823 2792
f 2792 2823 2824
f 2792 2824 2793
f 2793 2824 2825
f 2793 2825 2794
f 2794 2825 2826
f 2794 2826 2795
f 2795 2826 2827
f 2795 2827 2796
f 2796 2827 2828
f 2796 2828 2797
f 2797 2828 2829
f 2797 2829 2798
f 2798 2829 2830
f 2798 2830 2799
f 2799 2830 2831
f 2799 2831 2800
f 2800 2831 2832
f 2800 2832 2801
f 2801 2832 2833
f 2801 2833 2802
f 2802 2833 2834
f 2802 2834 2803
f 2803 2834 2835
f 2803 2835 2804
f 2804 2835 2836
f 2804 2836 2805
f 2805 2836 2837
f 2805 2837 2806
f 2806 2837 2838
f 2806 2838 2807
f 2807 2838 2839
f 2807 2839 2808
f 2808 2839 2840
f 2808 2840 2777
f 2777 2840 2809
f 2809 2841 2810
f 2810 2841 2842
f 2810 2842 2811
f 2811 2842 2843
f 2811 2843 2812
f 2812 2843 2844
f 2812 2844 2813
f 2813 2844 2845
f 2813 2845 2814
f 2814 2845 2846
f 2814 2846 2815
f 2815 2846 2847
f 2815 2847 2816
f 2816 2847 2848
f 2816 2848 2817
f 2817 2848 2849
f 2817 2849 2818
f 2818 2849 2850
f 2818 2850 2819
f 2819 2850 2851
f 2819 2851 2820
f 2820 2851 2852
f 2820 2852 2821
f 2821 2852 2853
f 2821 2853 2822
f 2822 2853 2854
f 2822 2854 2823
f 2823 2854 2855
f 2823 2855 2824
f 2824 2855 2856
f 2824 2856 2825
f 2825 2856 2857
f 2825 2857 2826
f 2826 2857 2858
f 2826 2858 2827
f 2827 2858 2859
f 2827 2859 2828
f 2828 2859 2860
f 2828 2860 2829
f 2829 2860 2861
f 2829 2861 2830
f 2830 2861 2862
f 2830 2862 2831
f 2831 2862 2863
f 2831 2863 2832
f 2832 2863 2864
f 2832 2864 2833
f 2833 2864 2865
f 2833 2865 2834
f 2834 2865 2866
f 2834 2866 2835
f 2835 2866 2867
f 2835 2867 2836
f 2836 2867 2868
f 2836 2868 2837
f 2837 2868 2869
f 2837 2869 2838
f 2838 2869 2870
f 2838 2870 2839
f 2839 2870 2871
f 2839 2871 2840
f 2840 2871 2872
f 2840 2872 2809
f 2809 2872 2841
f 2841 2873 2842
f 2842 2873 2874
f 2842 2874 2843
f 2843 2874 2875
f 2843 2875 2844
f 2844 2875 2876
f 2844 2876 2845
f 2845 2876 2877
f 2845 2877 2846
f 2846 2877 2878
f 2846 2878 2847
f 2847 2878 2879
f 2847 2879 2848
f 2848 2879 2880
f 2848 2880 2849
f 2849 2880 2881
f 2849 2881 2850
f 2850 2881 2882
f 2850 2882 2851
f 2851 2882 2883
f 2851 2883 2852
f 2852 2883 2884
f 2852 2884 2853
f 2853 2884 2885
f 2853 2885 2854
f 2854 2885 2886
f 2854 2886 2855
f 2855 2886 2887
f 2855 2887 2856
f 2856 2887 2888
f 2856 2888 2857
f 2857 2888 2889
f 2857 2889 2858
f 2858 2889 2890
f 2858 2890 2859
f 2859 2890 2891
f 2859 2891 2860
f 2860 2891 2892
f 2860 2892 2861
f 2861 2892 2893
f 2861 2893 2862
f 2862 2893 2894
f 2862 2894 2863
f 2863 2894 2895
f 2863 2895 2864
f 2864 2895 2896
f 2864 2896 2865
f 2865 2896 2897
f 2865 2897 2866
f 2866 2897 2898
f 2866 2898 2867
f 2867 2898 2899
f 2867 2899 2868
f 2868 2899 2900
f 2868 2900 2869
f 2869 2900 2901
f 2869 2901 2870
f 2870 2901 2902
f 2870 2902 2871
f 2871 2902 2903
f 2871 2903 2872
f 2872 2903 2904
f 2872 2904 2841
f 2841 2904 2873
f 2873 2905 2874
f 2874 2905 2906
f 2874 2906 2875
f 2875 2906 2907
f 2875 2907 2876
f 2876 2907 2908
f 2876 2908 2877
f 2877 2908 2909
f 2877 2909 2878
f 2878 2909 2910
f 2878 2910 2879
f 2879 2910 2911
f 2879 2911 2880
f 2880 2911 2912
f 2880 2912 2881
f 2881 2912 2913
f 2881 2913 2882
f 2882 2913 2914
f 2882 2914 2883
f 2883 2914 2915
f 2883 2915 2884
f 2884 2915 2916
f 2884 2916 2885
f 2885 2916 2917
f 2885 2917 2886
f 2886 2917 2918
f 2886 2918 2887
f 2887 2918 2919
f 2887 2919 2888
f 2888 2919 2920
f 2888 2920 2889
f 2889 2920 2921
f 2889 2921 2890
f 2890 2921 2922
f 2890 2922 2891
f 2891 2922 2923
f 2891 2923 2892
f 2892 2923 2924
f 2892 2924 2893
f 2893 2924 2925
f 2893 2925 2894
f 2894 2925 2926
f 2894 2926 2895
f 2895 2926 2927
f 2895 2927 2896
f 2896 2927 2928
f 2896 2928 2897
f 2897 2928 2929
f 2897 2929 2898
f 2898 2929 2930
f 2898 2930 2899
f 2899 2930 2931
f 2899 2931 2900
f 2900 2931 2932
f 2900 2932 2901
f 2901 2932 2933
f 2901 2933 2902
f 2902 2933 2934
f 2902 2934 2903
f 2903 2934 2935
f 2903 2935 2904
f 2904 2935 2936
f 2904 2936 2873
f 2873 2936 2905
f 2905 2937 2906
f 2906 2937 2938
f 2906 2938 2907
f 2907 2938 2939
f 2907 2939 2908
f 2908 2939 2940
f 2908 2940 2909
f 2909 2940 2941
f 2909 2941 2910
f 2910 2941 2942
f 2910 2942 2911
f 2911 2942 2943
f 2911 2943 2912
f 2912 2943 2944
f 2912 2944 2913
f 2913 2944 2945
f 2913 2945 2914
f 2914 2945 2946
f 2914 2946 2915
f 2915 2946 2947
f 2915 2947 2916
f 2916 2947 2948
f 2916 2948 2917
f 2917 2948 2949
f 2917 2949 2918
f 2918 2949 2950
f 2918 2950 2919
f 2919 2950 2951
f 2919 2951 2920
f 2920 2951 2952
f 2920 2952 2921
f 2921 2952 2953
f 2921 2953 2922
f 2922 2953 2954
f 2922 2954 2923
f 2923 2954 2955
f 2923 2955 2924
f 2924 2955 2956
f 2924 2956 2925
f 2925 2956 2957
f 2925 2957 2926
f 2926 2957 2958
f 2926 2958 2927
f 2927 2958 2959
f 2927 2959 2928
f 2928 2959 2960
f 2928 2960 2929
f 2929 2960 2961
f 2929 2961 2930
f 2930 2961 2962
f 2930 2962 2931
f 2931 2962 2963
f 2931 2963 2932
f 2932 2963 2964
f 2932 2964 2933
f 2933 2964 2965
f 2933 2965 2934
f 2934 2965 2966
f 2934 2966 2935
f 2935 2966 2967
f 2935 2967 2936
f 2936 2967 2968
f 2936 2968 2905
f 2905 2968 2937
f 2937 2969 2938
f 2938 2969 2970
f 2938 2970 2939
f 2939 2970 2971
f 2939 2971 2940
f 2940 2971 2972
f 2940 2972 2941
f 2941 2972 2973
f 2941 2973 2942
f 2942 2973 2974
f 2942 2974 2943
f 2943 2974 2975
f 2943 2975 2944
f 2944 2975 2976
f 2944 2976 2945
f 2945 2976 2977
f 2945 2977 2946
f 2946 2977 2978
f 2946 2978 2947
f 2947 2978 2979
f 2947 2979 2948
f 2948 2979 2980
f 2948 2980 2949
f 2949 2980 2981
f 2949 2981 2950
f 2950 2981 2982
f 2950 2982 2951
f 2951 2982 2983
f 2951 2983 2952
f 2952 2983 2984
f 2952 2984 2953
f 2953 2984 2985
f 2953 2985 2954
f 2954 2985 2986
f 2954 2986 2955
f 2955 2986 2987
f 2955 2987 2956
f 2956 2987 2988
f 2956 2988 2957
f 2957 2988 2989
f 2957 2989 2958
f 2958 2989 2990
f 2958 2990 2959
f 2959 2990 2991
f 2959 2991 2960
f 2960 2991 2992
f 2960 2992 2961
f 2961 2992 2993
f 2961 2993 2962
f 2962 2993 2994
f 2962 2994 2963
f 2963 2994 2995
f 2963 2995 2964
f 2964 2995 2996
f 2964 2996 2965
f 2965 2996 2997
f 2965 2997 2966
f 2966 2997 2998
f 2966 2998 2967
f 2967 2998 2999
f 2967 2999 2968
f 2968 2999 3000
f 2968 3000 2937
f 2937 3000 2969
f 2969 3001 2970
f 2970 3001 3002
f 2970 3002 2971
f 2971 3002 3003
f 2971 3003 2972
f 2972 3003 3004
f 2972 3004 2973
f 2973 3004 3005
f 2973 3005 2974
f 2974 3005 3006
f 2974 3006 2975
f 2975 3006 3007
f 2975 3007 2976
f 2976 3007 3008
f 2976 3008 2977
f 2977 3008 3009
f 2977 3009 2978
f 2978 3009 3010
f 2978 3010 2979
f 2979 3010 3011
f 2979 3011 2980
f 2980 3011 3012
f 2980 3012 2981
f 2981 3012 3013
f 2981 3013 2982
f 2982 3013 3014
f 2982 3014 2983
f 2983 3014 3015
f 2983 3015 2984
f 2984 3015 3016
f 2984 3016 2985
f 2985 3016 3017
f 2985 3017 2986
f 2986 3017 3018
f 2986 3018 2987
f 2987 3018 3019
f 2987 3019 2988
f 2988 3019 3020
f 2988 3020 2989
f 2989 3020 3021
f 2989 3021 2990
f 2990 3021 3022
f 2990 3022 2991
f 2991 3022 3023
f 2991 3023 2992
f 2992 3023 3024
f 2992 3024 2993
f 2993 3024 3025
f 2993 3025 2994
f 2994 3025 3026
f 2994 3026 2995
f 2995 3026 3027
f 2995 3027 2996
f 2996 3027 3028
f 2996 3028 2997
f 2997 3028 3029
f 2997 3029 2998
f 2998 3029 3030
f 2998 3030 2999
f 2999 3030 3031
f 2999 3031 3000
f 3000 3031 3032
f 3000 3032 2969
f 2969 3032 3001
f 3001 3033 3002
f 3002 3033 3034
f 3002 3034 3003
f 3003 3034 3035
f 3003 3035 3004
f 3004 3035 3036
f 3004 3036 3005
f 3005 3036 3037
f 3005 3037 3006
f 3006 3037 3038
f 3006 3038 3007
f 3007 3038 3039
f 3007 3039 3008
f 3008 3039 3040
f 3008 3040 3009
f 3009 3040 3041
f 3009 3041 3010
f 3010 3041 3042
f 3010 3042 3011
f 3011 3042 3043
f 3011 3043 3012
f 3012 3043 3044
f 3012 3044 3013
f 3013 3044 3045
f 3013 3045 3014
f 3014 3045 3046
f 3014 3046 3015
f 3015 3046 3047
f 3015 3047 3016
f 3016 3047 3048
f 3016 3048 3017
f 3017 3048 3049
f 3017 3049 3018
f 3018 3049 3050
f 3018 3050 3019
f 3019 3050 3051
f 3019 3051 3020
f 3020 3051 3052
f 3020 3052 3021
f 3021 3052 3053
f 3021 3053 3022
f 3022 3053 3054
f 3022 3054 3023
f 3023 3054 3055
f 3023 3055 3024
f 3024 3055 3056
f 3024 3056 3025
f 3025 3056 3057
f 3025 3057 3026
f 3026 3057 3058
f 3026 3058 3027
f 3027 3058 3059
f 3027 3059 3028
f 3028 3059 3060
f 3028 3060 3029
f 3029 3060 3061
f 3029 3061 3030
f 3030 3061 3062
f 3030 3062 3031
f 3031 3062 3063
f 3031 3063 3032
f 3032 3063 3064
f 3032 3064 3001
f 3001 3064 3033
f 3033 3065 3034
f 3034 3065 3066
f 3034 3066 3035
f 3035 3066 3067
f 3035 3067 3036
f 3036 3067 3068
f 3036 3068 3037
f 3037 3068 3069
f 3037 3069 3038
f 3038 3069 3070
f 3038 3070 3039
f 3039 3070 3071
f 3039 3071 3040
f 3040 3071 3072
f 3040 3072 3041
f 3041 3072 3073
f 3041 3073 3042
f 3042 3073 3074
f 3042 3074 3043
f 3043 3074 3075
f 3043 3075 3044
f 3044 3075 3076
f 3044 3076 3045
f 3045 3076 3077
f 3045 3077 3046
f 3046 3077 3078
f 3046 3078 3047
f 3047 3078 3079
f 3047 3079 3048
f 3048 3079 3080
f 3048 3080 3049
f 3049 3080 3081
f 3049 3081 3050
f 3050 3081 3082
f 3050 3082 3051
f 3051 3082 3083
f 3051 3083 3052
f 3052 3083 3084
f 3052 3084 3053
f 3053 3084 3085
f 3053 3085 3054
f 3054 3085 3086
f 3054 3086 3055
f 3055 3086 3087
f 3055 3087 3056
f 3056 3087 3088
f 3056 3088 3057
f 3057 3088 3089
f 3057 3089 3058
f 3058 3089 3090
f 3058 3090 3059
f 3059 3090 3091
f 3059 3091 3060
f 3060 3091 3092
f 3060 3092 3061
f 3061 3092 3093
f 3061 3093 3062
f 3062 3093 3094
f 3062 3094 3063
f 3063 3094 3095
f 3063 3095 3064
f 3064 3095 3096
f 3064 3096 3033
f 3033 3096 3065
f 3065 3097 3066
f 3066 3097 3098
f 3066 3098 3067
f 3067 3098 3099
f 3067 3099 3068
f 3068 3099 3100
f 3068 3100 3069
f 3069 3100 3101
f 3069 3101 3070
f 3070 3101 3102
f 3070 3102 3071
f 3071 3102 3103
f 3071 3103 3072
f 3072 3103 3104
f 3072 3104 3073
f 3073 3104 3105
f 3073 3105 3074
f 3074 3105 3106
f 3074 3106 3075
f 3075 3106 3107
f 3075 3107 3076
f 3076 3107 3108
f 3076 3108 3077
f 3077 3108 3109
f 3077 3109 3078
f 3078 3109 3110
f 3078 3110 3079
f 3079 3110 3111
f 3079 3111 3080
f 3080 3111 3112
f 3080 3112 3081
f 3081 3112 3113
f 3081 3113 3082
f 3082 3113 3114
f 3082 3114 3083
f 3083 3114 3115
f 3083 3115 3084
f 3084 3115 3116
f 3084 3116 3085
f 3085 3116 3117
f 3085 3117 3086
f 3086 3117 3118
f 3086 3118 3087
f 3087 3118 3119
f 3087 3119 3088
f 3088 3119 3120
f 3088 3120 3089
f 3089 3120 3121
f 3089 3121 3090
f 3090 3121 3122
f 3090 3122 3091
f 3091 3122 3123
f 3091 3123 3092
f 3092 3123 3124
f 3092 3124 3093
f 3093 3124 3125
f 3093 3125 3094
f 3094 3125 3126
f 3094 3126 3095
f 3095 3126 3127
f 3095 3127 3096
f 3096 3127 3128
f 3096 3128 3065
f 3065 3128 3097
f 3097 3129 3098
f 3098 3129 3130
f 3098 3130 3099
f 3099 3130 3131
f 3099 3131 3100
f 3100 3131 3132
f 3100 3132 3101
f 3101 3132 3133
f 3101 3133 3102
f 3102 3133 3134
f 3102 3134 3103
f 3103 3134 3135
f 3103 3135 3104
f 3104 3135 3136
f 3104 3136 3105
f 3105 3136 3137
f 3105 3137 3106
f 3106 3137 3138
f 3106 3138 3107
f 3107 3138 3139
f 3107 3139 3108
f 3108 3139 3140
f 3108 3140 3109
f 3109 3140 3141
f 3109 3141 3110
f 3110 3141 3142
f 3110 3142 3111
f 3111 3142 3143
f 3111 3143 3112
f 3112 3143 3144
f 3112 3144 3113
f 3113 3144 3145
f 3113 3145 3114
f 3114 3145 3146
f 3114 3146 3115
f 3115 3146 3147
f 3115 3147 3116
f 3116 3147 3148
f 3116 3148 3117
f 3117 3148 3149
f 3117 3149 3118
f 3118 3149 3150
f 3118 3150 3119
f 3119 3150 3151
f 3119 3151 3120
f 3120 3151 3152
f 3120 3152 3121
f 3121 3152 3153
f 3121 3153 3122
f 3122 3153 3154
f 3122 3154 3123
f 3123 3154 3155
f 3123 3155 3124
f 3124 3155 3156
f 3124 3156 3125
f 3125 3156 3157
f 3125 3157 3126
f 3126 3157 3158
f 3126 3158 3127
f 3127 3158 3159
f 3127 3159 3128
f 3128 3159 3160
f 3128 3160 3097
f 3097 3160 3129
f 3129 3161 3130
f 3130 3161 3162
f 3130 3162 3131
f 3131 3162 3163
f 3131 3163 3132
f 3132 3163 3164
f 3132 3164 3133
f 3133 3164 3165
f 3133 3165 3134
f 3134 3165 3166
f 3134 3166 3135
f 3135 3166 3167
f 3135 3167 3136
f 3136 3167 3168
f 3136 3168 3137
f 3137 3168 3169
f 3137 3169 3138
f 3138 3169 3170
f 3138 3170 3139
f 3139 3170 3171
f 3139 3171 3140
f 3140 3171 3172
f 3140 3172 3141
f 3141 3172 3173
f 3141 3173 3142
f 3142 3173 3174
f 3142 3174 3143
f 3143 3174 3175
f 3143 3175 3144
f 3144 3175 3176
f 3144 3176 3145
f 3145 3176 3177
f 3145 3177 3146
f 3146 3177 3178
f 3146 3178 3147
f 3147 3178 3179
f 3147 3179 3148
f 3148 3179 3180
f 3148 3180 3149
f 3149 3180 3181
f 3149 3181 3150
f 3150 3181 3182
f 3150 3182 3151
f 3151 3182 3183
f 3151 3183 3152
f 3152 3183 3184
f 3152 3184 3153
f 3153 3184 3185
f 3153 3185 3154
f 3154 3185 3186
f 3154 3186 3155
f 3155 3186 3187
f 3155 3187 3156
f 3156 3187 3188
f 3156 3188 3157
f 3157 3188 3189
f 3157 3189 3158
f 3158 3189 3190
f 3158 3190 3159
f 3159 3190 3191
f 3159 3191 3160
f 3160 3191 3192
f 3160 3192 3129
f 3129 3192 3161
f 3161 3193 3162
f 3162 3193 3194
f 3162 3194 3163
f 3163 3194 3195
f 3163 3195 3164
f 3164 3195 3196
f 3164 3196 3165
f 3165 3196 3197
f 3165 3197 3166
f 3166 3197 3198
f 3166 3198 3167
f 3167 3198 3199
f 3167 3199 3168
f 3168 3199 3200
f 3168 3200 3169
f 3169 3200 3201
f 3169 3201 3170
f 3170 3201 3202
f 3170 3202 3171
f 3171 3202 3203
f 3171 3203 3172
f 3172 3203 3204
f 3172 3204 3173
f 3173 3204 3205
f 3173 3205 3174
f 3174 3205 3206
f 3174 3206 3175
f 3175 3206 3207
f 3175 3207 3176
f 3176 3207 3208
f 3176 3208 3177
f 3177 3208 3209
f 3177 3209 3178
f 3178 3209 3210
f 3178 3210 3179
f 3179 3210 3211
f 3179 3211 3180
f 3180 3211 3212
f 3180 3212 3181
f 3181 3212 3213
f 3181 3213 3182
f 3182 3213 3214
f 3182 3214 3183
f 3183 3214 3215
f 3183 3215 3184
f 3184 3215 3216
f 3184 3216 3185
f 3185 3216 3217
f 3185 3217 3186
f 3186 3217 3218
f 3186 3218 3187
f 3187 3218 3219
f 3187 3219 3188
f 3188 3219 3220
f 3188 3220 3189
f 3189 3220 3221
f 3189 3221 3190
f 3190 3221 3222
f 3190 3222 3191
f 3191 3222 3223
f 3191 3223 3192
f 3192 3223 3224
f 3192 3224 3161
f 3161 3224 3193
f 3193 3225 3194
f 3194 3225 3226
f 3194 3226 3195
f 3195 3226 3227
f 3195 3227 3196
f 3196 3227 3228
f 3196 3228 3197
f 3197 3228 3229
f 3197 3229 3198
f 3198 3229 3230
f 3198 3230 3199
f 3199 3230 3231
f 3199 3231 3200
f 3200 3231 3232
f 3200 3232 3201
f 3201 3232 3233
f 3201 3233 3202
f 3202 3233 3234
f 3202 3234 3203
f 3203 3234 3235
f 3203 3235 3204
f 3204 3235 3236
f 3204 3236 3205
f 3205 3236 3237
f 3205 3237 3206
f 3206 3237 3238
f 3206 3238 3207
f 3207 3238 3239
f 3207 3239 3208
f 3208 3239 3240
f 3208 3240 3209
f 3209 3240 3241
f 3209 3241 3210
f 3210 3241 3242
f 3210 3242 3211
f 3211 3242 3243
f 3211 3243 3212
f 3212 3243 3244
f 3212 3244 3213
f 3213 3244 3245
f 3213 3245 3214
f 3214 3245 3246
f 3214 3246 3215
f 3215 3246 3247
f 3215 3247 3216
f 3216 3247 3248
f 3216 3248 3217
f 3217 3248 3249
f 3217 3249 3218
f 3218 3249 3250
f 3218 3250 3219
f 3219 3250 3251
f 3219 3251 3220
f 3220 3251 3252
f 3220 3252 3221
f 3221 3252 3253
f 3221 3253 3222
f 3222 3253 3254
f 3222 3254 3223
f 3223 3254 3255
f 3223 3255 3224
f 3224 3255 3256
f 3224 3256 3193
f 3193 3256 3225
f 3225 3257 3226
f 3226 3257 3258
f 3226 3258 3227
f 3227 3258 3259
f 3227 3259 3228
f 3228 3259 3260
f 3228 3260 3229
f 3229 3260 3261
f 3229 3261 3230
f 3230 3261 3262
f 3230 3262 3231
f 3231 3262 3263
f 3231 3263 3232
f 3232 3263 3264
f 3232 3264 3233
f 3233 3264 3265
f 3233 3265 3234
f 3234 3265 3266
f 3234 3266 3235
f 3235 3266 3267
f 3235 3267 3236
f 3236 3267 3268
f 3236 3268 3237
f 3237 3268 3269
f 3237 3269 3238
f 3238 3269 3270
f 3238 3270 3239
f 3239 3270 3271
f 3239 3271 3240
f 3240 3271 3272
f 3240 3272 3241
f 3241 3272 3273
f 3241 3273 3242
f 3242 3273 3274
f 3242 3274 3243
f 3243 3274 3275
f 3243 3275 3244
f 3244 3275 3276
f 3244 3276 3245
f 3245 3276 3277
f 3245 3277 3246
f 3246 3277 3278
f 3246 3278 3247
f 3247 3278 3279
f 3247 3279 3248
f 3248 3279 3280
f 3248 3280 3249
f 3249 3280 3281
f 3249 3281 3250
f 3250 3281 3282
f 3250 3282 3251
f 3251 3282 3283
f 3251 3283 3252
f 3252 3283 3284
f 3252 3284 3253
f 3253 3284 3285
f 3253 3285 3254
f 3254 3285 3286
f 3254 3286 3255
f 3255 3286 3287
f 3255 3287 3256
f 3256 3287 3288
f 3256 3288 3225
f 3225 3288 3257
f 3257 3289 3258
f 3258 3289 3290
f 3258 3290 3259
f 3259 3290 3291
f 3259 3291 3260
f 3260 3291 3292
f 3260 3292 3261
f 3261 3292 3293
f 3261 3293 3262
f 3262 3293 3294
f 3262 3294 3263
f 3263 3294 3295
f 3263 3295 3264
f 3264 3295 3296
f 3264 3296 3265
f 3265 3296 3297
f 3265 3297 3266
f 3266 3297 3298
f 3266 3298 3267
f 3267 3298 3299
f 3267 3299 3268
f 3268 3299 3300
f 3268 3300 3269
f 3269 3300 3301
f 3269 3301 3270
f 3270 3301 3302
f 3270 3302 3271
f 3271 3302 3303
f 3271 3303 3272
f 3272 3303 3304
f 3272 3304 3273
f 3273 3304 3305
f 3273 3305 3274
f 3274 3305 3306
f 3274 3306 3275
f 3275 3306 3307
f 3275 3307 3276
f 3276 3307 3308
f 3276 3308 3277
f 3277 3308 3309
f 3277 3309 3278
f 3278 3309 3310
f 3278 3310 3279
f 3279 3310 3311
f 3279 3311 3280
f 3280 3311 3312
f 3280 3312 3281
f 3281 3312 3313
f 3281 3313 3282
f 3282 3313 3314
f 3282 3314 3283
f 3283 3314 3315
f 3283 3315 3284
f 3284 3315 3316
f 3284 3316 3285
f 3285 3316 3317
f 3285 3317 3286
f 3286 3317 3318
f 3286 3318 3287
f 3287 3318 3319
f 3287 3319 3288
f 3288 3319 3320
f 3288 3320 3257
f 3257 3320 3289
f 3289 3321 3290
f 3290 3321 3322
f 3290 3322 3291
f 3291 3322 3323
f 3291 3323 3292
f 3292 3323 3324
f 3292 3324 3293
f 3293 3324 3325
f 3293 3325 3294
f 3294 3325 3326
f 3294 3326 3295
f 3295 3326 3327
f 3295 3327 3296
f 3296 3327 3328
f 3296 3328 3297
f 3297 3328 3329
f 3297 3329 3298
f 3298 3329 3330
f 3298 3330 3299
f 3299 3330 3331
f 3299 3331 3300
f 3300 3331 3332
f 3300 3332 3301
f 3301 3332 3333
f 3301 3333 3302
f 3302 3333 3334
f 3302 3334 3303
f 3303 3334 3335
f 3303 3335 3304
f 3304 3335 3336
f 3304 3336 3305
f 3305 3336 3337
f 3305 3337 3306
f 3306 3337 3338
f 3306 3338 3307
f 3307 3338 3339
f 3307 3339 3308
f 3308 3339 3340
f 3308 3340 3309
f 3309 3340 3341
f 3309 3341 3310
f 3310 3341 3342
f 3310 3342 3311
f 3311 3342 3343
f 3311 3343 3312
f 3312 3343 3344
f 3312 3344 3313
f 3313 3344 3345
f 3313 3345 3314
f 3314 3345 3346
f 3314 3346 3315
f 3315 3346 3347
f 3315 3347 3316
f 3316 3347 3348
f 3316 3348 3317
f 3317 3348 3349
f 3317 3349 3318
f 3318 3349 3350
f 3318 3350 3319
f 3319 3350 3351
f 3319 3351 3320
f 3320 3351 3352
f 3320 3352 3289
f 3289 3352 3321
f 3321 3353 3322
f 3322 3353 3354
f 3322 3354 3323
f 3323 3354 3355
f 3323 3355 3324
f 3324 3355 3356
f 3324 3356 3325
f 3325 3356 3357
f 3325 3357 3326
f 3326 3357 3358
f 3326 3358 3327
f 3327 3358 3359
f 3327 3359 3328
f 3328 3359 3360
f 3328 3360 3329
f 3329 3360 3361
f 3329 3361 3330
f 3330 3361 3362
f 3330 3362 3331
f 3331 3362 3363
f 3331 3363 3332
f 3332 3363 3364
f 3332 3364 3333
f 3333 3364 3365
f 3333 3365 3334
f 3334 3365 3366
f 3334 3366 3335
f 3335 3366 3367
f 3335 3367 3336
f 3336 3367 3368
f 3336 3368 3337
f 3337 3368 3369
f 3337 3369 3338
f 3338 3369 3370
f 3338 3370 3339
f 3339 3370 3371
f 3339 3371 3340
f 3340 3371 3372
f 3340 3372 3341
f 3341 3372 3373
f 3341 3373 3342
f 3342 3373 3374
f 3342 3374 3343
f 3343 3374 3375
f 3343 3375 3344
f 3344 3375 3376
f 3344 3376 3345
f 3345 3376 3377
f 3345 3377 3346
f 3346 3377 3378
f 3346 3378 3347
f 3347 3378 3379
f 3347 3379 3348
f 3348 3379 3380
f 3348 3380 3349
f 3349 3380 3381
f 3349 3381 3350
f 3350 3381 3382
f 3350 3382 3351
f 3351 3382 3383
f 3351 3383 3352
f 3352 3383 3384
f 3352 3384 3321
f 3321 3384 3353
f 3353 3385 3354
f 3354 3385 3386
f 3354 3386 3355
f 3355 3386 3387
f 3355 3387 3356
f 3356 3387 3388
f 3356 3388 3357
f 3357 3388 3389
f 3357 3389 3358
f 3358 3389 3390
f 3358 3390 3359
f 3359 3390 3391
f 3359 3391 3360
f 3360 3391 3392
f 3360 3392 3361
f 3361 3392 3393
f 3361 3393 3362
f 3362 3393 3394
f 3362 3394 3363
f 3363 3394 3395
f 3363 3395 3364
f 3364 3395 3396
f 3364 3396 3365
f 3365 3396 3397
f 3365 3397 3366
f 3366 3397 3398
f 3366 3398 3367
f 3367 3398 3399
f 3367 3399 3368
f 3368 3399 3400
f 3368 3400 3369
f 3369 3400 3401
f 3369 3401 3370
f 3370 3401 3402
f 3370 3402 3371
f 3371 3402 3403
f 3371 3403 3372
f 3372 3403 3404
f 3372 3404 3373
f 3373 3404 3405
f 3373 3405 3374
f 3374 3405 3406
f 3374 3406 3375
f 3375 3406 3407
f 3375 3407 3376
f 3376 3407 3408
f 3376 3408 3377
f 3377 3408 3409
f 3377 3409 3378
f 3378 3409 3410
f 3378 3410 3379
f 3379 3410 3411
f 3379 3411 3380
f 3380 3411 3412
f 3380 3412 3381
f 3381 3412 3413
f 3381 3413 3382
f 3382 3413 3414
f 3382 3414 3383
f 3383 3414 3415
f 3383 3415 3384
f 3384 3415 3416
f 3384 3416 3353
f 3353 3416 3385
f 3385 3417 3386
f 3386 3417 3418
f 3386 3418 3387
f 3387 3418 3419
f 3387 3419 3388
f 3388 3419 3420
f 3388 3420 3389
f 3389 3420 3421
f 3389 3421 3390
f 3390 3421 3422
f 3390 3422 3391
f 3391 3422 3423
f 3391 3423 3392
f 3392 3423 3424
f 3392 3424 3393
f 3393 3424 3425
f 3393 3425 3394
f 3394 3425 3426
f 3394 3426 3395
f 3395 3426 3427
f 3395 3427 3396
f 3396 3427 3428
f 3396 3428 3397
f 3397 3428 3429
f 3397 3429 3398
f 3398 3429 3430
f 3398 3430 3399
f 3399 3430 3431
f 3399 3431 3400
f 3400 3431 3432
f 3400 3432 3401
f 3401 3432 3433
f 3401 3433 3402
f 3402 3433 3434
f 3402 3434 3403
f 3403 3434 3435
f 3403 3435 3404
f 3404 3435 3436
f 3404 3436 3405
f 3405 3436 3437
f 3405 3437 3406
f 3406 3437 3438
f 3406 3438 3407
f 3407 3438 3439
f 3407 3439 3408
f 3408 3439 3440
f 3408 3440 3409
f 3409 3440 3441
f 3409 3441 3410
f 3410 3441 3442
f 3410 3442 3411
f 3411 3442 3443
f 3411 3443 3412
f 3412 3443 3444
f 3412 3444 3413
f 3413 3444 3445
f 3413 3445 3414
f 3414 3445 3446
f 3414 3446 3415
f 3415 3446 3447
f 3415 3447 3416
f 3416 3447 3448
f 3416 3448 3385
f 3385 3448 3417
f 3417 3449 3418
f 3418 3449 3450
f 3418 3450 3419
f 3419 3450 3451
f 3419 3451 3420
f 3420 3451 3452
f 3420 3452 3421
f 3421 3452 3453
f 3421 3453 3422
f 3422 3453 3454
f 3422 3454 3423
f 3423 3454 3455
f 3423 3455 3424
f 3424 3455 3456
f 3424 3456 3425
f 3425 3456 3457
f 3425 3457 3426
f 3426 3457 3458
f 3426 3458 3427
f 3427 3458 3459
f 3427 3459 3428
f 3428 3459 3460
f 3428 3460 3429
f 3429 3460 3461
f 3429 3461 3430
f 3430 3461 3462
f 3430 3462 3431
f 3431 3462 3463
f 3431 3463 3432
f 3432 3463 3464
f 3432 3464 3433
f 3433 3464 3465
f 3433 3465 3434
f 3434 3465 3466
f 3434 3466 3435
f 3435 3466 3467
f 3435 3467 3436
f 3436 3467 3468
f 3436 3468 3437
f 3437 3468 3469
f 3437 3469 3438
f 3438 3469 3470
f 3438 3470 3439
f 3439 3470 3471
f 3439 3471 3440
f 3440 3471 3472
f 3440 3472 3441
f 3441 3472 3473
f 3441 3473 3442
f 3442 3473 3474
f 3442 3474 3443
f 3443 3474 3475
f 3443 3475 3444
f 3444 3475 3476
f 3444 3476 3445
f 3445 3476 3477
f 3445 3477 3446
f 3446 3477 3478
f 3446 3478 3447
f 3447 3478 3479
f 3447 3479 3448
f 3448 3479 3480
f 3448 3480 3417
f 3417 3480 3449
f 3449 3481 3450
f 3450 3481 3482
f 3450 3482 3451
f 3451 3482 3483
f 3451 3483 3452
f 3452 3483 3484
f 3452 3484 3453
f 3453 3484 3485
f 3453 3485 3454
f 3454 3485 3486
f 3454 3486 3455
f 3455 3486 3487
f 3455 3487 3456
f 3456 3487 3488
f 3456 3488 3457
f 3457 3488 3489
f 3457 3489 3458
f 3458 3489 3490
f 3458 3490 3459
f 3459 3490 3491
f 3459 3491 3460
f 3460 3491 3492
f 3460 3492 3461
f 3461 3492 3493
f 3461 3493 3462
f 3462 3493 3494
f 3462 3494 3463
f 3463 3494 3495
f 3463 3495 3464
f 3464 3495 3496
f 3464 3496 3465
f 3465 3496 3497
f 3465 3497 3466
f 3466 3497 3498
f 3466 3498 3467
f 3467 3498 3499
f 3467 3499 3468
f 3468 3499 3500
f 3468 3500 3469
f 3469 3500 3501
f 3469 3501 3470
f 3470 3501 3502
f 3470 3502 3471
f 3471 3502 3503
f 3471 3503 3472
f 3472 3503 3504
f 3472 3504 3473
f 3473 3504 3505
f 3473 3505 3474
f 3474 3505 3506
f 3474 3506 3475
f 3475 3506 3507
f 3475 3507 3476
f 3476 3507 3508
f 3476 3508 3477
f 3477 3508 3509
f 3477 3509 3478
f 3478 3509 3510
f 3478 3510 3479
f 3479 3510 3511
f 3479 3511 3480
f 3480 3511 3512
f 3480 3512 3449
f 3449 3512 3481
f 3481 3513 3482
f 3482 3513 3514
f 3482 3514 3483
f 3483 3514 3515
f 3483 3515 3484
f 3484 3515 3516
f 3484 3516 3485
f 3485 3516 3517
f 3485 3517 3486
f 3486 3517 3518
f 3486 3518 3487
f 3487 3518 3519
f 3487 3519 3488
f 3488 3519 3520
f 3488 3520 3489
f 3489 3520 3521
f 3489 3521 3490
f 3490 3521 3522
f 3490 3522 3491
f 3491 3522 3523
f 3491 3523 3492
f 3492 3523 3524
f 3492 3524 3493
f 3493 3524 3525
f 3493 3525 3494
f 3494 3525 3526
f 3494 3526 3495
f 3495 3526 3527
f 3495 3527 3496
f 3496 3527 3528
f 3496 3528 3497
f 3497 3528 3529
f 3497 3529 3498
f 3498 3529 3530
f 3498 3530 3499
f 3499 3530 3531
f 3499 3531 3500
f 3500 3531 3532
f 3500 3532 3501
f 3501 3532 3533
f 3501 3533 3502
f 3502 3533 3534
f 3502 3534 3503
f 3503 3534 3535
f 3503 3535 3504
f 3504 3535 3536
f 3504 3536 3505
f 3505 3536 3537
f 3505 3537 3506
f 3506 3537 3538
f 3506 3538 3507
f 3507 3538 3539
f 3507 3539 3508
f 3508 3539 3540
f 3508 3540 3509
f 3509 3540 3541
f 3509 3541 3510
f 3510 3541 3542
f 3510 3542 3511
f 3511 3542 3543
f 3511 3543 3512
f 3512 3543 3544
f 3512 3544 3481
f 3481 3544 3513
f 3513 3545 3514
f 3514 3545 3546
f 3514 3546 3515
f 3515 3546 3547
f 3515 3547 3516
f 3516 3547 3548
f 3516 3548 3517
f 3517 3548 3549
f 3517 3549 3518
f 3518 3549 3550
f 3518 3550 3519
f 3519 3550 3551
f 3519 3551 3520
f 3520 3551 3552
f 3520 3552 3521
f 3521 3552 3553
f 3521 3553 3522
f 3522 3553 3554
f 3522 3554 3523
f 3523 3554 3555
f 3523 3555 3524
f 3524 3555 3556
f 3524 3556 3525
f 3525 3556 3557
f 3525 3557 3526
f 3526 3557 3558
f 3526 3558 3527
f 3527 3558 3559
f 3527 3559 3528
f 3528 3559 3560
f 3528 3560 3529
f 3529 3560 3561
f 3529 3561 3530
f 3530 3561 3562
f 3530 3562 3531
f 3531 3562 3563
f 3531 3563 3532
f 3532 3563 3564
f 3532 3564 3533
f 3533 3564 3565
f 3533 3565 3534
f 3534 3565 3566
f 3534 3566 3535
f 3535 3566 3567
f 3535 3567 3536
f 3536 3567 3568
f 3536 3568 3537
f 3537 3568 3569
f 3537 3569 3538
f 3538 3569 3570
f 3538 3570 3539
f 3539 3570 3571
f 3539 3571 3540
f 3540 3571 3572
f 3540 3572 3541
f 3541 3572 3573
f 3541 3573 3542
f 3542 3573 3574
f 3542 3574 3543
f 3543 3574 3575
f 3543 3575 3544
f 3544 3575 3576
f 3544 3576 3513
f 3513 3576 3545
f 3545 3577 3546
f 3546 3577 3578
f 3546 3578 3547
f 3547 3578 3579
f 3547 3579 3548
f 3548 3579 3580
f 3548 3580 3549
f 3549 3580 3581
f 3549 3581 3550
f 3550 3581 3582
f 3550 3582 3551
f 3551 3582 3583
f 3551 3583 3552
f 3552 3583 3584
f 3552 3584 3553
f 3553 3584 3585
f 3553 3585 3554
f 3554 3585 3586
f 3554 3586 3555
f 3555 3586 3587
f 3555 3587 3556
f 3556 3587 3588
f 3556 3588 3557
f 3557 3588 3589
f 3557 3589 3558
f 3558 3589 3590
f 3558 3590 3559
f 3559 3590 3591
f 3559 3591 3560
f 3560 3591 3592
f 3560 3592 3561
f 3561 3592 3593
f 3561 3593 3562
f 3562 3593 3594
f 3562 3594 3563
f 3563 3594 3595
f 3563 3595 3564
f 3564 3595 3596
f 3564 3596 3565
f 3565 3596 3597
f 3565 3597 3566
f 3566 3597 3598
f 3566 3598 3567
f 3567 3598 3599
f 3567 3599 3568
f 3568 3599 3600
f 3568 3600 3569
f 3569 3600 3601
f 3569 3601 3570
f 3570 3601 3602
f 3570 3602 3571
f 3571 3602 3603
f 3571 3603 3572
f 3572 3603 3604
f 3572 3604 3573
f 3573 3604 3605
f 3573 3605 3574
f 3574 3605 3606
f 3574 3606 3575
f 3575 3606 3607
f 3575 3607 3576
f 3576 3607 3608
f 3576 3608 3545
f 3545 3608 3577
f 3577 2585 3578
f 3578 2585 2586
f 3578 2586 3579
f 3579 2586 2587
f 3579 2587 3580
f 3580 2587 2588
f 3580 2588 3581
f 3581 2588 2589
f 3581 2589 3582
f 3582 2589 2590
f 3582 2590 3583
f 3583 2590 2591
f 3583 2591 3584
f 3584 2591 2592
f 3584 2592 3585
f 3585 2592 2593
f 3585 2593 3586
f 3586 2593 2594
f 3586 2594 3587
f 3587 2594 2595
f 3587 2595 3588
f 3588 2595 2596
f 3588 2596 3589
f 3589 2596 2597
f 3589 2597 3590
f 3590 2597 2598
f 3590 2598 3591
f 3591 2598 2599
f 3591 2599 3592
f 3592 2599 2600
f 3592 2600 3593
f 3593 2600 2601
f 3593 2601 3594
f 3594 2601 2602
f 3594 2602 3595
f 3595 2602 2603
f 3595 2603 3596
f 3596 2603 2604
f 3596 2604 3597
f 3597 2604 2605
f 3597 2605 3598
f 3598 2605 2606
f 3598 2606 3599
f 3599 2606 2607
f 3599 2607 3600
f 3600 2607 2608
f 3600 2608 3601
f 3601 2608 2609
f 3601 2609 3602
f 3602 2609 2610
f 3602 2610 3603
f 3603 2610 2611
f 3603 2611 3604
f 3604 2611 2612
f 3604 2612 3605
f 3605 2612 2613
f 3605 2613 3606
f 3606 2613 2614
f 3606 2614 3607
f 3607 2614 2615
f 3607 2615 3608
f 3608 2615 2616
f 3608 2616 3577
f 3577 2616 2585
f 3609 3641 3610
f 3610 3641 3642
f 3610 3642 3611
f 3611 3642 3643
f 3611 3643 3612
f 3612 3643 3644
f 3612 3644 3613
f 3613 3644 3645
f 3613 3645 3614
f 3614 3645 3646
f 3614 3646 3615
f 3615 3646 3647
f 3615 3647 3616
f 3616 3647 3648
f 3616 3648 3617
f 3617 3648 3649
f 3617 3649 3618
f 3618 3649 3650
f 3618 3650 3619
f 3619 3650 3651
f 3619 3651 3620
f 3620 3651 3652
f 3620 3652 3621
f 3621 3652 3653
f 3621 3653 3622
f 3622 3653 3654
f 3622 3654 3623
f 3623 3654 3655
f 3623 3655 3624
f 3624 3655 3656
f 3624 3656 3625
f 3625 3656 3657
f 3625 3657 3626
f 3626 3657 3658
f 3626 3658 3627
f 3627 3658 3659
f 3627 3659 3628
f 3628 3659 3660
f 3628 3660 3629
f 3629 3660 3661
f 3629 3661 3630
f 3630 3661 3662
f 3630 3662 3631
f 3631 3662 3663
f 3631 3663 3632
f 3632 3663 3664
f 3632 3664 3633
f 3633 3664 3665
f 3633 3665 3634
f 3634 3665 3666
f 3634 3666 3635
f 3635 3666 3667
f 3635 3667 3636
f 3636 3667 3668
f 3636 3668 3637
f 3637 3668 3669
f 3637 3669 3638
f 3638 3669 3670
f 3638 3670 3639
f 3639 3670 3671
f 3639 3671 3640
f 3640 3671 3672
f 3640 3672 3609
f 3609 3672 3641
f 3641 3673 3642
f 3642 3673 3674
f 3642 3674 3643
f 3643 3674 3675
f 3643 3675 3644
f 3644 3675 3676
f 3644 3676 3645
f 3645 3676 3677
f 3645 3677 3646
f 3646 3677 3678
f 3646 3678 3647
f 3647 3678 3679
f 3647 3679 3648
f 3648 3679 3680
f 3648 3680 3649
f 3649 3680 3681
f 3649 3681 3650
f 3650 3681 3682
f 3650 3682 3651
f 3651 3682 3683
f 3651 3683 3652
f 3652 3683 3684
f 3652 3684 3653
f 3653 3684 3685
f 3653 3685 3654
f 3654 3685 3686
f 3654 3686 3655
f 3655 3686 3687
f 3655 3687 3656
f 3656 3687 3688
f 3656 3688 3657
f 3657 3688 3689
f 3657 3689 3658
f 3658 3689 3690
f 3658 3690 3659
f 3659 3690 3691
f 3659 3691 3660
f 3660 3691 3692
f 3660 3692 3661
f 3661 3692 3693
f 3661 3693 3662
f 3662 3693 3694
f 3662 3694 3663
f 3663 3694 3695
f 3663 3695 3664
f 3664 3695 3696
f 3664 3696 3665
f 3665 3696 3697
f 3665 3697 3666
f 3666 3697 3698
f 3666 3698 3667
f 3667 3698 3699
f 3667 3699 3668
f 3668 3699 3700
f 3668 3700 3669
f 3669 3700 3701
f 3669 3701 3670
f 3670 3701 3702
f 3670 3702 3671
f 3671 3702 3703
f 3671 3703 3672
f 3672 3703 3704
f 3672 3704 3641
f 3641 3704 3673
f 3673 3705 3674
f 3674 3705 3706
f 3674 3706 3675
f 3675 3706 3707
f 3675 3707 3676
f 3676 3707 3708
f 3676 3708 3677
f 3677 3708 3709
f 3677 3709 3678
f 3678 3709 3710
f 3678 3710 3679
f 3679 3710 3711
f 3679 3711 3680
f 3680 3711 3712
f 3680 3712 3681
f 3681 3712 3713
f 3681 3713 3682
f 3682 3713 3714
f 3682 3714 3683
f 3683 3714 3715
f 3683 3715 3684
f 3684 3715 3716
f 3684 3716 3685
f 3685 3716 3717
f 3685 3717 3686
f 3686 3717 3718
f 3686 3718 3687
f 3687 3718 3719
f 3687 3719 3688
f 3688 3719 3720
f 3688 3720 3689
f 3689 3720 3721
f 3689 3721 3690
f 3690 3721 3722
f 3690 3722 3691
f 3691 3722 3723
f 3691 3723 3692
f 3692 3723 3724
f 3692 3724 3693
f 3693 3724 3725
f 3693 3725 3694
f 3694 3725 3726
f 3694 3726 3695
f 3695 3726 3727
f 3695 3727 3696
f 3696 3727 3728
f 3696 3728 3697
f 3697 3728 3729
f 3697 3729 3698
f 3698 3729 3730
f 3698 3730 3699
f 3699 3730 3731
f 3699 3731 3700
f 3700 3731 3732
f 3700 3732 3701
f 3701 3732 3733
f 3701 3733 3702
f 3702 3733 3734
f 3702 3734 3703
f 3703 3734 3735
f 3703 3735 3704
f 3704 3735 3736
f 3704 3736 3673
f 3673 3736 3705
f 3705 3737 3706
f 3706 3737 3738
f 3706 3738 3707
f 3707 3738 3739
f 3707 3739 3708
f 3708 3739 3740
f 3708 3740 3709
f 3709 3740 3741
f 3709 3741 3710
f 3710 3741 3742
f 3710 3742 3711
f 3711 3742 3743
f 3711 3743 3712
f 3712 3743 3744
f 3712 3744 3713
f 3713 3744 3745
f 3713 3745 3714
f 3714 3745 3746
f 3714 3746 3715
f 3715 3746 3747
f 3715 3747 3716
f 3716 3747 3748
f 3716 3748 3717
f 3717 3748 3749
f 3717 3749 3718
f 3718 3749 3750
f 3718 3750 3719
f 3719 3750 3751
f 3719 3751 3720
f 3720 3751 3752
f 3720 3752 3721
f 3721 3752 3753
f 3721 3753 3722
f 3722 3753 3754
f 3722 3754 3723
f 3723 3754 3755
f 3723 3755 3724
f 3724 3755 3756
f 3724 3756 3725
f 3725 3756 3757
f 3725 3757 3726
f 3726 3757 3758
f 3726 3758 3727
f 3727 3758 3759
f 3727 3759 3728
f 3728 3759 3760
f 3728 3760 3729
f 3729 3760 3761
f 3729 3761 3730
f 3730 3761 3762
f 3730 3762 3731
f 3731 3762 3763
f 3731 3763 3732
f 3732 3763 3764
f 3732 3764 3733
f 3733 3764 3765
f 3733 3765 3734
f 3734 3765 3766
f 3734 3766 3735
f 3735 3766 3767
f 3735 3767 3736
f 3736 3767 3768
f 3736 3768 3705
f 3705 3768 3737
f 3737 3769 3738
f 3738 3769 3770
f 3738 3770 3739
f 3739 3770 3771
f 3739 3771 3740
f 3740 3771 3772
f 3740 3772 3741
f 3741 3772 3773
f 3741 3773 3742
f 3742 3773 3774
f 3742 3774 3743
f 3743 3774 3775
f 3743 3775 3744
f 3744 3775 3776
f 3744 3776 3745
f 3745 3776 3777
f 3745 3777 3746
f 3746 3777 3778
f 3746 3778 3747
f 3747 3778 3779
f 3747 3779 3748
f 3748 3779 3780
f 3748 3780 3749
f 3749 3780 3781
f 3749 3781 3750
f 3750 3781 3782
f 3750 3782 3751
f 3751 3782 3783
f 3751 3783 3752
f 3752 3783 3784
f 3752 3784 3753
f 3753 3784 3785
f 3753 3785 3754
f 3754 3785 3786
f 3754 3786 3755
f 3755 3786 3787
f 3755 3787 3756
f 3756 3787 3788
f 3756 3788 3757
f 3757 3788 3789
f 3757 3789 3758
f 3758 3789 3790
f 3758 3790 3759
f 3759 3790 3791
f 3759 3791 3760
f 3760 3791 3792
f 3760 3792 3761
f 3761 3792 3793
f 3761 3793 3762
f 3762 3793 3794
f 3762 3794 3763
f 3763 3794 3795
f 3763 3795 3764
f 3764 3795 3796
f 3764 3796 3765
f 3765 3796 3797
f 3765 3797 3766
f 3766 3797 3798
f 3766 3798 3767
f 3767 3798 3799
f 3767 3799 3768
f 3768 3799 3800
f 3768 3800 3737
f 3737 3800 3769
f 3769 3801 3770
f 3770 3801 3802
f 3770 3802 3771
f 3771 3802 3803
f 3771 3803 3772
f 3772 3803 3804
f 3772 3804 3773
f 3773 3804 3805
f 3773 3805 3774
f 3774 3805 3806
f 3774 3806 3775
f 3775 3806 3807
f 3775 3807 3776
f 3776 3807 3808
f 3776 3808 3777
f 3777 3808 3809
f 3777 3809 3778
f 3778 3809 3810
f 3778 3810 3779
f 3779 3810 3811
f 3779 3811 3780
f 3780 3811 3812
f 3780 3812 3781
f 3781 3812 3813
f 3781 3813 3782
f 3782 3813 3814
f 3782 3814 3783
f 3783 3814 3815
f 3783 3815 3784
f 3784 3815 3816
f 3784 3816 3785
f 3785 3816 3817
f 3785 3817 3786
f 3786 3817 3818
f 3786 3818 3787
f 3787 3818 3819
f 3787 3819 3788
f 3788 3819 3820
f 3788 3820 3789
f 3789 3820 3821
f 3789 3821 3790
f 3790 3821 3822
f 3790 3822 3791
f 3791 3822 3823
f 3791 3823 3792
f 3792 3823 3824
f 3792 3824 3793
f 3793 3824 3825
f 3793 3825 3794
f 3794 3825 3826
f 3794 3826 3795
f 3795 3826 3827
f 3795 3827 3796
f 3796 3827 3828
f 3796 3828 3797
f 3797 3828 3829
f 3797 3829 3798
f 3798 3829 3830
f 3798 3830 3799
f 3799 3830 3831
f 3799 3831 3800
f 3800 3831 3832
f 3800 3832 3769
f 3769 3832 3801
f 3801 3833 3802
f 3802 3833 3834
f 3802 3834 3803
f 3803 3834 3835
f 3803 3835 3804
f 3804 3835 3836
f 3804 3836 3805
f 3805 3836 3837
f 3805 3837 3806
f 3806 3837 3838
f 3806 3838 3807
f 3807 3838 3839
f 3807 3839 3808
f 3808 3839 3840
f 3808 3840 3809
f 3809 3840 3841
f 3809 3841 3810
f 3810 3841 3842
f 3810 3842 3811
f 3811 3842 3843
f 3811 3843 3812
f 3812 3843 3844
f 3812 3844 3813
f 3813 3844 3845
f 3813 3845 3814
f 3814 3845 3846
f 3814 3846 3815
f 3815 3846 3847
f 3815 3847 3816
f 3816 3847 3848
f 3816 3848 3817
f 3817 3848 3849
f 3817 3849 3818
f 3818 3849 3850
f 3818 3850 3819
f 3819 3850 3851
f 3819 3851 3820
f 3820 3851 3852
f 3820 3852 3821
f 3821 3852 3853
f 3821 3853 3822
f 3822 3853 3854
f 3822 3854 3823
f 3823 3854 3855
f 3823 3855 3824
f 3824 3855 3856
f 3824 3856 3825
f 3825 3856 3857
f 3825 3857 3826
f 3826 3857 3858
f 3826 3858 3827
f 3827 3858 3859
f 3827 3859 3828
f 3828 3859 3860
f 3828 3860 3829
f 3829 3860 3861
f 3829 3861 3830
f 3830 3861 3862
f 3830 3862 3831
f 3831 3862 3863
f 3831 3863 3832
f 3832 3863 3864
f 3832 3864 3801
f 3801 3864 3833
f 3833 3865 3834
f 3834 3865 3866
f 3834 3866 3835
f 3835 3866 3867
f 3835 3867 3836
f 3836 3867 3868
f 3836 3868 3837
f 3837 3868 3869
f 3837 3869 3838
f 3838 3869 3870
f 3838 3870 3839
f 3839 3870 3871
f 3839 3871 3840
f 3840 3871 3872
f 3840 3872 3841
f 3841 3872 3873
f 3841 3873 3842
f 3842 3873 3874
f 3842 3874 3843
f 3843 3874 3875
f 3843 3875 3844
f 3844 3875 3876
f 3844 3876 3845
f 3845 3876 3877
f 3845 3877 3846
f 3846 3877 3878
f 3846 3878 3847
f 3847 3878 3879
f 3847 3879 3848
f 3848 3879 3880
f 3848 3880 3849
f 3849 3880 3881
f 3849 3881 3850
f 3850 3881 3882
f 3850 3882 3851
f 3851 3882 3883
f 3851 3883 3852
f 3852 3883 3884
f 3852 3884 3853
f 3853 3884 3885
f 3853 3885 3854
f 3854 3885 3886
f 3854 3886 3855
f 3855 3886 3887
f 3855 3887 3856
f 3856 3887 3888
f 3856 3888 3857
f 3857 3888 3889
f 3857 3889 3858
f 3858 3889 3890
f 3858 3890 3859
f 3859 3890 3891
f 3859 3891 3860
f 3860 3891 3892
f 3860 3892 3861
f 3861 3892 3893
f 3861 3893 3862
f 3862 3893 3894
f 3862 3894 3863
f 3863 3894 3895
f 3863 3895 3864
f 3864 3895 3896
f 3864 3896 3833
f 3833 3896 3865
f 3865 3897 3866
f 3866 3897 3898
f 3866 3898 3867
f 3867 3898 3899
f 3867 3899 3868
f 3868 3899 3900
f 3868 3900 3869
f 3869 3900 3901
f 3869 3901 3870
f 3870 3901 3902
f 3870 3902 3871
f 3871 3902 3903
f 3871 3903 3872
f 3872 3903 3904
f 3872 3904 3873
f 3873 3904 3905
f 3873 3905 3874
f 3874 3905 3906
f 3874 3906 3875
f 3875 3906 3907
f 3875 3907 3876
f 3876 3907 3908
f 3876 3908 3877
f 3877 3908 3909
f 3877 3909 3878
f 3878 3909 3910
f 3878 3910 3879
f 3879 3910 3911
f 3879 3911 3880
f 3880 3911 3912
f 3880 3912 3881
f 3881 3912 3913
f 3881 3913 3882
f 3882 3913 3914
f 3882 3914 3883
f 3883 3914 3915
f 3883 3915 3884
f 3884 3915 3916
f 3884 3916 3885
f 3885 3916 3917
f 3885 3917 3886
f 3886 3917 3918
f 3886 3918 3887
f 3887 3918 3919
f 3887 3919 3888
f 3888 3919 3920
f 3888 3920 3889
f 3889 3920 3921
f 3889 3921 3890
f 3890 3921 3922
f 3890 3922 3891
f 3891 3922 3923
f 3891 3923 3892
f 3892 3923 3924
f 3892 3924 3893
f 3893 3924 3925
f 3893 3925 3894
f 3894 3925 3926
f 3894 3926 3895
f 3895 3926 3927
f 3895 3927 3896
f 3896 3927 3928
f 3896 3928 3865
f 3865 3928 3897
f 3897 3929 3898
f 3898 3929 3930
f 3898 3930 3899
f 3899 3930 3931
f 3899 3931 3900
f 3900 3931 3932
f 3900 3932 3901
f 3901 3932 3933
f 3901 3933 3902
f 3902 3933 3934
f 3902 3934 3903
f 3903 3934 3935
f 3903 3935 3904
f 3904 3935 3936
f 3904 3936 3905
f 3905 3936 3937
f 3905 3937 3906
f 3906 3937 3938
f 3906 3938 3907
f 3907 3938 3939
f 3907 3939 3908
f 3908 3939 3940
f 3908 3940 3909
f 3909 3940 3941
f 3909 3941 3910
f 3910 3941 3942
f 3910 3942 3911
f 3911 3942 3943
f 3911 3943 3912
f 3912 3943 3944
f 3912 3944 3913
f 3913 3944 3945
f 3913 3945 3914
f 3914 3945 3946
f 3914 3946 3915
f 3915 3946 3947
f 3915 3947 3916
f 3916 3947 3948
f 3916 3948 3917
f 3917 3948 3949
f 3917 3949 3918
f 3918 3949 3950
f 3918 3950 3919
f 3919 3950 3951
f 3919 3951 3920
f 3920 3951 3952
f 3920 3952 3921
f 3921 3952 3953
f 3921 3953 3922
f 3922 3953 3954
f 3922 3954 3923
f 3923 3954 3955
f 3923 3955 3924
f 3924 3955 3956
f 3924 3956 3925
f 3925 3956 3957
f 3925 3957 3926
f 3926 3957 3958
f 3926 3958 3927
f 3927 3958 3959
f 3927 3959 3928
f 3928 3959 3960
f 3928 3960 3897
f 3897 3960 3929
f 3929 3961 3930
f 3930 3961 3962
f 3930 3962 3931
f 3931 3962 3963
f 3931 3963 3932
f 3932 3963 3964
f 3932 3964 3933
f 3933 3964 3965
f 3933 3965 3934
f 3934 3965 3966
f 3934 3966 3935
f 3935 3966 3967
f 3935 3967 3936
f 3936 3967 3968
f 3936 3968 3937
f 3937 3968 3969
f 3937 3969 3938
f 3938 3969 3970
f 3938 3970 3939
f 3939 3970 3971
f 3939 3971 3940
f 3940 3971 3972
f 3940 3972 3941
f 3941 3972 3973
f 3941 3973 3942
f 3942 3973 3974
f 3942 3974 3943
f 3943 3974 3975
f 3943 3975 3944
f 3944 3975 3976
f 3944 3976 3945
f 3945 3976 3977
f 3945 3977 3946
f 3946 3977 3978
f 3946 3978 3947
f 3947 3978 3979
f 3947 3979 3948
f 3948 3979 3980
f 3948 3980 3949
f 3949 3980 3981
f 3949 3981 3950
f 3950 3981 3982
f 3950 3982 3951
f 3951 3982 3983
f 3951 3983 3952
f 3952 3983 3984
f 3952 3984 3953
f 3953 3984 3985
f 3953 3985 3954
f 3954 3985 3986
f 3954 3986 3955
f 3955 3986 3987
f 3955 3987 3956
f 3956 3987 3988
f 3956 3988 3957
f 3957 3988 3989
f 3957 3989 3958
f 3958 3989 3990
f 3958 3990 3959
f 3959 3990 3991
f 3959 3991 3960
f 3960 3991 3992
f 3960 3992 3929
f 3929 3992 3961
f 3961 3993 3962
f 3962 3993 3994
f 3962 3994 3963
f 3963 3994 3995
f 3963 3995 3964
f 3964 3995 3996
f 3964 3996 3965
f 3965 3996 3997
f 3965 3997 3966
f 3966 3997 3998
f 3966 3998 3967
f 3967 3998 3999
f 3967 3999 3968
f 3968 3999 4000
f 3968 4000 3969
f 3969 4000 4001
f 3969 4001 3970
f 3970 4001 4002
f 3970 4002 3971
f 3971 4002 4003
f 3971 4003 3972
f 3972 4003 4004
f 3972 4004 3973
f 3973 4004 4005
f 3973 4005 3974
f 3974 4005 4006
f 3974 4006 3975
f 3975 4006 4007
f 3975 4007 3976
f 3976 4007 4008
f 3976 4008 3977
f 3977 4008 4009
f 3977 4009 3978
f 3978 4009 4010
f 3978 4010 3979
f 3979 4010 4011
f 3979 4011 3980
f 3980 4011 4012
f 3980 4012 3981
f 3981 4012 4013
f 3981 4013 3982
f 3982 4013 4014
f 3982 4014 3983
f 3983 4014 4015
f 3983 4015 3984
f 3984 4015 4016
f 3984 4016 3985
f 3985 4016 4017
f 3985 4017 3986
f 3986 4017 4018
f 3986 4018 3987
f 3987 4018 4019
f 3987 4019 3988
f 3988 4019 4020
f 3988 4020 3989
f 3989 4020 4021
f 3989 4021 3990
f 3990 4021 4022
f 3990 4022 3991
f 3991 4022 4023
f 3991 4023 3992
f 3992 4023 4024
f 3992 4024 3961
f 3961 4024 3993
f 3993 4025 3994
f 3994 4025 4026
f 3994 4026 3995
f 3995 4026 4027
f 3995 4027 3996
f 3996 4027 4028
f 3996 4028 3997
f 3997 4028 4029
f 3997 4029 3998
f 3998 4029 4030
f 3998 4030 3999
f 3999 4030 4031
f 3999 4031 4000
f 4000 4031 4032
f 4000 4032 4001
f 4001 4032 4033
f 4001 4033 4002
f 4002 4033 4034
f 4002 4034 4003
f 4003 4034 4035
f 4003 4035 4004
f 4004 4035 4036
f 4004 4036 4005
f 4005 4036 4037
f 4005 4037 4006
f 4006 4037 4038
f 4006 4038 4007
f 4007 4038 4039
f 4007 4039 4008
f 4008 4039 4040
f 4008 4040 4009
f 4009 4040 4041
f 4009 4041 4010
f 4010 4041 4042
f 4010 4042 4011
f 4011 4042 4043
f 4011 4043 4012
f 4012 4043 4044
f 4012 4044 4013
f 4013 4044 4045
f 4013 4045 4014
f 4014 4045 4046
f 4014 4046 4015
f 4015 4046 4047
f 4015 4047 4016
f 4016 4047 4048
f 4016 4048 4017
f 4017 4048 4049
f 4017 4049 4018
f 4018 4049 4050
f 4018 4050 4019
f 4019 4050 4051
f 4019 4051 4020
f 4020 4051 4052
f 4020 4052 4021
f 4021 4052 4053
f 4021 4053 4022
f 4022 4053 4054
f 4022 4054 4023
f 4023 4054 4055
f 4023 4055 4024
f 4024 4055 4056
f 4024 4056 3993
f 3993 4056 4025
f 4025 4057 4026
f 4026 4057 4058
f 4026 4058 4027
f 4027 4058 4059
f 4027 4059 4028
f 4028 4059 4060
f 4028 4060 4029
f 4029 4060 4061
f 4029 4061 4030
f 4030 4061 4062
f 4030 4062 4031
f 4031 4062 4063
f 4031 4063 4032
f 4032 4063 4064
f 4032 4064 4033
f 4033 4064 4065
f 4033 4065 4034
f 4034 4065 4066
f 4034 4066 4035
f 4035 4066 4067
f 4035 4067 4036
f 4036 4067 4068
f 4036 4068 4037
f 4037 4068 4069
f 4037 4069 4038
f 4038 4069 4070
f 4038 4070 4039
f 4039 4070 4071
f 4039 4071 4040
f 4040 4071 4072
f 4040 4072 4041
f 4041 4072 4073
f 4041 4073 4042
f 4042 4073 4074
f 4042 4074 4043
f 4043 4074 4075
f 4043 4075 4044
f 4044 4075 4076
f 4044 4076 4045
f 4045 4076 4077
f 4045 4077 4046
f 4046 4077 4078
f 4046 4078 4047
f 4047 4078 4079
f 4047 4079 4048
f 4048 4079 4080
f 4048 4080 4049
f 4049 4080 4081
f 4049 4081 4050
f 4050 4081 4082
f 4050 4082 4051
f 4051 4082 4083
f 4051 4083 4052
f 4052 4083 4084
f 4052 4084 4053
f 4053 4084 4085
f 4053 4085 4054
f 4054 4085 4086
f 4054 4086 4055
f 4055 4086 4087
f 4055 4087 4056
f 4056 4087 4088
f 4056 4088 4025
f 4025 4088 4057
f 4057 4089 4058
f 4058 4089 4090
f 4058 4090 4059
f 4059 4090 4091
f 4059 4091 4060
f 4060 4091 4092
f 4060 4092 4061
f 4061 4092 4093
f 4061 4093 4062
f 4062 4093 4094
f 4062 4094 4063
f 4063 4094 4095
f 4063 4095 4064
f 4064 4095 4096
f 4064 4096 4065
f 4065 4096 4097
f 4065 4097 4066
f 4066 4097 4098
f 4066 4098 4067
f 4067 4098 4099
f 4067 4099 4068
f 4068 4099 4100
f 4068 4100 4069
f 4069 4100 4101
f 4069 4101 4070
f 4070 4101 4102
f 4070 4102 4071
f 4071 4102 4103
f 4071 4103 4072
f 4072 4103 4104
f 4072 4104 4073
f 4073 4104 4105
f 4073 4105 4074
f 4074 4105 4106
f 4074 4106 4075
f 4075 4106 4107
f 4075 4107 4076
f 4076 4107 4108
f 4076 4108 4077
f 4077 4108 4109
f 4077 4109 4078
f 4078 4109 4110
f 4078 4110 4079
f 4079 4110 4111
f 4079 4111 4080
f 4080 4111 4112
f 4080 4112 4081
f 4081 4112 4113
f 4081 4113 4082
f 4082 4113 4114
f 4082 4114 4083
f 4083 4114 4115
f 4083 4115 4084
f 4084 4115 4116
f 4084 4116 4085
f 4085 4116 4117
f 4085 4117 4086
f 4086 4117 4118
f 4086 4118 4087
f 4087 4118 4119
f 4087 4119 4088
f 4088 4119 4120
f 4088 4120 4057
f 4057 4120 4089
f 4089 4121 4090
f 4090 4121 4122
f 4090 4122 4091
f 4091 4122 4123
f 4091 4123 4092
f 4092 4123 4124
f 4092 4124 4093
f 4093 4124 4125
f 4093 4125 4094
f 4094 4125 4126
f 4094 4126 4095
f 4095 4126 4127
f 4095 4127 4096
f 4096 4127 4128
f 4096 4128 4097
f 4097 4128 4129
f 4097 4129 4098
f 4098 4129 4130
f 4098 4130 4099
f 4099 4130 4131
f 4099 4131 4100
f 4100 4131 4132
f 4100 4132 4101
f 4101 4132 4133
f 4101 4133 4102
f 4102 4133 4134
f 4102 4134 4103
f 4103 4134 4135
f 4103 4135 4104
f 4104 4135 4136
f 4104 4136 4105
f 4105 4136 4137
f 4105 4137 4106
f 4106 4137 4138
f 4106 4138 4107
f 4107 4138 4139
f 4107 4139 4108
f 4108 4139 4140
f 4108 4140 4109
f 4109 4140 4141
f 4109 4141 4110
f 4110 4141 4142
f 4110 4142 4111
f 4111 4142 4143
f 4111 4143 4112
f 4112 4143 4144
f 4112 4144 4113
f 4113 4144 4145
f 4113 4145 4114
f 4114 4145 4146
f 4114 4146 4115
f 4115 4146 4147
f 4115 4147 4116
f 4116 4147 4148
f 4116 4148 4117
f 4117 4148 4149
f 4117 4149 4118
f 4118 4149 4150
f 4118 4150 4119
f 4119 4150 4151
f 4119 4151 4120
f 4120 4151 4152
f 4120 4152 4089
f 4089 4152 4121
f 4121 4153 4122
f 4122 4153 4154
f 4122 4154 4123
f 4123 4154 4155
f 4123 4155 4124
f 4124 4155 4156
f 4124 4156 4125
f 4125 4156 4157
f 4125 4157 4126
f 4126 4157 4158
f 4126 4158 4127
f 4127 4158 4159
f 4127 4159 4128
f 4128 4159 4160
f 4128 4160 4129
f 4129 4160 4161
f 4129 4161 4130
f 4130 4161 4162
f 4130 4162 4131
f 4131 4162 4163
f 4131 4163 4132
f 4132 4163 4164
f 4132 4164 4133
f 4133 4164 4165
f 4133 4165 4134
f 4134 4165 4166
f 4134 4166 4135
f 4135 4166 4167
f 4135 4167 4136
f 4136 4167 4168
f 4136 4168 4137
f 4137 4168 4169
f 4137 4169 4138
f 4138 4169 4170
f 4138 4170 4139
f 4139 4170 4171
f 4139 4171 4140
f 4140 4171 4172
f 4140 4172 4141
f 4141 4172 4173
f 4141 4173 4142
f 4142 4173 4174
f 4142 4174 4143
f 4143 4174 4175
f 4143 4175 4144
f 4144 4175 4176
f 4144 4176 4145
f 4145 4176 4177
f 4145 4177 4146
f 4146 4177 4178
f 4146 4178 4147
f 4147 4178 4179
f 4147 4179 4148
f 4148 4179 4180
f 4148 4180 4149
f 4149 4180 4181
f 4149 4181 4150
f 4150 4181 4182
f 4150 4182 4151
f 4151 4182 4183
f 4151 4183 4152
f 4152 4183 4184
f 4152 4184 4121
f 4121 4184 4153
f 4153 4185 4154
f 4154 4185 4186
f 4154 4186 4155
f 4155 4186 4187
f 4155 4187 4156
f 4156 4187 4188
f 4156 4188 4157
f 4157 4188 4189
f 4157 4189 4158
f 4158 4189 4190
f 4158 4190 4159
f 4159 4190 4191
f 4159 4191 4160
f 4160 4191 4192
f 4160 4192 4161
f 4161 4192 4193
f 4161 4193 4162
f 4162 4193 4194
f 4162 4194 4163
f 4163 4194 4195
f 4163 4195 4164
f 4164 4195 4196
f 4164 4196 4165
f 4165 4196 4197
f 4165 4197 4166
f 4166 4197 4198
f 4166 4198 4167
f 4167 4198 4199
f 4167 4199 4168
f 4168 4199 4200
f 4168 4200 4169
f 4169 4200 4201
f 4169 4201 4170
f 4170 4201 4202
f 4170 4202 4171
f 4171 4202 4203
f 4171 4203 4172
f 4172 4203 4204
f 4172 4204 4173
f 4173 4204 4205
f 4173 4205 4174
f 4174 4205 4206
f 4174 4206 4175
f 4175 4206 4207
f 4175 4207 4176
f 4176 4207 4208
f 4176 4208 4177
f 4177 4208 4209
f 4177 4209 4178
f 4178 4209 4210
f 4178 4210 4179
f 4179 4210 4211
f 4179 4211 4180
f 4180 4211 4212
f 4180 4212 4181
f 4181 4212 4213
f 4181 4213 4182
f 4182 4213 4214
f 4182 4214 4183
f 4183 4214 4215
f 4183 4215 4184
f 4184 4215 4216
f 4184 4216 4153
f 4153 4216 4185
f 4185 4217 4186
f 4186 4217 4218
f 4186 4218 4187
f 4187 4218 4219
f 4187 4219 4188
f 4188 4219 4220
f 4188 4220 4189
f 4189 4220 4221
f 4189 4221 4190
f 4190 4221 4222
f 4190 4222 4191
f 4191 4222 4223
f 4191 4223 4192
f 4192 4223 4224
f 4192 4224 4193
f 4193 4224 4225
f 4193 4225 4194
f 4194 4225 4226
f 4194 4226 4195
f 4195 4226 4227
f 4195 4227 4196
f 4196 4227 4228
f 4196 4228 4197
f 4197 4228 4229
f 4197 4229 4198
f 4198 4229 4230
f 4198 4230 4199
f 4199 4230 4231
f 4199 4231 4200
f 4200 4231 4232
f 4200 4232 4201
f 4201 4232 4233
f 4201 4233 4202
f 4202 4233 4234
f 4202 4234 4203
f 4203 4234 4235
f 4203 4235 4204
f 4204 4235 4236
f 4204 4236 4205
f 4205 4236 4237
f 4205 4237 4206
f 4206 4237 4238
f 4206 4238 4207
f 4207 4238 4239
f 4207 4239 4208
f 4208 4239 4240
f 4208 4240 4209
f 4209 4240 4241
f 4209 4241 4210
f 4210 4241 4242
f 4210 4242 4211
f 4211 4242 4243
f 4211 4243 4212
f 4212 4243 4244
f 4212 4244 4213
f 4213 4244 4245
f 4213 4245 4214
f 4214 4245 4246
f 4214 4246 4215
f 4215 4246 4247
f 4215 4247 4216
f 4216 4247 4248
f 4216 4248 4185
f 4185 4248 4217
f 4217 4249 4218
f 4218 4249 4250
f 4218 4250 4219
f 4219 4250 4251
f 4219 4251 4220
f 4220 4251 4252
f 4220 4252 4221
f 4221 4252 4253
f 4221 4253 4222
f 4222 4253 4254
f 4222 4254 4223
f 4223 4254 4255
f 4223 4255 4224
f 4224 4255 4256
f 4224 4256 4225
f 4225 4256 4257
f 4225 4257 4226
f 4226 4257 4258
f 4226 4258 4227
f 4227 4258 4259
f 4227 4259 4228
f 4228 4259 4260
f 4228 4260 4229
f 4229 4260 4261
f 4229 4261 4230
f 4230 4261 4262
f 4230 4262 4231
f 4231 4262 4263
f 4231 4263 4232
f 4232 4263 4264
f 4232 4264 4233
f 4233 4264 4265
f 4233 4265 4234
f 4234 4265 4266
f 4234 4266 4235
f 4235 4266 4267
f 4235 4267 4236
f 4236 4267 4268
f 4236 4268 4237
f 4237 4268 4269
f 4237 4269 4238
f 4238 4269 4270
f 4238 4270 4239
f 4239 4270 4271
f 4239 4271 4240
f 4240 4271 4272
f 4240 4272 4241
f 4241 4272 4273
f 4241 4273 4242
f 4242 4273 4274
f 4242 4274 4243
f 4243 4274 4275
f 4243 4275 4244
f 4244 4275 4276
f 4244 4276 4245
f 4245 4276 4277
f 4245 4277 4246
f 4246 4277 4278
f 4246 4278 4247
f 4247 4278 4279
f 4247 4279 4248
f 4248 4279 4280
f 4248 4280 4217
f 4217 4280 4249
f 4249 4281 4250
f 4250 4281 4282
f 4250 4282 4251
f 4251 4282 4283
f 4251 4283 4252
f 4252 4283 4284
f 4252 4284 4253
f 4253 4284 4285
f 4253 4285 4254
f 4254 4285 4286
f 4254 4286 4255
f 4255 4286 4287
f 4255 4287 4256
f 4256 4287 4288
f 4256 4288 4257
f 4257 4288 4289
f 4257 4289 4258
f 4258 4289 4290
f 4258 4290 4259
f 4259 4290 4291
f 4259 4291 4260
f 4260 4291 4292
f 4260 4292 4261
f 4261 4292 4293
f 4261 4293 4262
f 4262 4293 4294
f 4262 4294 4263
f 4263 4294 4295
f 4263 4295 4264
f 4264 4295 4296
f 4264 4296 4265
f 4265 4296 4297
f 4265 4297 4266
f 4266 4297 4298
f 4266 4298 4267
f 4267 4298 4299
f 4267 4299 4268
f 4268 4299 4300
f 4268 4300 4269
f 4269 4300 4301
f 4269 4301 4270
f 4270 4301 4302
f 4270 4302 4271
f 4271 4302 4303
f 4271 4303 4272
f 4272 4303 4304
f 4272 4304 4273
f 4273 4304 4305
f 4273 4305 4274
f 4274 4305 4306
f 4274 4306 4275
f 4275 4306 4307
f 4275 4307 4276
f 4276 4307 4308
f 4276 4308 4277
f 4277 4308 4309
f 4277 4309 4278
f 4278 4309 4310
f 4278 4310 4279
f 4279 4310 4311
f 4279 4311 4280
f 4280 4311 4312
f 4280 4312 4249
f 4249 4312 4281
f 4281 4313 4282
f 4282 4313 4314
f 4282 4314 4283
f 4283 4314 4315
f 4283 4315 4284
f 4284 4315 4316
f 4284 4316 4285
f 4285 4316 4317
f 4285 4317 4286
f 4286 4317 4318
f 4286 4318 4287
f 4287 4318 4319
f 4287 4319 4288
f 4288 4319 4320
f 4288 4320 4289
f 4289 4320 4321
f 4289 4321 4290
f 4290 4321 4322
f 4290 4322 4291
f 4291 4322 4323
f 4291 4323 4292
f 4292 4323 4324
f 4292 4324 4293
f 4293 4324 4325
f 4293 4325 4294
f 4294 4325 4326
f 4294 4326 4295
f 4295 4326 4327
f 4295 4327 4296
f 4296 4327 4328
f 4296 4328 4297
f 4297 4328 4329
f 4297 4329 4298
f 4298 4329 4330
f 4298 4330 4299
f 4299 4330 4331
f 4299 4331 4300
f 4300 4331 4332
f 4300 4332 4301
f 4301 4332 4333
f 4301 4333 4302
f 4302 4333 4334
f 4302 4334 4303
f 4303 4334 4335
f 4303 4335 4304
f 4304 4335 4336
f 4304 4336 4305
f 4305 4336 4337
f 4305 4337 4306
f 4306 4337 4338
f 4306 4338 4307
f 4307 4338 4339
f 4307 4339 4308
f 4308 4339 4340
f 4308 4340 4309
f 4309 4340 4341
f 4309 4341 4310
f 4310 4341 4342
f 4310 4342 4311
f 4311 4342 4343
f 4311 4343 4312
f 4312 4343 4344
f 4312 4344 4281
f 4281 4344 4313
f 4313 4345 4314
f 4314 4345 4346
f 4314 4346 4315
f 4315 4346 4347
f 4315 4347 4316
f 4316 4347 4348
f 4316 4348 4317
f 4317 4348 4349
f 4317 4349 4318
f 4318 4349 4350
f 4318 4350 4319
f 4319 4350 4351
f 4319 4351 4320
f 4320 4351 4352
f 4320 4352 4321
f 4321 4352 4353
f 4321 4353 4322
f 4322 4353 4354
f 4322 4354 4323
f 4323 4354 4355
f 4323 4355 4324
f 4324 4355 4356
f 4324 4356 4325
f 4325 4356 4357
f 4325 4357 4326
f 4326 4357 4358
f 4326 4358 4327
f 4327 4358 4359
f 4327 4359 4328
f 4328 4359 4360
f 4328 4360 4329
f 4329 4360 4361
f 4329 4361 4330
f 4330 4361 4362
f 4330 4362 4331
f 4331 4362 4363
f 4331 4363 4332
f 4332 4363 4364
f 4332 4364 4333
f 4333 4364 4365
f 4333 4365 4334
f 4334 4365 4366
f 4334 4366 4335
f 4335 4366 4367
f 4335 4367 4336
f 4336 4367 4368
f 4336 4368 4337
f 4337 4368 4369
f 4337 4369 4338
f 4338 4369 4370
f 4338 4370 4339
f 4339 4370 4371
f 4339 4371 4340
f 4340 4371 4372
f 4340 4372 4341
f 4341 4372 4373
f 4341 4373 4342
f 4342 4373 4374
f 4342 4374 4343
f 4343 4374 4375
f 4343 4375 4344
f 4344 4375 4376
f 4344 4376 4313
f 4313 4376 4345
f 4345 4377 4346
f 4346 4377 4378
f 4346 4378 4347
f 4347 4378 4379
f 4347 4379 4348
f 4348 4379 4380
f 4348 4380 4349
f 4349 4380 4381
f 4349 4381 4350
f 4350 4381 4382
f 4350 4382 4351
f 4351 4382 4383
f 4351 4383 4352
f 4352 4383 4384
f 4352 4384 4353
f 4353 4384 4385
f 4353 4385 4354
f 4354 4385 4386
f 4354 4386 4355
f 4355 4386 4387
f 4355 4387 4356
f 4356 4387 4388
f 4356 4388 4357
f 4357 4388 4389
f 4357 4389 4358
f 4358 4389 4390
f 4358 4390 4359
f 4359 4390 4391
f 4359 4391 4360
f 4360 4391 4392
f 4360 4392 4361
f 4361 4392 4393
f 4361 4393 4362
f 4362 4393 4394
f 4362 4394 4363
f 4363 4394 4395
f 4363 4395 4364
f 4364 4395 4396
f 4364 4396 4365
f 4365 4396 4397
f 4365 4397 4366
f 4366 4397 4398
f 4366 4398 4367
f 4367 4398 4399
f 4367 4399 4368
f 4368 4399 4400
f 4368 4400 4369
f 4369 4400 4401
f 4369 4401 4370
f 4370 4401 4402
f 4370 4402 4371
f 4371 4402 4403
f 4371 4403 4372
f 4372 4403 4404
f 4372 4404 4373
f 4373 4404 4405
f 4373 4405 4374
f 4374 4405 4406
f 4374 4406 4375
f 4375 4406 4407
f 4375 4407 4376
f 4376 4407 4408
f 4376 4408 4345
f 4345 4408 4377
f 4377 4409 4378
f 4378 4409 4410
f 4378 4410 4379
f 4379 4410 4411
f 4379 4411 4380
f 4380 4411 4412
f 4380 4412 4381
f 4381 4412 4413
f 4381 4413 4382
f 4382 4413 4414
f 4382 4414 4383
f 4383 4414 4415
f 4383 4415 4384
f 4384 4415 4416
f 4384 4416 4385
f 4385 4416 4417
f 4385 4417 4386
f 4386 4417 4418
f 4386 4418 4387
f 4387 4418 4419
f 4387 4419 4388
f 4388 4419 4420
f 4388 4420 4389
f 4389 4420 4421
f 4389 4421 4390
f 4390 4421 4422
f 4390 4422 4391
f 4391 4422 4423
f 4391 4423 4392
f 4392 4423 4424
f 4392 4424 4393
f 4393 4424 4425
f 4393 4425 4394
f 4394 4425 4426
f 4394 4426 4395
f 4395 4426 4427
f 4395 4427 4396
f 4396 4427 4428
f 4396 4428 4397
f 4397 4428 4429
f 4397 4429 4398
f 4398 4429 4430
f 4398 4430 4399
f 4399 4430 4431
f 4399 4431 4400
f 4400 4431 4432
f 4400 4432 4401
f 4401 4432 4433
f 4401 4433 4402
f 4402 4433 4434
f 4402 4434 4403
f 4403 4434 4435
f 4403 4435 4404
f 4404 4435 4436
f 4404 4436 4405
f 4405 4436 4437
f 4405 4437 4406
f 4406 4437 4438
f 4406 4438 4407
f 4407 4438 4439
f 4407 4439 4408
f 4408 4439 4440
f 4408 4440 4377
f 4377 4440 4409
f 4409 4441 4410
f 4410 4441 4442
f 4410 4442 4411
f 4411 4442 4443
f 4411 4443 4412
f 4412 4443 4444
f 4412 4444 4413
f 4413 4444 4445
f 4413 4445 4414
f 4414 4445 4446
f 4414 4446 4415
f 4415 4446 4447
f 4415 4447 4416
f 4416 4447 4448
f 4416 4448 4417
f 4417 4448 4449
f 4417 4449 4418
f 4418 4449 4450
f 4418 4450 4419
f 4419 4450 4451
f 4419 4451 4420
f 4420 4451 4452
f 4420 4452 4421
f 4421 4452 4453
f 4421 4453 4422
f 4422 4453 4454
f 4422 4454 4423
f 4423 4454 4455
f 4423 4455 4424
f 4424 4455 4456
f 4424 4456 4425
f 4425 4456 4457
f 4425 4457 4426
f 4426 4457 4458
f 4426 4458 4427
f 4427 4458 4459
f 4427 4459 4428
f 4428 4459 4460
f 4428 4460 4429
f 4429 4460 4461
f 4429 4461 4430
f 4430 4461 4462
f 4430 4462 4431
f 4431 4462 4463
f 4431 4463 4432
f 4432 4463 4464
f 4432 4464 4433
f 4433 4464 4465
f 4433 4465 4434
f 4434 4465 4466
f 4434 4466 4435
f 4435 4466 4467
f 4435 4467 4436
f 4436 4467 4468
f 4436 4468 4437
f 4437 4468 4469
f 4437 4469 4438
f 4438 4469 4470
f 4438 4470 4439
f 4439 4470 4471
f 4439 4471 4440
f 4440 4471 4472
f 4440 4472 4409
f 4409 4472 4441
f 4441 4473 4442
f 4442 4473 4474
f 4442 4474 4443
f 4443 4474 4475
f 4443 4475 4444
f 4444 4475 4476
f 4444 4476 4445
f 4445 4476 4477
f 4445 4477 4446
f 4446 4477 4478
f 4446 4478 4447
f 4447 4478 4479
f 4447 4479 4448
f 4448 4479 4480
f 4448 4480 4449
f 4449 4480 4481
f 4449 4481 4450
f 4450 4481 4482
f 4450 4482 4451
f 4451 4482 4483
f 4451 4483 4452
f 4452 4483 4484
f 4452 4484 4453
f 4453 4484 4485
f 4453 4485 4454
f 4454 4485 4486
f 4454 4486 4455
f 4455 4486 4487
f 4455 4487 4456
f 4456 4487 4488
f 4456 4488 4457
f 4457 4488 4489
f 4457 4489 4458
f 4458 4489 4490
f 4458 4490 4459
f 4459 4490 4491
f 4459 4491 4460
f 4460 4491 4492
f 4460 4492 4461
f 4461 4492 4493
f 4461 4493 4462
f 4462 4493 4494
f 4462 4494 4463
f 4463 4494 4495
f 4463 4495 4464
f 4464 4495 4496
f 4464 4496 4465
f 4465 4496 4497
f 4465 4497 4466
f 4466 4497 4498
f 4466 4498 4467
f 4467 4498 4499
f 4467 4499 4468
f 4468 4499 4500
f 4468 4500 4469
f 4469 4500 4501
f 4469 4501 4470
f 4470 4501 4502
f 4470 4502 4471
f 4471 4502 4503
f 4471 4503 4472
f 4472 4503 4504
f 4472 4504 4441
f 4441 4504 4473
f 4473 4505 4474
f 4474 4505 4506
f 4474 4506 4475
f 4475 4506 4507
f 4475 4507 4476
f 4476 4507 4508
f 4476 4508 4477
f 4477 4508 4509
f 4477 4509 4478
f 4478 4509 4510
f 4478 4510 4479
f 4479 4510 4511
f 4479 4511 4480
f 4480 4511 4512
f 4480 4512 4481
f 4481 4512 4513
f 4481 4513 4482
f 4482 4513 4514
f 4482 4514 4483
f 4483 4514 4515
f 4483 4515 4484
f 4484 4515 4516
f 4484 4516 4485
f 4485 4516 4517
f 4485 4517 4486
f 4486 4517 4518
f 4486 4518 4487
f 4487 4518 4519
f 4487 4519 4488
f 4488 4519 4520
f 4488 4520 4489
f 4489 4520 4521
f 4489 4521 4490
f 4490 4521 4522
f 4490 4522 4491
f 4491 4522 4523
f 4491 4523 4492
f 4492 4523 4524
f 4492 4524 4493
f 4493 4524 4525
f 4493 4525 4494
f 4494 4525 4526
f 4494 4526 4495
f 4495 4526 4527
f 4495 4527 4496
f 4496 4527 4528
f 4496 4528 4497
f 4497 4528 4529
f 4497 4529 4498
f 4498 4529 4530
f 4498 4530 4499
f 4499 4530 4531
f 4499 4531 4500
f 4500 4531 4532
f 4500 4532 4501
f 4501 4532 4533
f 4501 4533 4502
f 4502 4533 4534
f 4502 4534 4503
f 4503 4534 4535
f 4503 4535 4504
f 4504 4535 4536
f 4504 4536 4473
f 4473 4536 4505
f 4505 4537 4506
f 4506 4537 4538
f 4506 4538 4507
f 4507 4538 4539
f 4507 4539 4508
f 4508 4539 4540
f 4508 4540 4509
f 4509 4540 4541
f 4509 4541 4510
f 4510 4541 4542
f 4510 4542 4511
f 4511 4542 4543
f 4511 4543 4512
f 4512 4543 4544
f 4512 4544 4513
f 4513 4544 4545
f 4513 4545 4514
f 4514 4545 4546
f 4514 4546 4515
f 4515 4546 4547
f 4515 4547 4516
f 4516 4547 4548
f 4516 4548 4517
f 4517 4548 4549
f 4517 4549 4518
f 4518 4549 4550
f 4518 4550 4519
f 4519 4550 4551
f 4519 4551 4520
f 4520 4551 4552
f 4520 4552 4521
f 4521 4552 4553
f 4521 4553 4522
f 4522 4553 4554
f 4522 4554 4523
f 4523 4554 4555
f 4523 4555 4524
f 4524 4555 4556
f 4524 4556 4525
f 4525 4556 4557
f 4525 4557 4526
f 4526 4557 4558
f 4526 4558 4527
f 4527 4558 4559
f 4527 4559 4528
f 4528 4559 4560
f 4528 4560 4529
f 4529 4560 4561
f 4529 4561 4530
f 4530 4561 4562
f 4530 4562 4531
f 4531 4562 4563
f 4531 4563 4532
f 4532 4563 4564
f 4532 4564 4533
f 4533 4564 4565
f 4533 4565 4534
f 4534 4565 4566
f 4534 4566 4535
f 4535 4566 4567
f 4535 4567 4536
f 4536 4567 4568
f 4536 4568 4505
f 4505 4568 4537
f 4537 4569 4538
f 4538 4569 4570
f 4538 4570 4539
f 4539 4570 4571
f 4539 4571 4540
f 4540 4571 4572
f 4540 4572 4541
f 4541 4572 4573
f 4541 4573 4542
f 4542 4573 4574
f 4542 4574 4543
f 4543 4574 4575
f 4543 4575 4544
f 4544 4575 4576
f 4544 4576 4545
f 4545 4576 4577
f 4545 4577 4546
f 4546 4577 4578
f 4546 4578 4547
f 4547 4578 4579
f 4547 4579 4548
f 4548 4579 4580
f 4548 4580 4549
f 4549 4580 4581
f 4549 4581 4550
f 4550 4581 4582
f 4550 4582 4551
f 4551 4582 4583
f 4551 4583 4552
f 4552 4583 4584
f 4552 4584 4553
f 4553 4584 4585
f 4553 4585 4554
f 4554 4585 4586
f 4554 4586 4555
f 4555 4586 4587
f 4555 4587 4556
f 4556 4587 4588
f 4556 4588 4557
f 4557 4588 4589
f 4557 4589 4558
f 4558 4589 4590
f 4558 4590 4559
f 4559 4590 4591
f 4559 4591 4560
f 4560 4591 4592
f 4560 4592 4561
f 4561 4592 4593
f 4561 4593 4562
f 4562 4593 4594
f 4562 4594 4563
f 4563 4594 4595
f 4563 4595 4564
f 4564 4595 4596
f 4564 4596 4565
f 4565 4596 4597
f 4565 4597 4566
f 4566 4597 4598
f 4566 4598 4567
f 4567 4598 4599
f 4567 4599 4568
f 4568 4599 4600
f 4568 4600 4537
f 4537 4600 4569
f 4569 4601 4570
f 4570 4601 4602
f 4570 4602 4571
f 4571 4602 4603
f 4571 4603 4572
f 4572 4603 4604
f 4572 4604 4573
f 4573 4604 4605
f 4573 4605 4574
f 4574 4605 4606
f 4574 4606 4575
f 4575 4606 4607
f 4575 4607 4576
f 4576 4607 4608
f 4576 4608 4577
f 4577 4608 4609
f 4577 4609 4578
f 4578 4609 4610
f 4578 4610 4579
f 4579 4610 4611
f 4579 4611 4580
f 4580 4611 4612
f 4580 4612 4581
f 4581 4612 4613
f 4581 4613 4582
f 4582 4613 4614
f 4582 4614 4583
f 4583 4614 4615
f 4583 4615 4584
f 4584 4615 4616
f 4584 4616 4585
f 4585 4616 4617
f 4585 4617 4586
f 4586 4617 4618
f 4586 4618 4587
f 4587 4618 4619
f 4587 4619 4588
f 4588 4619 4620
f 4588 4620 4589
f 4589 4620 4621
f 4589 4621 4590
f 4590 4621 4622
f 4590 4622 4591
f 4591 4622 4623
f 4591 4623 4592
f 4592 4623 4624
f 4592 4624 4593
f 4593 4624 4625
f 4593 4625 4594
f 4594 4625 4626
f 4594 4626 4595
f 4595 4626 4627
f 4595 4627 4596
f 4596 4627 4628
f 4596 4628 4597
f 4597 4628 4629
f 4597 4629 4598
f 4598 4629 4630
f 4598 4630 4599
f 4599 4630 4631
f 4599 4631 4600
f 4600 4631 4632
f 4600 4632 4569
f 4569 4632 4601
f 4601 3609 4602
f 4602 3609 3610
f 4602 3610 4603
f 4603 3610 3611
f 4603 3611 4604
f 4604 3611 3612
f 4604 3612 4605
f 4605 3612 3613
f 4605 3613 4606
f 4606 3613 3614
f 4606 3614 4607
f 4607 3614 3615
f 4607 3615 4608
f 4608 3615 3616
f 4608 3616 4609
f 4609 3616 3617
f 4609 3617 4610
f 4610 3617 3618
f 4610 3618 4611
f 4611 3618 3619
f 4611 3619 4612
f 4612 3619 3620
f 4612 3620 4613
f 4613 3620 3621
f 4613 3621 4614
f 4614 3621 3622
f 4614 3622 4615
f 4615 3622 3623
f 4615 3623 4616
f 4616 3623 3624
f 4616 3624 4617
f 4617 3624 3625
f 4617 3625 4618
f 4618 3625 3626
f 4618 3626 4619
f 4619 3626 3627
f 4619 3627 4620
f 4620 3627 3628
f 4620 3628 4621
f 4621 3628 3629
f 4621 3629 4622
f 4622 3629 3630
f 4622 3630 4623
f 4623 3630 3631
f 4623 3631 4624
f 4624 3631 3632
f 4624 3632 4625
f 4625 3632 3633
f 4625 3633 4626
f 4626 3633 3634
f 4626 3634 4627
f 4627 3634 3635
f 4627 3635 4628
f 4628 3635 3636
f 4628 3636 4629
f 4629 3636 3637
f 4629 3637 4630
f 4630 3637 3638
f 4630 3638 4631
f 4631 3638 3639
f 4631 3639 4632
f 4632 3639 3640
f 4632 3640 4601
f 4601 3640 3609
f 4634 4633 4637
f 4634 4637 4635
f 4635 4637 4638
f 4635 4638 4636
f 4637 4633 4639
f 4637 4639 4638
f 4638 4639 4640
f 4638 4640 4636
f 4639 4633 4641
f 4639 4641 4640
f 4640 4641 4642
f 4640 4642 4636
f 4641 4633 4634
f 4641 4634 4642
f 4642 4634 4635
f 4642 4635 4636
f 4644 4643 4647
f 4644 4647 4645
f 4645 4647 4648
f 4645 4648 4646
f 4647 4643 4649
f 4647 4649 4648
f 4648 4649 4650
f 4648 4650 4646
f 4649 4643 4651
f 4649 4651 4650
f 4650 4651 4652
f 4650 4652 4646
f 4651 4643 4653
f 4651 4653 4652
f 4652 4653 4654
f 4652 4654 4646
f 4653 4643 4655
f 4653 4655 4654
f 4654 4655 4656
f 4654 4656 4646
f 4655 4643 4657
f 4655 4657 4656
f 4656 4657 4658
f 4656 4658 4646
f 4657 4643 4644
f 4657 4644 4658
f 4658 4644 4645
f 4658 4645 4646
f 4660 4659 4663
f 4660 4663 4661
f 4661 4663 4664
f 4661 4664 4662
f 4663 4659 4665
f 4663 4665 4664
f 4664 4665 4666
f 4664 4666 4662
f 4665 4659 4667
f 4665 4667 4666
f 4666 4667 4668
f 4666 4668 4662
f 4667 4659 4660
f 4667 4660 4668
f 4668 4660 4661
f 4668 4661 4662
f 4670 4669 4673
f 4670 4673 4671
f 4671 4673 4674
f 4671 4674 4672
f 4673 4669 4675
f 4673 4675 4674
f 4674 4675 4676
f 4674 4676 4672
f 4675 4669 4677
f 4675 4677 4676
f 4676 4677 4678
f 4676 4678 4672
f 4677 4669 4679
f 4677 4679 4678
f 4678 4679 4680
f 4678 4680 4672
f 4679 4669 4681
f 4679 4681 4680
f 4680 4681 4682
f 4680 4682 4672
f 4681 4669 4683
f 4681 4683 4682
f 4682 4683 4684
f 4682 4684 4672
f 4683 4669 4670
f 4683 4670 4684
f 4684 4670 4671
f 4684 4671 4672
f 4686 4685 4689
f 4686 4689 4687
f 4687 4689 4690
f 4687 4690 4688
f 4689 4685 4691
f 4689 4691 4690
f 4690 4691 4692
f 4690 4692 4688
f 4691 4685 4693
f 4691 4693 4692
f 4692 4693 4694
f 4692 4694 4688
f 4693 4685 4686
f 4693 4686 4694
f 4694 4686 4687
f 4694 4687 4688
f 4696 4695 4699
f 4696 4699 4697
f 4697 4699 4700
f 4697 4700 4698
f 4699 4695 4701
f 4699 4701 4700
f 4700 4701 4702
f 4700 4702 4698
f 4701 4695 4703
f 4701 4703 4702
f 4702 4703 4704
f 4702 4704 4698
f 4703 4695 4705
f 4703 4705 4704
f 4704 4705 4706
f 4704 4706 4698
f 4705 4695 4707
f 4705 4707 4706
f 4706 4707 4708
f 4706 4708 4698
f 4707 4695 4709
f 4707 4709 4708
f 4708 4709 4710
f 4708 4710 4698
f 4709 4695 4696
f 4709 4696 4710
f 4710 4696 4697
f 4710 4697 4698
f 4712 4711 4715
f 4712 4715 4713
f 4713 4715 4716
f 4713 4716 4714
f 4715 4711 4717
f 4715 4717 4716
f 4716 4717 4718
f 4716 4718 4714
f 4717 4711 4719
f 4717 4719 4718
f 4718 4719 4720
f 4718 4720 4714
f 4719 4711 4721
f 4719 4721 4720
f 4720 4721 4722
f 4720 4722 4714
f 4721 4711 4723
f 4721 4723 4722
f 4722 4723 4724
f 4722 4724 4714
f 4723 4711 4725
f 4723 4725 4724
f 4724 4725 4726
f 4724 4726 4714
f 4725 4711 4712
f 4725 4712 4726
f 4726 4712 4713
f 4726 4713 4714
f 4728 4727 4731
f 4728 4731 4729
f 4729 4731 4732
f 4729 4732 4730
f 4731 4727 4733
f 4731 4733 4732
f 4732 4733 4734
f 4732 4734 4730
f 4733 4727 4735
f 4733 4735 4734
f 4734 4735 4736
f 4734 4736 4730
f 4735 4727 4737
f 4735 4737 4736
f 4736 4737 4738
f 4736 4738 4730
f 4737 4727 4728
f 4737 4728 4738
f 4738 4728 4729
f 4738 4729 4730
f 4740 4739 4743
f 4740 4743 4741
f 4741 4743 4744
f 4741 4744 4742
f 4743 4739 4745
f 4743 4745 4744
f 4744 4745 4746
f 4744 4746 4742
f 4745 4739 4747
f 4745 4747 4746
f 4746 4747 4748
f 4746 4748 4742
f 4747 4739 4749
f 4747 4749 4748
f 4748 4749 4750
f 4748 4750 4742
f 4749 4739 4751
f 4749 4751 4750
f 4750 4751 4752
f 4750 4752 4742
f 4751 4739 4753
f 4751 4753 4752
f 4752 4753 4754
f 4752 4754 4742
f 4753 4739 4740
f 4753 4740 4754
f 4754 4740 4741
f 4754 4741 4742
f 4756 4755 4759
f 4756 4759 4757
f 4757 4759 4760
f 4757 4760 4758
f 4759 4755 4761
f 4759 4761 4760
f 4760 4761 4762
f 4760 4762 4758
f 4761 4755 4763
f 4761 4763 4762
f 4762 4763 4764
f 4762 4764 4758
f 4763 4755 4765
f 4763 4765 4764
f 4764 4765 4766
f 4764 4766 4758
f 4765 4755 4767
f 4765 4767 4766
f 4766 4767 4768
f 4766 4768 4758
f 4767 4755 4769
f 4767 4769 4768
f 4768 4769 4770
f 4768 4770 4758
f 4769 4755 4756
f 4769 4756 4770
f 4770 4756 4757
f 4770 4757 4758
f 4772 4771 4775
f 4772 4775 4773
f 4773 4775 4776
f 4773 4776 4774
f 4775 4771 4777
f 4775 4777 4776
f 4776 4777 4778
f 4776 4778 4774
f 4777 4771 4779
f 4777 4779 4778
f 4778 4779 4780
f 4778 4780 4774
f 4779 4771 4781
f 4779 4781 4780
f 4780 4781 4782
f 4780 4782 4774
f 4781 4771 4772
f 4781 4772 4782
f 4782 4772 4773
f 4782 4773 4774
f 4784 4783 4787
f 4784 4787 4785
f 4785 4787 4788
f 4785 4788 4786
f 4787 4783 4789
f 4787 4789 4788
f 4788 4789 4790
f 4788 4790 4786
f 4789 4783 4791
f 4789 4791 4790
f 4790 4791 4792
f 4790 4792 4786
f 4791 4783 4793
f 4791 4793 4792
f 4792 4793 4794
f 4792 4794 4786
f 4793 4783 4795
f 4793 4795 4794
f 4794 4795 4796
f 4794 4796 4786
f 4795 4783 4797
f 4795 4797 4796
f 4796 4797 4798
f 4796 4798 4786
f 4797 4783 4784
f 4797 4784 4798
f 4798 4784 4785
f 4798 4785 4786

